[STATE_LOAD] Loading tournament state...
[STATE_LOAD] File timestamp: 2026-06-18T20:59:52.770Z
[STATE_LOAD] Tournament isRunning: true
[STATE_LOAD] StartTime: 2026-06-18T20:43:31.671Z
[STATE_LOAD] Duration limit: 20.0 minutes
[STATE_LOAD] Elapsed since start: 1317.0 minutes
[STATE_LOAD] Remaining time: -1297.0 minutes
[STATE_LOAD] WARNING: Tournament time already expired!
[PLAYER] Persistent engine created for cpu-1 (level -1)
[PLAYER] Persistent engine created for cpu0 (level 0)
[COMPUTER] Initializing Stockfish level 1
[PLAYER] Persistent engine created for cpu1 (level 1)
[COMPUTER] Initializing Stockfish level 2
[PLAYER] Persistent engine created for cpu2 (level 2)
[ChessGame] Constructor called with variant: "standard", startPos: "random", cooldown: 10s
[ChessGame] Standard mode, using setupBoard()
Resuming game game_8 (computers involved)
startGame called. White: computer, Black: computer, Variant: standard
[COMPUTER] All workers ready after 0ms — scheduling first move
[DEBUG_MOVE] Triggering computer move! Retry: 0
[COMPUTER] scheduleComputerMove ignored: black is already thinking.
[ChessGame] Constructor called with variant: "atomic", startPos: "random", cooldown: 10s
[ChessGame] Standard mode, using setupBoard()
[COMPUTER] Initializing Stockfish level 1
[COMPUTER] Initializing Stockfish level 2
[ChessGame] Constructor called with variant: "standard", startPos: "random", cooldown: 10s
[ChessGame] Standard mode, using setupBoard()
[COMPUTER] Initializing Stockfish level 2
[COMPUTER] Initializing Stockfish level 1
Resuming game game_18 (computers involved)
startGame called. White: computer, Black: computer, Variant: standard
State loaded successfully.
[TOURNAMENT_TIMER] Time expired! Elapsed: 1317.0m, Limit: 20.0m
Tournament time expired!

╔══════════════════════════════════════════════════════════════╗
║           Chess Tournament Server Started!                   ║
╚══════════════════════════════════════════════════════════════╝

Local:    http://localhost:3000

LAN Access (for other devices on same WiFi):
          http://192.168.1.71:3000

Share these URLs with other players!

────────────────────────────────────────────────────────────────
[SF_WORKER] Starting...
[SF_WORKER] Starting...
[SF_WORKER] Starting...
[SF_WORKER] Starting...
[SF_WORKER] Starting...
[SF_WORKER] Starting...
[COMPUTER] Workers not ready after 3000ms — scheduling anyway (fallback will handle it)
[DEBUG_MOVE] Triggering computer move! Retry: 0
[COMPUTER] scheduleComputerMove ignored: white is already thinking.
[COMPUTER] Stockfish ready
[SF_WORKER] Stockfish loaded
[SF_WORKER] Ready
[COMPUTER] Stockfish ready
[SF_WORKER] Stockfish loaded
[SF_WORKER] Ready
[COMPUTER] Stockfish ready
[SF_WORKER] Stockfish loaded
[SF_WORKER] Ready
[COMPUTER] Stockfish ready
[SF_WORKER] Stockfish loaded
[SF_WORKER] Ready
[COMPUTER] Stockfish ready
[SF_WORKER] Stockfish loaded
[SF_WORKER] Ready
[COMPUTER] Stockfish ready
[SF_WORKER] Stockfish loaded
[SF_WORKER] Ready
Scores cleared via API, players kept
Start tournament request: 60 minutes
[TOURNAMENT_START] StartTime: 2026-06-19T18:41:23.670Z
[TOURNAMENT_START] Duration: 60.0 minutes (3600000ms)
Tournament started! Duration: 3600000ms, Allow Variants: true, Allowed: standard, freestyle, kungfu, crazyhouse, kingofthehill
[Matchmaking] 0 idle computers, 0 active offers, 1 available players
[OFFER_CREATE] Received: player1=hwan, variant=freestyle, startPos=random
[MATCHMAKING] Processing 1 offers. Computers: cpu-1(busy=true), cpu0(busy=true), cpu1(busy=true), cpu2(busy=true)
[MATCHMAKING] Offer 1 from hwan waiting (1s/10s)
[MATCHMAKING] Processing 1 offers. Computers: cpu-1(busy=true), cpu0(busy=true), cpu1(busy=true), cpu2(busy=true)
[MATCHMAKING] Offer 1 from hwan waiting (2s/10s)
[Matchmaking] 0 idle computers, 1 active offers, 1 available players
[MATCHMAKING] Processing 1 offers. Computers: cpu-1(busy=true), cpu0(busy=true), cpu1(busy=true), cpu2(busy=true)
[MATCHMAKING] Offer 1 from hwan waiting (3s/10s)
[MATCHMAKING] Processing 1 offers. Computers: cpu-1(busy=true), cpu0(busy=true), cpu1(busy=true), cpu2(busy=true)
[MATCHMAKING] Offer 1 from hwan waiting (4s/10s)
[MATCHMAKING] Processing 1 offers. Computers: cpu-1(busy=true), cpu0(busy=true), cpu1(busy=true), cpu2(busy=true)
[MATCHMAKING] Offer 1 from hwan waiting (5s/10s)
[MATCHMAKING] Processing 1 offers. Computers: cpu-1(busy=true), cpu0(busy=true), cpu1(busy=true), cpu2(busy=true)
[MATCHMAKING] Offer 1 from hwan waiting (6s/10s)
[MATCHMAKING] Processing 1 offers. Computers: cpu-1(busy=true), cpu0(busy=true), cpu1(busy=true), cpu2(busy=true)
[MATCHMAKING] Offer 1 from hwan waiting (7s/10s)
[MATCHMAKING] Processing 1 offers. Computers: cpu-1(busy=true), cpu0(busy=true), cpu1(busy=true), cpu2(busy=true)
[MATCHMAKING] Offer 1 from hwan waiting (8s/10s)
[MATCHMAKING] Processing 1 offers. Computers: cpu-1(busy=true), cpu0(busy=true), cpu1(busy=true), cpu2(busy=true)
[MATCHMAKING] Offer 1 from hwan waiting (9s/10s)
[MATCHMAKING] Processing 1 offers. Computers: cpu-1(busy=true), cpu0(busy=true), cpu1(busy=true), cpu2(busy=true)
[MATCHMAKING] Offer 1 from hwan waiting (10s/10s)
[MATCHMAKING] Processing 1 offers. Computers: cpu-1(busy=true), cpu0(busy=true), cpu1(busy=true), cpu2(busy=true)
[MATCHMAKING] Offer 1 from hwan: 0 valid bots available
[MATCHMAKING] Processing 1 offers. Computers: cpu-1(busy=true), cpu0(busy=true), cpu1(busy=true), cpu2(busy=true)
[MATCHMAKING] Offer 1 from hwan: 0 valid bots available
[MATCHMAKING] Processing 1 offers. Computers: cpu-1(busy=true), cpu0(busy=true), cpu1(busy=true), cpu2(busy=true)
[MATCHMAKING] Offer 1 from hwan: 0 valid bots available
[Matchmaking] 0 idle computers, 1 active offers, 1 available players
[MATCHMAKING] Processing 1 offers. Computers: cpu-1(busy=true), cpu0(busy=true), cpu1(busy=true), cpu2(busy=true)
[MATCHMAKING] Offer 1 from hwan: 0 valid bots available
Scores cleared via API, players kept
Start tournament request: 60 minutes
[TOURNAMENT_START] StartTime: 2026-06-19T18:41:48.696Z
[TOURNAMENT_START] Duration: 60.0 minutes (3600000ms)
Tournament started! Duration: 3600000ms, Allow Variants: true, Allowed: standard, freestyle, kungfu, crazyhouse, kingofthehill
[Matchmaking] 0 idle computers, 1 active offers, 1 available players
[MATCHMAKING] Processing 1 offers. Computers: cpu-1(busy=true), cpu0(busy=true), cpu1(busy=true), cpu2(busy=true)
[MATCHMAKING] Offer 1 from hwan: 0 valid bots available
[MATCHMAKING] Processing 1 offers. Computers: cpu-1(busy=true), cpu0(busy=true), cpu1(busy=true), cpu2(busy=true)
[MATCHMAKING] Offer 1 from hwan: 0 valid bots available
[MATCHMAKING] Processing 1 offers. Computers: cpu-1(busy=true), cpu0(busy=true), cpu1(busy=true), cpu2(busy=true)
[MATCHMAKING] Offer 1 from hwan: 0 valid bots available
[Matchmaking] 0 idle computers, 1 active offers, 1 available players
[MATCHMAKING] Processing 1 offers. Computers: cpu-1(busy=true), cpu0(busy=true), cpu1(busy=true), cpu2(busy=true)
[MATCHMAKING] Offer 1 from hwan: 0 valid bots available
[MATCHMAKING] Processing 1 offers. Computers: cpu-1(busy=true), cpu0(busy=true), cpu1(busy=true), cpu2(busy=true)
[MATCHMAKING] Offer 1 from hwan: 0 valid bots available
[MATCHMAKING] Processing 1 offers. Computers: cpu-1(busy=true), cpu0(busy=true), cpu1(busy=true), cpu2(busy=true)
[MATCHMAKING] Offer 1 from hwan: 0 valid bots available
[MATCHMAKING] Processing 1 offers. Computers: cpu-1(busy=true), cpu0(busy=true), cpu1(busy=true), cpu2(busy=true)
[MATCHMAKING] Offer 1 from hwan: 0 valid bots available
[MATCHMAKING] Processing 1 offers. Computers: cpu-1(busy=true), cpu0(busy=true), cpu1(busy=true), cpu2(busy=true)
[MATCHMAKING] Offer 1 from hwan: 0 valid bots available
[RESET] Request from IP: 127.0.0.1, User-Agent: Mozilla/5.0 (Macintosh; Intel Mac OS X 10_15_7) AppleWebKit/537.36 (KHTML, like Gecko) Chrome/149.0.0.0 Safari/537.36
Tournament reset (all players cleared).
Tournament reset via API
Register request: hwan, isComputer: false, level: null, IP: 127.0.0.1
[REGISTER] Human player "hwan" registering from IP: 127.0.0.1, browserId: 35958cbc-8d52-4563-b277-3c71bd8cfe64
Player registered: hwan from IP: 127.0.0.1
Register request: cpu1, isComputer: true, level: 1, IP: 127.0.0.1
[COMPUTER] Initializing Stockfish level 1
[PLAYER] Persistent engine created for cpu1 (level 1)
Player registered: cpu1 from IP: 127.0.0.1
[SF_WORKER] Starting...
[COMPUTER] Stockfish ready
[SF_WORKER] Stockfish loaded
[SF_WORKER] Ready
Register request: cpu0, isComputer: true, level: 0, IP: 127.0.0.1
[PLAYER] Persistent engine created for cpu0 (level 0)
Player registered: cpu0 from IP: 127.0.0.1
Register request: cpu0........i took a (pop), isComputer: true, level: 0, IP: 127.0.0.1
[PLAYER] Persistent engine created for cpu0........i took a (pop) (level 0)
Player registered: cpu0........i took a (pop) from IP: 127.0.0.1
Register request: cpu-1, isComputer: true, level: -1, IP: 127.0.0.1
[PLAYER] Persistent engine created for cpu-1 (level -1)
Player registered: cpu-1 from IP: 127.0.0.1
Start tournament request: 60 minutes
[TOURNAMENT_START] StartTime: 2026-06-19T18:42:57.045Z
[TOURNAMENT_START] Duration: 60.0 minutes (3600000ms)
Tournament started! Duration: 3600000ms, Allow Variants: true, Allowed: standard, freestyle, kungfu, crazyhouse, kingofthehill
[Matchmaking] 4 idle computers, 1 active offers, 5 available players
Auto-offer: cpu-1 offering 10m+10s [standard]
Auto-offer: cpu1 offering 10m+30s [freestyle]
Auto-offer: cpu0 offering 10m+30s [crazyhouse]
[MATCHMAKING] Processing 4 offers. Computers: cpu1(busy=false), cpu0(busy=false), cpu0........i took a (pop)(busy=false), cpu-1(busy=false)
[MATCHMAKING] Offer 4 from cpu0 waiting (0s/10s)
[MATCHMAKING] Offer 3 from cpu1 waiting (0s/10s)
[MATCHMAKING] Offer 2 from cpu-1 waiting (0s/10s)
[MATCHMAKING] Offer 1 from hwan: 4 valid bots available
[MATCHMAKING] Evaluating cpu1 for offer from hwan: shouldAccept=true, reason=Good value: 176607 pts/min, 86% win / 5% draw
Auto-accept: cpu1 accepting offer from hwan (Reason: Good value: 176607 pts/min, 86% win / 5% draw)
[COLOR] Matchup: hwan vs cpu1 -> hwan (White), cpu1 (Black)
[ChessGame] Constructor called with variant: "freestyle", startPos: "random", cooldown: 10s
[ChessGame] Freestyle mode detected, generating 960 position...
[ChessGame] Generated position: [
  'bishop', 'rook',
  'king',   'bishop',
  'knight', 'queen',
  'knight', 'rook'
]
[ChessGame] Board setup complete with 960 position
[COMPUTER] Engine reset for new game — worker remains alive
[PLAYER] Black using persistent engine (level 1) — already warm
Starting game game_19 (variant: freestyle, computers: W=false, B=true)
startGame called. White: human, Black: computer, Variant: freestyle
[COMPUTER] All workers ready after 0ms — scheduling first move
[COMPUTER] Setting UCI_Chess960 to true
[OFFER_CREATE] Received: player1=hwan, variant=freestyle, startPos=random
[MATCHMAKING] Processing 2 offers. Computers: cpu1(busy=true), cpu0(busy=false), cpu0........i took a (pop)(busy=false), cpu-1(busy=false)
[MATCHMAKING] Offer 4 from cpu0 waiting (1s/10s)
[MATCHMAKING] Offer 2 from cpu-1 waiting (1s/10s)
[MATCHMAKING] Processing 2 offers. Computers: cpu1(busy=true), cpu0(busy=false), cpu0........i took a (pop)(busy=false), cpu-1(busy=false)
[MATCHMAKING] Offer 4 from cpu0 waiting (2s/10s)
[MATCHMAKING] Offer 2 from cpu-1 waiting (2s/10s)
[MONITOR] Running: true, Remaining: 59.9m, ActiveGames: 1, Offers: 2
[Matchmaking] 1 idle computers, 2 active offers, 3 available players
Auto-offer: cpu0........i took a (pop) offering 1m+0s [standard]
[MATCHMAKING] Processing 3 offers. Computers: cpu1(busy=true), cpu0(busy=false), cpu0........i took a (pop)(busy=false), cpu-1(busy=false)
[MATCHMAKING] Offer 5 from cpu0........i took a (pop) waiting (0s/10s)
[MATCHMAKING] Offer 4 from cpu0 waiting (3s/10s)
[MATCHMAKING] Offer 2 from cpu-1 waiting (3s/10s)
[MATCHMAKING] Processing 3 offers. Computers: cpu1(busy=true), cpu0(busy=false), cpu0........i took a (pop)(busy=false), cpu-1(busy=false)
[MATCHMAKING] Offer 5 from cpu0........i took a (pop) waiting (1s/10s)
[MATCHMAKING] Offer 4 from cpu0 waiting (4s/10s)
[MATCHMAKING] Offer 2 from cpu-1 waiting (4s/10s)
[Matchmaking] 0 idle computers, 3 active offers, 3 available players
[MATCHMAKING] Processing 3 offers. Computers: cpu1(busy=true), cpu0(busy=false), cpu0........i took a (pop)(busy=false), cpu-1(busy=false)
[MATCHMAKING] Offer 5 from cpu0........i took a (pop) waiting (2s/10s)
[MATCHMAKING] Offer 4 from cpu0 waiting (5s/10s)
[MATCHMAKING] Offer 2 from cpu-1 waiting (5s/10s)
[MATCHMAKING] Processing 3 offers. Computers: cpu1(busy=true), cpu0(busy=false), cpu0........i took a (pop)(busy=false), cpu-1(busy=false)
[MATCHMAKING] Offer 5 from cpu0........i took a (pop) waiting (3s/10s)
[MATCHMAKING] Offer 4 from cpu0 waiting (6s/10s)
[MATCHMAKING] Offer 2 from cpu-1 waiting (6s/10s)
[MATCHMAKING] Processing 3 offers. Computers: cpu1(busy=true), cpu0(busy=false), cpu0........i took a (pop)(busy=false), cpu-1(busy=false)
[MATCHMAKING] Offer 5 from cpu0........i took a (pop) waiting (4s/10s)
[MATCHMAKING] Offer 4 from cpu0 waiting (7s/10s)
[MATCHMAKING] Offer 2 from cpu-1 waiting (7s/10s)
[MATCHMAKING] Processing 3 offers. Computers: cpu1(busy=true), cpu0(busy=false), cpu0........i took a (pop)(busy=false), cpu-1(busy=false)
[MATCHMAKING] Offer 5 from cpu0........i took a (pop) waiting (5s/10s)
[MATCHMAKING] Offer 4 from cpu0 waiting (8s/10s)
[MATCHMAKING] Offer 2 from cpu-1 waiting (8s/10s)
[MATCHMAKING] Processing 3 offers. Computers: cpu1(busy=true), cpu0(busy=false), cpu0........i took a (pop)(busy=false), cpu-1(busy=false)
[MATCHMAKING] Offer 5 from cpu0........i took a (pop) waiting (6s/10s)
[MATCHMAKING] Offer 4 from cpu0 waiting (9s/10s)
[MATCHMAKING] Offer 2 from cpu-1 waiting (9s/10s)
[Matchmaking] 0 idle computers, 3 active offers, 3 available players
[MATCHMAKING] Processing 3 offers. Computers: cpu1(busy=true), cpu0(busy=false), cpu0........i took a (pop)(busy=false), cpu-1(busy=false)
[MATCHMAKING] Offer 5 from cpu0........i took a (pop) waiting (7s/10s)
[MATCHMAKING] Offer 4 from cpu0: 2 valid bots available
[MATCHMAKING] Evaluating cpu-1 for offer from cpu0: shouldAccept=true, reason=Good value: 47180 pts/min, 22% win / 10% draw
Auto-accept: cpu-1 accepting offer from cpu0 (Reason: Good value: 47180 pts/min, 22% win / 10% draw)
[COLOR] Matchup: cpu0 vs cpu-1 -> cpu-1 (White), cpu0 (Black)
[ChessGame] Constructor called with variant: "crazyhouse", startPos: "random", cooldown: 10s
[ChessGame] Standard mode, using setupBoard()
[COMPUTER] Engine reset for new game — worker remains alive
[PLAYER] White using persistent engine (level -1) — already warm
[COMPUTER] Engine reset for new game — worker remains alive
[PLAYER] Black using persistent engine (level 0) — already warm
Starting game game_20 (variant: crazyhouse, computers: W=true, B=true)
startGame called. White: computer, Black: computer, Variant: crazyhouse
[COMPUTER] All workers ready after 0ms — scheduling first move
[DEBUG_MOVE] Triggering computer move! Retry: 0
[COMPUTER] Scheduling move for White in 0ms
[MATCHMAKING] Offer 5 from cpu0........i took a (pop) waiting (7s/10s)
[COMPUTER] Time check - Game clock: 600000ms, Tournament: 3588961ms
[COMPUTER] Crazyhouse move request, level -1, reserve: [], FEN: rnbqkbnr/pppppppp/8/8/8/8/PPPPPPPP/RNBQKBNR w - - 0 1
[SimpleEngine] getLegalMovesForBoard: found 20 moves for White from board:
[SimpleEngine] Crazyhouse: 20 moves, 0 drops, reserve: []
[SimpleEngine] Random move: g1f3
[DEBUG_MOVE] Turn switch: isWhiteTurn=false, whiteType=computer, blackType=computer
[DEBUG_MOVE] nextPlayerType=computer, computerExists=true, isGameOver=false
[DEBUG_MOVE] computerPlayers.white=true, computerPlayers.black=true
[DEBUG_MOVE] Triggering computer move! Retry: 0
[COMPUTER] Scheduling move for Black in 0ms
[COMPUTER] Time check - Game clock: 600000ms, Tournament: 3588955ms
[COMPUTER] Crazyhouse move request, level 0, reserve: [], FEN: rnbqkbnr/pppppppp/8/8/8/5N2/PPPPPPPP/RNBQKB1R b - - 0 1
[SimpleEngine] getLegalMovesForBoard: found 20 moves for Black from board:
[SimpleEngine] Crazyhouse: 20 moves, 0 drops, reserve: []
[SimpleEngine] getLegalMovesForBoard: found 21 moves for White from board:
[SimpleEngine] getLegalMovesForBoard: found 21 moves for White from board:
[SimpleEngine] getLegalMovesForBoard: found 21 moves for White from board:
[SimpleEngine] getLegalMovesForBoard: found 21 moves for White from board:
[SimpleEngine] getLegalMovesForBoard: found 21 moves for White from board:
[SimpleEngine] getLegalMovesForBoard: found 21 moves for White from board:
[SimpleEngine] getLegalMovesForBoard: found 21 moves for White from board:
[SimpleEngine] getLegalMovesForBoard: found 21 moves for White from board:
[SimpleEngine] getLegalMovesForBoard: found 21 moves for White from board:
[SimpleEngine] getLegalMovesForBoard: found 21 moves for White from board:
[SimpleEngine] getLegalMovesForBoard: found 21 moves for White from board:
[SimpleEngine] getLegalMovesForBoard: found 21 moves for White from board:
[SimpleEngine] getLegalMovesForBoard: found 21 moves for White from board:
[SimpleEngine] getLegalMovesForBoard: found 21 moves for White from board:
[SimpleEngine] getLegalMovesForBoard: found 21 moves for White from board:
[SimpleEngine] getLegalMovesForBoard: found 21 moves for White from board:
[SimpleEngine] getLegalMovesForBoard: found 21 moves for White from board:
[SimpleEngine] getLegalMovesForBoard: found 21 moves for White from board:
[SimpleEngine] getLegalMovesForBoard: found 21 moves for White from board:
[SimpleEngine] getLegalMovesForBoard: found 21 moves for White from board:
[SimpleEngine] Best move: b8a6 (score: 0)
[DEBUG_MOVE] Turn switch: isWhiteTurn=true, whiteType=computer, blackType=computer
[DEBUG_MOVE] nextPlayerType=computer, computerExists=true, isGameOver=false
[DEBUG_MOVE] computerPlayers.white=true, computerPlayers.black=true
[DEBUG_MOVE] Triggering computer move! Retry: 0
[COMPUTER] Scheduling move for White in 0ms
[COMPUTER] Time check - Game clock: 629987ms, Tournament: 3588902ms
[COMPUTER] Crazyhouse move request, level -1, reserve: [], FEN: r1bqkbnr/pppppppp/n7/8/8/5N2/PPPPPPPP/RNBQKB1R w - - 0 1
[SimpleEngine] getLegalMovesForBoard: found 22 moves for White from board:
[SimpleEngine] Crazyhouse: 22 moves, 0 drops, reserve: []
[SimpleEngine] Random move: d2d3
[DEBUG_MOVE] Turn switch: isWhiteTurn=false, whiteType=computer, blackType=computer
[DEBUG_MOVE] nextPlayerType=computer, computerExists=true, isGameOver=false
[DEBUG_MOVE] computerPlayers.white=true, computerPlayers.black=true
[DEBUG_MOVE] Triggering computer move! Retry: 0
[COMPUTER] Scheduling move for Black in 0ms
[COMPUTER] Time check - Game clock: 629948ms, Tournament: 3588898ms
[COMPUTER] Crazyhouse move request, level 0, reserve: [], FEN: r1bqkbnr/pppppppp/n7/8/8/3P1N2/PPP1PPPP/RNBQKB1R b - - 0 1
[SimpleEngine] getLegalMovesForBoard: found 20 moves for Black from board:
[SimpleEngine] Crazyhouse: 20 moves, 0 drops, reserve: []
[SimpleEngine] getLegalMovesForBoard: found 20 moves for White from board:
[SimpleEngine] getLegalMovesForBoard: found 20 moves for White from board:
[SimpleEngine] getLegalMovesForBoard: found 20 moves for White from board:
[SimpleEngine] getLegalMovesForBoard: found 20 moves for White from board:
[SimpleEngine] getLegalMovesForBoard: found 20 moves for White from board:
[SimpleEngine] getLegalMovesForBoard: found 20 moves for White from board:
[SimpleEngine] getLegalMovesForBoard: found 20 moves for White from board:
[SimpleEngine] getLegalMovesForBoard: found 20 moves for White from board:
[SimpleEngine] getLegalMovesForBoard: found 20 moves for White from board:
[SimpleEngine] getLegalMovesForBoard: found 20 moves for White from board:
[SimpleEngine] getLegalMovesForBoard: found 20 moves for White from board:
[SimpleEngine] getLegalMovesForBoard: found 20 moves for White from board:
[SimpleEngine] getLegalMovesForBoard: found 20 moves for White from board:
[SimpleEngine] getLegalMovesForBoard: found 20 moves for White from board:
[SimpleEngine] getLegalMovesForBoard: found 20 moves for White from board:
[SimpleEngine] getLegalMovesForBoard: found 20 moves for White from board:
[SimpleEngine] getLegalMovesForBoard: found 20 moves for White from board:
[SimpleEngine] getLegalMovesForBoard: found 20 moves for White from board:
[SimpleEngine] getLegalMovesForBoard: found 20 moves for White from board:
[SimpleEngine] getLegalMovesForBoard: found 19 moves for White from board:
[SimpleEngine] Best move: g8f6 (score: -220)
[DEBUG_MOVE] Turn switch: isWhiteTurn=true, whiteType=computer, blackType=computer
[DEBUG_MOVE] nextPlayerType=computer, computerExists=true, isGameOver=false
[DEBUG_MOVE] computerPlayers.white=true, computerPlayers.black=true
[DEBUG_MOVE] Triggering computer move! Retry: 0
[COMPUTER] Scheduling move for White in 0ms
[COMPUTER] Time check - Game clock: 659983ms, Tournament: 3588881ms
[COMPUTER] Crazyhouse move request, level -1, reserve: [], FEN: r1bqkb1r/pppppppp/n4n2/8/8/3P1N2/PPP1PPPP/RNBQKB1R w - - 0 1
[SimpleEngine] getLegalMovesForBoard: found 30 moves for White from board:
[SimpleEngine] Crazyhouse: 30 moves, 0 drops, reserve: []
[SimpleEngine] Random move: g2g3
[DEBUG_MOVE] Turn switch: isWhiteTurn=false, whiteType=computer, blackType=computer
[DEBUG_MOVE] nextPlayerType=computer, computerExists=true, isGameOver=false
[DEBUG_MOVE] computerPlayers.white=true, computerPlayers.black=true
[DEBUG_MOVE] Triggering computer move! Retry: 0
[COMPUTER] Scheduling move for Black in 0ms
[COMPUTER] Time check - Game clock: 659932ms, Tournament: 3588878ms
[COMPUTER] Crazyhouse move request, level 0, reserve: [], FEN: r1bqkb1r/pppppppp/n4n2/8/8/3P1NP1/PPP1PP1P/RNBQKB1R b - - 0 1
[SimpleEngine] getLegalMovesForBoard: found 22 moves for Black from board:
[SimpleEngine] Crazyhouse: 22 moves, 0 drops, reserve: []
[SimpleEngine] getLegalMovesForBoard: found 19 moves for White from board:
[SimpleEngine] getLegalMovesForBoard: found 19 moves for White from board:
[SimpleEngine] getLegalMovesForBoard: found 19 moves for White from board:
[SimpleEngine] getLegalMovesForBoard: found 19 moves for White from board:
[SimpleEngine] getLegalMovesForBoard: found 19 moves for White from board:
[SimpleEngine] getLegalMovesForBoard: found 19 moves for White from board:
[SimpleEngine] getLegalMovesForBoard: found 19 moves for White from board:
[SimpleEngine] getLegalMovesForBoard: found 19 moves for White from board:
[SimpleEngine] getLegalMovesForBoard: found 19 moves for White from board:
[SimpleEngine] getLegalMovesForBoard: found 19 moves for White from board:
[SimpleEngine] getLegalMovesForBoard: found 19 moves for White from board:
[SimpleEngine] getLegalMovesForBoard: found 19 moves for White from board:
[SimpleEngine] getLegalMovesForBoard: found 19 moves for White from board:
[SimpleEngine] getLegalMovesForBoard: found 19 moves for White from board:
[SimpleEngine] getLegalMovesForBoard: found 19 moves for White from board:
[SimpleEngine] getLegalMovesForBoard: found 19 moves for White from board:
[SimpleEngine] getLegalMovesForBoard: found 18 moves for White from board:
[SimpleEngine] getLegalMovesForBoard: found 19 moves for White from board:
[SimpleEngine] getLegalMovesForBoard: found 19 moves for White from board:
[SimpleEngine] getLegalMovesForBoard: found 19 moves for White from board:
[SimpleEngine] getLegalMovesForBoard: found 19 moves for White from board:
[SimpleEngine] getLegalMovesForBoard: found 18 moves for White from board:
[SimpleEngine] Best move: a8b8 (score: -300)
[DEBUG_MOVE] Turn switch: isWhiteTurn=true, whiteType=computer, blackType=computer
[DEBUG_MOVE] nextPlayerType=computer, computerExists=true, isGameOver=false
[DEBUG_MOVE] computerPlayers.white=true, computerPlayers.black=true
[DEBUG_MOVE] Triggering computer move! Retry: 0
[COMPUTER] Scheduling move for White in 0ms
[COMPUTER] Time check - Game clock: 689979ms, Tournament: 3588868ms
[COMPUTER] Crazyhouse move request, level -1, reserve: [], FEN: 1rbqkb1r/pppppppp/n4n2/8/8/3P1NP1/PPP1PP1P/RNBQKB1R w - - 0 1
[SimpleEngine] getLegalMovesForBoard: found 31 moves for White from board:
[SimpleEngine] Crazyhouse: 31 moves, 0 drops, reserve: []
[SimpleEngine] Random move: f3g5
[DEBUG_MOVE] Turn switch: isWhiteTurn=false, whiteType=computer, blackType=computer
[DEBUG_MOVE] nextPlayerType=computer, computerExists=true, isGameOver=false
[DEBUG_MOVE] computerPlayers.white=true, computerPlayers.black=true
[DEBUG_MOVE] Triggering computer move! Retry: 0
[COMPUTER] Scheduling move for Black in 0ms
[COMPUTER] Time check - Game clock: 689921ms, Tournament: 3588866ms
[COMPUTER] Crazyhouse move request, level 0, reserve: [], FEN: 1rbqkb1r/pppppppp/n4n2/6N1/8/3P2P1/PPP1PP1P/RNBQKB1R b - - 0 1
[SimpleEngine] getLegalMovesForBoard: found 20 moves for Black from board:
[SimpleEngine] Crazyhouse: 20 moves, 0 drops, reserve: []
[SimpleEngine] getLegalMovesForBoard: found 24 moves for White from board:
[SimpleEngine] getLegalMovesForBoard: found 24 moves for White from board:
[SimpleEngine] getLegalMovesForBoard: found 24 moves for White from board:
[SimpleEngine] getLegalMovesForBoard: found 24 moves for White from board:
[SimpleEngine] getLegalMovesForBoard: found 24 moves for White from board:
[SimpleEngine] getLegalMovesForBoard: found 24 moves for White from board:
[SimpleEngine] getLegalMovesForBoard: found 24 moves for White from board:
[SimpleEngine] getLegalMovesForBoard: found 24 moves for White from board:
[SimpleEngine] getLegalMovesForBoard: found 24 moves for White from board:
[SimpleEngine] getLegalMovesForBoard: found 24 moves for White from board:
[SimpleEngine] getLegalMovesForBoard: found 24 moves for White from board:
[SimpleEngine] getLegalMovesForBoard: found 24 moves for White from board:
[SimpleEngine] getLegalMovesForBoard: found 24 moves for White from board:
[SimpleEngine] getLegalMovesForBoard: found 24 moves for White from board:
[SimpleEngine] getLegalMovesForBoard: found 23 moves for White from board:
[SimpleEngine] getLegalMovesForBoard: found 24 moves for White from board:
[SimpleEngine] getLegalMovesForBoard: found 24 moves for White from board:
[SimpleEngine] getLegalMovesForBoard: found 24 moves for White from board:
[SimpleEngine] getLegalMovesForBoard: found 24 moves for White from board:
[SimpleEngine] getLegalMovesForBoard: found 23 moves for White from board:
[SimpleEngine] Best move: h8g8 (score: -380)
[DEBUG_MOVE] Turn switch: isWhiteTurn=true, whiteType=computer, blackType=computer
[DEBUG_MOVE] nextPlayerType=computer, computerExists=true, isGameOver=false
[DEBUG_MOVE] computerPlayers.white=true, computerPlayers.black=true
[DEBUG_MOVE] Triggering computer move! Retry: 0
[COMPUTER] Scheduling move for White in 0ms
[COMPUTER] Time check - Game clock: 719979ms, Tournament: 3588844ms
[COMPUTER] Crazyhouse move request, level -1, reserve: [], FEN: 1rbqkbr1/pppppppp/n4n2/6N1/8/3P2P1/PPP1PP1P/RNBQKB1R w - - 0 1
[SimpleEngine] getLegalMovesForBoard: found 31 moves for White from board:
[SimpleEngine] Crazyhouse: 31 moves, 0 drops, reserve: []
[SimpleEngine] Random move: c1f4
[DEBUG_MOVE] Turn switch: isWhiteTurn=false, whiteType=computer, blackType=computer
[DEBUG_MOVE] nextPlayerType=computer, computerExists=true, isGameOver=false
[DEBUG_MOVE] computerPlayers.white=true, computerPlayers.black=true
[DEBUG_MOVE] Triggering computer move! Retry: 0
[COMPUTER] Scheduling move for Black in 0ms
[COMPUTER] Time check - Game clock: 719901ms, Tournament: 3588839ms
[COMPUTER] Crazyhouse move request, level 0, reserve: [], FEN: 1rbqkbr1/pppppppp/n4n2/6N1/5B2/3P2P1/PPP1PP1P/RN1QKB1R b - - 0 1
[SimpleEngine] getLegalMovesForBoard: found 19 moves for Black from board:
[SimpleEngine] Crazyhouse: 19 moves, 0 drops, reserve: []
[SimpleEngine] getLegalMovesForBoard: found 27 moves for White from board:
[SimpleEngine] getLegalMovesForBoard: found 27 moves for White from board:
[SimpleEngine] getLegalMovesForBoard: found 27 moves for White from board:
[SimpleEngine] getLegalMovesForBoard: found 27 moves for White from board:
[SimpleEngine] getLegalMovesForBoard: found 28 moves for White from board:
[SimpleEngine] getLegalMovesForBoard: found 28 moves for White from board:
[SimpleEngine] getLegalMovesForBoard: found 26 moves for White from board:
[SimpleEngine] getLegalMovesForBoard: found 27 moves for White from board:
[SimpleEngine] getLegalMovesForBoard: found 27 moves for White from board:
[SimpleEngine] getLegalMovesForBoard: found 25 moves for White from board:
[SimpleEngine] getLegalMovesForBoard: found 27 moves for White from board:
[SimpleEngine] getLegalMovesForBoard: found 27 moves for White from board:
[SimpleEngine] getLegalMovesForBoard: found 27 moves for White from board:
[SimpleEngine] getLegalMovesForBoard: found 27 moves for White from board:
[SimpleEngine] getLegalMovesForBoard: found 26 moves for White from board:
[SimpleEngine] getLegalMovesForBoard: found 27 moves for White from board:
[SimpleEngine] getLegalMovesForBoard: found 27 moves for White from board:
[SimpleEngine] getLegalMovesForBoard: found 27 moves for White from board:
[SimpleEngine] getLegalMovesForBoard: found 26 moves for White from board:
[SimpleEngine] Best move: b7b6 (score: -150)
[DEBUG_MOVE] Turn switch: isWhiteTurn=true, whiteType=computer, blackType=computer
[DEBUG_MOVE] nextPlayerType=computer, computerExists=true, isGameOver=false
[DEBUG_MOVE] computerPlayers.white=true, computerPlayers.black=true
[DEBUG_MOVE] Triggering computer move! Retry: 0
[COMPUTER] Scheduling move for White in 0ms
[COMPUTER] Time check - Game clock: 749972ms, Tournament: 3588829ms
[COMPUTER] Crazyhouse move request, level -1, reserve: [], FEN: 1rbqkbr1/p1pppppp/np3n2/6N1/5B2/3P2P1/PPP1PP1P/RN1QKB1R w - - 0 1
[SimpleEngine] getLegalMovesForBoard: found 34 moves for White from board:
[SimpleEngine] Crazyhouse: 34 moves, 0 drops, reserve: []
[SimpleEngine] Random move: b2b3
[DEBUG_MOVE] Turn switch: isWhiteTurn=false, whiteType=computer, blackType=computer
[DEBUG_MOVE] nextPlayerType=computer, computerExists=true, isGameOver=false
[DEBUG_MOVE] computerPlayers.white=true, computerPlayers.black=true
[DEBUG_MOVE] Triggering computer move! Retry: 0
[COMPUTER] Scheduling move for Black in 0ms
[COMPUTER] Time check - Game clock: 749892ms, Tournament: 3588826ms
[COMPUTER] Crazyhouse move request, level 0, reserve: [], FEN: 1rbqkbr1/p1pppppp/np3n2/6N1/5B2/1P1P2P1/P1P1PP1P/RN1QKB1R b - - 0 1
[SimpleEngine] getLegalMovesForBoard: found 20 moves for Black from board:
[SimpleEngine] Crazyhouse: 20 moves, 0 drops, reserve: []
[SimpleEngine] getLegalMovesForBoard: found 26 moves for White from board:
[SimpleEngine] getLegalMovesForBoard: found 26 moves for White from board:
[SimpleEngine] getLegalMovesForBoard: found 26 moves for White from board:
[SimpleEngine] getLegalMovesForBoard: found 26 moves for White from board:
[SimpleEngine] getLegalMovesForBoard: found 27 moves for White from board:
[SimpleEngine] getLegalMovesForBoard: found 27 moves for White from board:
[SimpleEngine] getLegalMovesForBoard: found 25 moves for White from board:
[SimpleEngine] getLegalMovesForBoard: found 26 moves for White from board:
[SimpleEngine] getLegalMovesForBoard: found 26 moves for White from board:
[SimpleEngine] getLegalMovesForBoard: found 24 moves for White from board:
[SimpleEngine] getLegalMovesForBoard: found 26 moves for White from board:
[SimpleEngine] getLegalMovesForBoard: found 26 moves for White from board:
[SimpleEngine] getLegalMovesForBoard: found 26 moves for White from board:
[SimpleEngine] getLegalMovesForBoard: found 26 moves for White from board:
[SimpleEngine] getLegalMovesForBoard: found 25 moves for White from board:
[SimpleEngine] getLegalMovesForBoard: found 26 moves for White from board:
[SimpleEngine] getLegalMovesForBoard: found 26 moves for White from board:
[SimpleEngine] getLegalMovesForBoard: found 26 moves for White from board:
[SimpleEngine] getLegalMovesForBoard: found 26 moves for White from board:
[SimpleEngine] getLegalMovesForBoard: found 25 moves for White from board:
[SimpleEngine] Best move: c8b7 (score: -280)
[DEBUG_MOVE] Turn switch: isWhiteTurn=true, whiteType=computer, blackType=computer
[DEBUG_MOVE] nextPlayerType=computer, computerExists=true, isGameOver=false
[DEBUG_MOVE] computerPlayers.white=true, computerPlayers.black=true
[DEBUG_MOVE] Triggering computer move! Retry: 0
[COMPUTER] Scheduling move for White in 0ms
[COMPUTER] Time check - Game clock: 779970ms, Tournament: 3588812ms
[COMPUTER] Crazyhouse move request, level -1, reserve: [], FEN: 1r1qkbr1/pbpppppp/np3n2/6N1/5B2/1P1P2P1/P1P1PP1P/RN1QKB1R w - - 0 1
[SimpleEngine] getLegalMovesForBoard: found 33 moves for White from board:
[SimpleEngine] Crazyhouse: 33 moves, 0 drops, reserve: []
[SimpleEngine] Random move: g5e6
[DEBUG_MOVE] Turn switch: isWhiteTurn=false, whiteType=computer, blackType=computer
[DEBUG_MOVE] nextPlayerType=computer, computerExists=true, isGameOver=false
[DEBUG_MOVE] computerPlayers.white=true, computerPlayers.black=true
[DEBUG_MOVE] Triggering computer move! Retry: 0
[COMPUTER] Scheduling move for Black in 0ms
[COMPUTER] Time check - Game clock: 779881ms, Tournament: 3588809ms
[COMPUTER] Crazyhouse move request, level 0, reserve: [], FEN: 1r1qkbr1/pbpppppp/np2Nn2/8/5B2/1P1P2P1/P1P1PP1P/RN1QKB1R b - - 0 1
[SimpleEngine] getLegalMovesForBoard: found 29 moves for Black from board:
[SimpleEngine] Crazyhouse: 29 moves, 0 drops, reserve: []
[SimpleEngine] getLegalMovesForBoard: found 29 moves for White from board:
[SimpleEngine] getLegalMovesForBoard: found 29 moves for White from board:
[SimpleEngine] getLegalMovesForBoard: found 29 moves for White from board:
[SimpleEngine] getLegalMovesForBoard: found 29 moves for White from board:
[SimpleEngine] getLegalMovesForBoard: found 29 moves for White from board:
[SimpleEngine] getLegalMovesForBoard: found 29 moves for White from board:
[SimpleEngine] getLegalMovesForBoard: found 29 moves for White from board:
[SimpleEngine] getLegalMovesForBoard: found 29 moves for White from board:
[SimpleEngine] getLegalMovesForBoard: found 29 moves for White from board:
[SimpleEngine] getLegalMovesForBoard: found 30 moves for White from board:
[SimpleEngine] getLegalMovesForBoard: found 30 moves for White from board:
[SimpleEngine] getLegalMovesForBoard: found 29 moves for White from board:
[SimpleEngine] getLegalMovesForBoard: found 30 moves for White from board:
[SimpleEngine] getLegalMovesForBoard: found 30 moves for White from board:
[SimpleEngine] getLegalMovesForBoard: found 28 moves for White from board:
[SimpleEngine] getLegalMovesForBoard: found 22 moves for White from board:
[SimpleEngine] getLegalMovesForBoard: found 29 moves for White from board:
[SimpleEngine] getLegalMovesForBoard: found 22 moves for White from board:
[SimpleEngine] getLegalMovesForBoard: found 29 moves for White from board:
[SimpleEngine] getLegalMovesForBoard: found 28 moves for White from board:
[SimpleEngine] getLegalMovesForBoard: found 29 moves for White from board:
[SimpleEngine] getLegalMovesForBoard: found 29 moves for White from board:
[SimpleEngine] getLegalMovesForBoard: found 29 moves for White from board:
[SimpleEngine] getLegalMovesForBoard: found 28 moves for White from board:
[SimpleEngine] getLegalMovesForBoard: found 29 moves for White from board:
[SimpleEngine] getLegalMovesForBoard: found 29 moves for White from board:
[SimpleEngine] getLegalMovesForBoard: found 29 moves for White from board:
[SimpleEngine] getLegalMovesForBoard: found 29 moves for White from board:
[SimpleEngine] getLegalMovesForBoard: found 28 moves for White from board:
[SimpleEngine] Best move: d7e6 (score: -700)
[DEBUG_MOVE] Turn switch: isWhiteTurn=true, whiteType=computer, blackType=computer
[DEBUG_MOVE] nextPlayerType=computer, computerExists=true, isGameOver=false
[DEBUG_MOVE] computerPlayers.white=true, computerPlayers.black=true
[DEBUG_MOVE] Triggering computer move! Retry: 0
[COMPUTER] Scheduling move for White in 0ms
[COMPUTER] Time check - Game clock: 809964ms, Tournament: 3588757ms
[COMPUTER] Crazyhouse move request, level -1, reserve: [], FEN: 1r1qkbr1/pbp1pppp/np2pn2/8/5B2/1P1P2P1/P1P1PP1P/RN1QKB1R w - - 0 1
[SimpleEngine] getLegalMovesForBoard: found 29 moves for White from board:
[SimpleEngine] Crazyhouse: 29 moves, 0 drops, reserve: []
[SimpleEngine] Random move: a2a4
[DEBUG_MOVE] Turn switch: isWhiteTurn=false, whiteType=computer, blackType=computer
[DEBUG_MOVE] nextPlayerType=computer, computerExists=true, isGameOver=false
[DEBUG_MOVE] computerPlayers.white=true, computerPlayers.black=true
[DEBUG_MOVE] Triggering computer move! Retry: 0
[COMPUTER] Scheduling move for Black in 0ms
[COMPUTER] Time check - Game clock: 809839ms, Tournament: 3588755ms
[COMPUTER] Crazyhouse move request, level 0, reserve: [knight], FEN: 1r1qkbr1/pbp1pppp/np2pn2/8/P4B2/1P1P2P1/2P1PP1P/RN1QKB1R b - - 0 1
[SimpleEngine] getLegalMovesForBoard: found 33 moves for Black from board:
[SimpleEngine] Crazyhouse: 33 moves, 33 drops, reserve: [knight]
[SimpleEngine] getLegalMovesForBoard: found 22 moves for White from board:
[SimpleEngine] getLegalMovesForBoard: found 22 moves for White from board:
[SimpleEngine] getLegalMovesForBoard: found 22 moves for White from board:
[SimpleEngine] getLegalMovesForBoard: found 22 moves for White from board:
[SimpleEngine] getLegalMovesForBoard: found 21 moves for White from board:
[SimpleEngine] getLegalMovesForBoard: found 22 moves for White from board:
[SimpleEngine] getLegalMovesForBoard: found 21 moves for White from board:
[SimpleEngine] getLegalMovesForBoard: found 23 moves for White from board:
[SimpleEngine] getLegalMovesForBoard: found 22 moves for White from board:
[SimpleEngine] getLegalMovesForBoard: found 22 moves for White from board:
[SimpleEngine] getLegalMovesForBoard: found 22 moves for White from board:
[SimpleEngine] getLegalMovesForBoard: found 22 moves for White from board:
[SimpleEngine] getLegalMovesForBoard: found 22 moves for White from board:
[SimpleEngine] getLegalMovesForBoard: found 22 moves for White from board:
[SimpleEngine] getLegalMovesForBoard: found 22 moves for White from board:
[SimpleEngine] getLegalMovesForBoard: found 23 moves for White from board:
[SimpleEngine] getLegalMovesForBoard: found 23 moves for White from board:
[SimpleEngine] getLegalMovesForBoard: found 22 moves for White from board:
[SimpleEngine] getLegalMovesForBoard: found 23 moves for White from board:
[SimpleEngine] getLegalMovesForBoard: found 23 moves for White from board:
[SimpleEngine] getLegalMovesForBoard: found 22 moves for White from board:
[SimpleEngine] getLegalMovesForBoard: found 21 moves for White from board:
[SimpleEngine] getLegalMovesForBoard: found 22 moves for White from board:
[SimpleEngine] getLegalMovesForBoard: found 22 moves for White from board:
[SimpleEngine] getLegalMovesForBoard: found 22 moves for White from board:
[SimpleEngine] getLegalMovesForBoard: found 21 moves for White from board:
[SimpleEngine] getLegalMovesForBoard: found 23 moves for White from board:
[SimpleEngine] getLegalMovesForBoard: found 20 moves for White from board:
[SimpleEngine] getLegalMovesForBoard: found 22 moves for White from board:
[SimpleEngine] getLegalMovesForBoard: found 22 moves for White from board:
[SimpleEngine] getLegalMovesForBoard: found 22 moves for White from board:
[SimpleEngine] getLegalMovesForBoard: found 22 moves for White from board:
[SimpleEngine] getLegalMovesForBoard: found 21 moves for White from board:
[SimpleEngine] Best move: e8d7 (score: -20500)
[DEBUG_MOVE] Turn switch: isWhiteTurn=true, whiteType=computer, blackType=computer
[DEBUG_MOVE] nextPlayerType=computer, computerExists=true, isGameOver=false
[DEBUG_MOVE] computerPlayers.white=true, computerPlayers.black=true
[DEBUG_MOVE] Triggering computer move! Retry: 0
[COMPUTER] Scheduling move for White in 0ms
[COMPUTER] Time check - Game clock: 839952ms, Tournament: 3588725ms
[COMPUTER] Crazyhouse move request, level -1, reserve: [], FEN: 1r1q1br1/pbpkpppp/np2pn2/8/P4B2/1P1P2P1/2P1PP1P/RN1QKB1R w - - 0 1
[SimpleEngine] getLegalMovesForBoard: found 30 moves for White from board:
[SimpleEngine] Crazyhouse: 30 moves, 0 drops, reserve: []
[SimpleEngine] Random move: c2c4
[DEBUG_MOVE] Turn switch: isWhiteTurn=false, whiteType=computer, blackType=computer
[DEBUG_MOVE] nextPlayerType=computer, computerExists=true, isGameOver=false
[DEBUG_MOVE] computerPlayers.white=true, computerPlayers.black=true
[DEBUG_MOVE] Triggering computer move! Retry: 0
[COMPUTER] Scheduling move for Black in 0ms
[COMPUTER] Time check - Game clock: 839810ms, Tournament: 3588719ms
[COMPUTER] Crazyhouse move request, level 0, reserve: [knight], FEN: 1r1q1br1/pbpkpppp/np2pn2/8/P1P2B2/1P1P2P1/4PP1P/RN1QKB1R b - - 0 1
[SimpleEngine] getLegalMovesForBoard: found 32 moves for Black from board:
[SimpleEngine] Crazyhouse: 32 moves, 33 drops, reserve: [knight]
[SimpleEngine] getLegalMovesForBoard: found 22 moves for White from board:
[SimpleEngine] getLegalMovesForBoard: found 22 moves for White from board:
[SimpleEngine] getLegalMovesForBoard: found 22 moves for White from board:
[SimpleEngine] getLegalMovesForBoard: found 22 moves for White from board:
[SimpleEngine] getLegalMovesForBoard: found 22 moves for White from board:
[SimpleEngine] getLegalMovesForBoard: found 22 moves for White from board:
[SimpleEngine] getLegalMovesForBoard: found 22 moves for White from board:
[SimpleEngine] getLegalMovesForBoard: found 22 moves for White from board:
[SimpleEngine] getLegalMovesForBoard: found 23 moves for White from board:
[SimpleEngine] getLegalMovesForBoard: found 22 moves for White from board:
[SimpleEngine] getLegalMovesForBoard: found 23 moves for White from board:
[SimpleEngine] getLegalMovesForBoard: found 23 moves for White from board:
[SimpleEngine] getLegalMovesForBoard: found 22 moves for White from board:
[SimpleEngine] getLegalMovesForBoard: found 23 moves for White from board:
[SimpleEngine] getLegalMovesForBoard: found 22 moves for White from board:
[SimpleEngine] getLegalMovesForBoard: found 22 moves for White from board:
[SimpleEngine] getLegalMovesForBoard: found 22 moves for White from board:
[SimpleEngine] getLegalMovesForBoard: found 22 moves for White from board:
[SimpleEngine] getLegalMovesForBoard: found 21 moves for White from board:
[SimpleEngine] getLegalMovesForBoard: found 22 moves for White from board:
[SimpleEngine] getLegalMovesForBoard: found 21 moves for White from board:
[SimpleEngine] getLegalMovesForBoard: found 22 moves for White from board:
[SimpleEngine] getLegalMovesForBoard: found 22 moves for White from board:
[SimpleEngine] getLegalMovesForBoard: found 21 moves for White from board:
[SimpleEngine] getLegalMovesForBoard: found 21 moves for White from board:
[SimpleEngine] getLegalMovesForBoard: found 24 moves for White from board:
[SimpleEngine] getLegalMovesForBoard: found 20 moves for White from board:
[SimpleEngine] getLegalMovesForBoard: found 22 moves for White from board:
[SimpleEngine] getLegalMovesForBoard: found 23 moves for White from board:
[SimpleEngine] getLegalMovesForBoard: found 22 moves for White from board:
[SimpleEngine] getLegalMovesForBoard: found 22 moves for White from board:
[SimpleEngine] getLegalMovesForBoard: found 21 moves for White from board:
[SimpleEngine] Best move: b7h1 (score: -21000)
[DEBUG_MOVE] Turn switch: isWhiteTurn=true, whiteType=computer, blackType=computer
[DEBUG_MOVE] nextPlayerType=computer, computerExists=true, isGameOver=false
[DEBUG_MOVE] computerPlayers.white=true, computerPlayers.black=true
[DEBUG_MOVE] Triggering computer move! Retry: 0
[COMPUTER] Scheduling move for White in 0ms
[COMPUTER] Time check - Game clock: 869948ms, Tournament: 3588675ms
[COMPUTER] Crazyhouse move request, level -1, reserve: [], FEN: 1r1q1br1/p1pkpppp/np2pn2/8/P1P2B2/1P1P2P1/4PP1P/RN1QKB1b w - - 0 1
[SimpleEngine] getLegalMovesForBoard: found 29 moves for White from board:
[SimpleEngine] Crazyhouse: 29 moves, 0 drops, reserve: []
[SimpleEngine] Random move: f4c7
[DEBUG_MOVE] Turn switch: isWhiteTurn=false, whiteType=computer, blackType=computer
[DEBUG_MOVE] nextPlayerType=computer, computerExists=true, isGameOver=false
[DEBUG_MOVE] computerPlayers.white=true, computerPlayers.black=true
[DEBUG_MOVE] Triggering computer move! Retry: 0
[COMPUTER] Scheduling move for Black in 0ms
[COMPUTER] Time check - Game clock: 869767ms, Tournament: 3588672ms
[COMPUTER] Crazyhouse move request, level 0, reserve: [knight, rook], FEN: 1r1q1br1/p1Bkpppp/np2pn2/8/P1P5/1P1P2P1/4PP1P/RN1QKB1b b - - 0 1
[SimpleEngine] getLegalMovesForBoard: found 33 moves for Black from board:
[SimpleEngine] Crazyhouse: 33 moves, 70 drops, reserve: [knight, rook]
[SimpleEngine] getLegalMovesForBoard: found 23 moves for White from board:
[SimpleEngine] getLegalMovesForBoard: found 23 moves for White from board:
[SimpleEngine] getLegalMovesForBoard: found 23 moves for White from board:
[SimpleEngine] getLegalMovesForBoard: found 23 moves for White from board:
[SimpleEngine] getLegalMovesForBoard: found 23 moves for White from board:
[SimpleEngine] getLegalMovesForBoard: found 17 moves for White from board:
[SimpleEngine] getLegalMovesForBoard: found 23 moves for White from board:
[SimpleEngine] getLegalMovesForBoard: found 23 moves for White from board:
[SimpleEngine] getLegalMovesForBoard: found 23 moves for White from board:
[SimpleEngine] getLegalMovesForBoard: found 17 moves for White from board:
[SimpleEngine] getLegalMovesForBoard: found 23 moves for White from board:
[SimpleEngine] getLegalMovesForBoard: found 21 moves for White from board:
[SimpleEngine] getLegalMovesForBoard: found 23 moves for White from board:
[SimpleEngine] getLegalMovesForBoard: found 23 moves for White from board:
[SimpleEngine] getLegalMovesForBoard: found 23 moves for White from board:
[SimpleEngine] getLegalMovesForBoard: found 23 moves for White from board:
[SimpleEngine] getLegalMovesForBoard: found 17 moves for White from board:
[SimpleEngine] getLegalMovesForBoard: found 22 moves for White from board:
[SimpleEngine] getLegalMovesForBoard: found 22 moves for White from board:
[SimpleEngine] getLegalMovesForBoard: found 26 moves for White from board:
[SimpleEngine] getLegalMovesForBoard: found 22 moves for White from board:
[SimpleEngine] getLegalMovesForBoard: found 23 moves for White from board:
[SimpleEngine] getLegalMovesForBoard: found 24 moves for White from board:
[SimpleEngine] getLegalMovesForBoard: found 23 moves for White from board:
[SimpleEngine] getLegalMovesForBoard: found 23 moves for White from board:
[SimpleEngine] getLegalMovesForBoard: found 22 moves for White from board:
[SimpleEngine] getLegalMovesForBoard: found 23 moves for White from board:
[SimpleEngine] getLegalMovesForBoard: found 23 moves for White from board:
[SimpleEngine] getLegalMovesForBoard: found 23 moves for White from board:
[SimpleEngine] getLegalMovesForBoard: found 24 moves for White from board:
[SimpleEngine] getLegalMovesForBoard: found 23 moves for White from board:
[SimpleEngine] getLegalMovesForBoard: found 23 moves for White from board:
[SimpleEngine] getLegalMovesForBoard: found 24 moves for White from board:
[SimpleEngine] Best move: d8c7 (score: -22230)
[DEBUG_MOVE] Turn switch: isWhiteTurn=true, whiteType=computer, blackType=computer
[DEBUG_MOVE] nextPlayerType=computer, computerExists=true, isGameOver=false
[DEBUG_MOVE] computerPlayers.white=true, computerPlayers.black=true
[DEBUG_MOVE] Triggering computer move! Retry: 0
[COMPUTER] Scheduling move for White in 0ms
[COMPUTER] Time check - Game clock: 899946ms, Tournament: 3588652ms
[COMPUTER] Crazyhouse move request, level -1, reserve: [pawn], FEN: 1r3br1/p1qkpppp/np2pn2/8/P1P5/1P1P2P1/4PP1P/RN1QKB1b w - - 0 1
[SimpleEngine] getLegalMovesForBoard: found 22 moves for White from board:
[SimpleEngine] Crazyhouse: 22 moves, 29 drops, reserve: [pawn]
[SimpleEngine] Random move: b1c3
[DEBUG_MOVE] Turn switch: isWhiteTurn=false, whiteType=computer, blackType=computer
[DEBUG_MOVE] nextPlayerType=computer, computerExists=true, isGameOver=false
[DEBUG_MOVE] computerPlayers.white=true, computerPlayers.black=true
[DEBUG_MOVE] Triggering computer move! Retry: 0
[COMPUTER] Scheduling move for Black in 0ms
[COMPUTER] Time check - Game clock: 899747ms, Tournament: 3588648ms
[COMPUTER] Crazyhouse move request, level 0, reserve: [knight, rook, bishop], FEN: 1r3br1/p1qkpppp/np2pn2/8/P1P5/1PNP2P1/4PP1P/R2QKB1b b - - 0 1
[SimpleEngine] getLegalMovesForBoard: found 41 moves for Black from board:
[SimpleEngine] Crazyhouse: 41 moves, 108 drops, reserve: [knight, rook, bishop]
[SimpleEngine] getLegalMovesForBoard: found 18 moves for White from board:
[SimpleEngine] getLegalMovesForBoard: found 18 moves for White from board:
[SimpleEngine] getLegalMovesForBoard: found 18 moves for White from board:
[SimpleEngine] getLegalMovesForBoard: found 18 moves for White from board:
[SimpleEngine] getLegalMovesForBoard: found 18 moves for White from board:
[SimpleEngine] getLegalMovesForBoard: found 18 moves for White from board:
[SimpleEngine] getLegalMovesForBoard: found 18 moves for White from board:
[SimpleEngine] getLegalMovesForBoard: found 18 moves for White from board:
[SimpleEngine] getLegalMovesForBoard: found 18 moves for White from board:
[SimpleEngine] getLegalMovesForBoard: found 18 moves for White from board:
[SimpleEngine] getLegalMovesForBoard: found 18 moves for White from board:
[SimpleEngine] getLegalMovesForBoard: found 17 moves for White from board:
[SimpleEngine] getLegalMovesForBoard: found 18 moves for White from board:
[SimpleEngine] getLegalMovesForBoard: found 19 moves for White from board:
[SimpleEngine] getLegalMovesForBoard: found 18 moves for White from board:
[SimpleEngine] getLegalMovesForBoard: found 17 moves for White from board:
[SimpleEngine] getLegalMovesForBoard: found 18 moves for White from board:
[SimpleEngine] getLegalMovesForBoard: found 18 moves for White from board:
[SimpleEngine] getLegalMovesForBoard: found 18 moves for White from board:
[SimpleEngine] getLegalMovesForBoard: found 18 moves for White from board:
[SimpleEngine] getLegalMovesForBoard: found 18 moves for White from board:
[SimpleEngine] getLegalMovesForBoard: found 18 moves for White from board:
[SimpleEngine] getLegalMovesForBoard: found 18 moves for White from board:
[SimpleEngine] getLegalMovesForBoard: found 18 moves for White from board:
[SimpleEngine] getLegalMovesForBoard: found 18 moves for White from board:
[SimpleEngine] getLegalMovesForBoard: found 17 moves for White from board:
[SimpleEngine] getLegalMovesForBoard: found 17 moves for White from board:
[SimpleEngine] getLegalMovesForBoard: found 20 moves for White from board:
[SimpleEngine] getLegalMovesForBoard: found 18 moves for White from board:
[SimpleEngine] getLegalMovesForBoard: found 18 moves for White from board:
[SimpleEngine] getLegalMovesForBoard: found 19 moves for White from board:
[SimpleEngine] getLegalMovesForBoard: found 18 moves for White from board:
[SimpleEngine] getLegalMovesForBoard: found 18 moves for White from board:
[SimpleEngine] getLegalMovesForBoard: found 17 moves for White from board:
[SimpleEngine] getLegalMovesForBoard: found 18 moves for White from board:
[SimpleEngine] getLegalMovesForBoard: found 18 moves for White from board:
[SimpleEngine] getLegalMovesForBoard: found 18 moves for White from board:
[SimpleEngine] getLegalMovesForBoard: found 19 moves for White from board:
[SimpleEngine] getLegalMovesForBoard: found 18 moves for White from board:
[SimpleEngine] getLegalMovesForBoard: found 18 moves for White from board:
[SimpleEngine] getLegalMovesForBoard: found 19 moves for White from board:
[SimpleEngine] Best move: b8b7 (score: -22130)
[DEBUG_MOVE] Turn switch: isWhiteTurn=true, whiteType=computer, blackType=computer
[DEBUG_MOVE] nextPlayerType=computer, computerExists=true, isGameOver=false
[DEBUG_MOVE] computerPlayers.white=true, computerPlayers.black=true
[DEBUG_MOVE] Triggering computer move! Retry: 0
[COMPUTER] Scheduling move for White in 0ms
[COMPUTER] Time check - Game clock: 929942ms, Tournament: 3588628ms
[COMPUTER] Crazyhouse move request, level -1, reserve: [pawn], FEN: 5br1/prqkpppp/np2pn2/8/P1P5/1PNP2P1/4PP1P/R2QKB1b w - - 0 1
[SimpleEngine] getLegalMovesForBoard: found 27 moves for White from board:
[SimpleEngine] Crazyhouse: 27 moves, 27 drops, reserve: [pawn]
[SimpleEngine] Random drop: P@d6
[COMPUTER] Crazyhouse drop: pawn to (3, 2)
[DEBUG_MOVE] Triggering computer move! Retry: 0
[COMPUTER] Scheduling move for Black in 0ms
[COMPUTER] Time check - Game clock: 929728ms, Tournament: 3588626ms
[COMPUTER] Crazyhouse move request, level 0, reserve: [knight, rook, bishop], FEN: 5br1/prqkpppp/np1Ppn2/8/P1P5/1PNP2P1/4PP1P/R2QKB1b b - - 0 1
[SimpleEngine] getLegalMovesForBoard: found 34 moves for Black from board:
[SimpleEngine] Crazyhouse: 34 moves, 105 drops, reserve: [knight, rook, bishop]
[SimpleEngine] getLegalMovesForBoard: found 20 moves for White from board:
[SimpleEngine] getLegalMovesForBoard: found 20 moves for White from board:
[SimpleEngine] getLegalMovesForBoard: found 19 moves for White from board:
[SimpleEngine] getLegalMovesForBoard: found 19 moves for White from board:
[SimpleEngine] getLegalMovesForBoard: found 19 moves for White from board:
[SimpleEngine] getLegalMovesForBoard: found 19 moves for White from board:
[SimpleEngine] getLegalMovesForBoard: found 18 moves for White from board:
[SimpleEngine] getLegalMovesForBoard: found 18 moves for White from board:
[SimpleEngine] getLegalMovesForBoard: found 20 moves for White from board:
[SimpleEngine] getLegalMovesForBoard: found 21 moves for White from board:
[SimpleEngine] getLegalMovesForBoard: found 21 moves for White from board:
[SimpleEngine] getLegalMovesForBoard: found 21 moves for White from board:
[SimpleEngine] getLegalMovesForBoard: found 21 moves for White from board:
[SimpleEngine] getLegalMovesForBoard: found 18 moves for White from board:
[SimpleEngine] getLegalMovesForBoard: found 18 moves for White from board:
[SimpleEngine] getLegalMovesForBoard: found 20 moves for White from board:
[SimpleEngine] getLegalMovesForBoard: found 20 moves for White from board:
[SimpleEngine] getLegalMovesForBoard: found 20 moves for White from board:
[SimpleEngine] getLegalMovesForBoard: found 20 moves for White from board:
[SimpleEngine] getLegalMovesForBoard: found 20 moves for White from board:
[SimpleEngine] getLegalMovesForBoard: found 19 moves for White from board:
[SimpleEngine] getLegalMovesForBoard: found 19 moves for White from board:
[SimpleEngine] getLegalMovesForBoard: found 22 moves for White from board:
[SimpleEngine] getLegalMovesForBoard: found 20 moves for White from board:
[SimpleEngine] getLegalMovesForBoard: found 20 moves for White from board:
[SimpleEngine] getLegalMovesForBoard: found 21 moves for White from board:
[SimpleEngine] getLegalMovesForBoard: found 20 moves for White from board:
[SimpleEngine] getLegalMovesForBoard: found 20 moves for White from board:
[SimpleEngine] getLegalMovesForBoard: found 19 moves for White from board:
[SimpleEngine] getLegalMovesForBoard: found 20 moves for White from board:
[SimpleEngine] getLegalMovesForBoard: found 21 moves for White from board:
[SimpleEngine] getLegalMovesForBoard: found 20 moves for White from board:
[SimpleEngine] getLegalMovesForBoard: found 20 moves for White from board:
[SimpleEngine] getLegalMovesForBoard: found 21 moves for White from board:
[SimpleEngine] Best move: c7d6 (score: -22230)
[DEBUG_MOVE] Turn switch: isWhiteTurn=true, whiteType=computer, blackType=computer
[DEBUG_MOVE] nextPlayerType=computer, computerExists=true, isGameOver=false
[DEBUG_MOVE] computerPlayers.white=true, computerPlayers.black=true
[DEBUG_MOVE] Triggering computer move! Retry: 0
[COMPUTER] Scheduling move for White in 0ms
[COMPUTER] Time check - Game clock: 929942ms, Tournament: 3588611ms
[COMPUTER] Crazyhouse move request, level -1, reserve: [], FEN: 5br1/pr1kpppp/np1qpn2/8/P1P5/1PNP2P1/4PP1P/R2QKB1b w - - 0 1
[SimpleEngine] getLegalMovesForBoard: found 27 moves for White from board:
[SimpleEngine] Crazyhouse: 27 moves, 0 drops, reserve: []
[SimpleEngine] Random move: b3b4
[DEBUG_MOVE] Turn switch: isWhiteTurn=false, whiteType=computer, blackType=computer
[DEBUG_MOVE] nextPlayerType=computer, computerExists=true, isGameOver=false
[DEBUG_MOVE] computerPlayers.white=true, computerPlayers.black=true
[DEBUG_MOVE] Triggering computer move! Retry: 0
[COMPUTER] Scheduling move for Black in 0ms
[COMPUTER] Time check - Game clock: 959713ms, Tournament: 3588603ms
[COMPUTER] Crazyhouse move request, level 0, reserve: [knight, rook, bishop, pawn], FEN: 5br1/pr1kpppp/np1qpn2/8/PPP5/2NP2P1/4PP1P/R2QKB1b b - - 0 1
[SimpleEngine] getLegalMovesForBoard: found 39 moves for Black from board:
[SimpleEngine] Crazyhouse: 39 moves, 135 drops, reserve: [knight, rook, bishop, pawn]
[SimpleEngine] getLegalMovesForBoard: found 19 moves for White from board:
[SimpleEngine] getLegalMovesForBoard: found 19 moves for White from board:
[SimpleEngine] getLegalMovesForBoard: found 19 moves for White from board:
[SimpleEngine] getLegalMovesForBoard: found 19 moves for White from board:
[SimpleEngine] getLegalMovesForBoard: found 19 moves for White from board:
[SimpleEngine] getLegalMovesForBoard: found 19 moves for White from board:
[SimpleEngine] getLegalMovesForBoard: found 19 moves for White from board:
[SimpleEngine] getLegalMovesForBoard: found 19 moves for White from board:
[SimpleEngine] getLegalMovesForBoard: found 19 moves for White from board:
[SimpleEngine] getLegalMovesForBoard: found 19 moves for White from board:
[SimpleEngine] getLegalMovesForBoard: found 19 moves for White from board:
[SimpleEngine] getLegalMovesForBoard: found 19 moves for White from board:
[SimpleEngine] getLegalMovesForBoard: found 19 moves for White from board:
[SimpleEngine] getLegalMovesForBoard: found 19 moves for White from board:
[SimpleEngine] getLegalMovesForBoard: found 19 moves for White from board:
[SimpleEngine] getLegalMovesForBoard: found 18 moves for White from board:
[SimpleEngine] getLegalMovesForBoard: found 20 moves for White from board:
[SimpleEngine] getLegalMovesForBoard: found 19 moves for White from board:
[SimpleEngine] getLegalMovesForBoard: found 19 moves for White from board:
[SimpleEngine] getLegalMovesForBoard: found 19 moves for White from board:
[SimpleEngine] getLegalMovesForBoard: found 19 moves for White from board:
[SimpleEngine] getLegalMovesForBoard: found 20 moves for White from board:
[SimpleEngine] getLegalMovesForBoard: found 19 moves for White from board:
[SimpleEngine] getLegalMovesForBoard: found 18 moves for White from board:
[SimpleEngine] getLegalMovesForBoard: found 18 moves for White from board:
[SimpleEngine] getLegalMovesForBoard: found 19 moves for White from board:
[SimpleEngine] getLegalMovesForBoard: found 20 moves for White from board:
[SimpleEngine] getLegalMovesForBoard: found 18 moves for White from board:
[SimpleEngine] getLegalMovesForBoard: found 19 moves for White from board:
[SimpleEngine] getLegalMovesForBoard: found 19 moves for White from board:
[SimpleEngine] getLegalMovesForBoard: found 20 moves for White from board:
[SimpleEngine] getLegalMovesForBoard: found 19 moves for White from board:
[SimpleEngine] getLegalMovesForBoard: found 19 moves for White from board:
[SimpleEngine] getLegalMovesForBoard: found 18 moves for White from board:
[SimpleEngine] getLegalMovesForBoard: found 19 moves for White from board:
[SimpleEngine] getLegalMovesForBoard: found 20 moves for White from board:
[SimpleEngine] getLegalMovesForBoard: found 19 moves for White from board:
[SimpleEngine] getLegalMovesForBoard: found 19 moves for White from board:
[SimpleEngine] getLegalMovesForBoard: found 20 moves for White from board:
[SimpleEngine] Best move: d7c6 (score: -22330)
[DEBUG_MOVE] Turn switch: isWhiteTurn=true, whiteType=computer, blackType=computer
[DEBUG_MOVE] nextPlayerType=computer, computerExists=true, isGameOver=false
[DEBUG_MOVE] computerPlayers.white=true, computerPlayers.black=true
[DEBUG_MOVE] Triggering computer move! Retry: 0
[COMPUTER] Scheduling move for White in 0ms
[COMPUTER] Time check - Game clock: 959934ms, Tournament: 3588585ms
[COMPUTER] Crazyhouse move request, level -1, reserve: [], FEN: 5br1/pr2pppp/npkqpn2/8/PPP5/2NP2P1/4PP1P/R2QKB1b w - - 0 1
[SimpleEngine] getLegalMovesForBoard: found 28 moves for White from board:
[SimpleEngine] Crazyhouse: 28 moves, 0 drops, reserve: []
[SimpleEngine] Random move: h2h3
[DEBUG_MOVE] Turn switch: isWhiteTurn=false, whiteType=computer, blackType=computer
[DEBUG_MOVE] nextPlayerType=computer, computerExists=true, isGameOver=false
[DEBUG_MOVE] computerPlayers.white=true, computerPlayers.black=true
[DEBUG_MOVE] Triggering computer move! Retry: 0
[COMPUTER] Scheduling move for Black in 0ms
[COMPUTER] Time check - Game clock: 989696ms, Tournament: 3588580ms
[COMPUTER] Crazyhouse move request, level 0, reserve: [knight, rook, bishop, pawn], FEN: 5br1/pr2pppp/npkqpn2/8/PPP5/2NP2PP/4PP2/R2QKB1b b - - 0 1
[SimpleEngine] getLegalMovesForBoard: found 41 moves for Black from board:
[SimpleEngine] Crazyhouse: 41 moves, 135 drops, reserve: [knight, rook, bishop, pawn]
[SimpleEngine] getLegalMovesForBoard: found 17 moves for White from board:
[SimpleEngine] getLegalMovesForBoard: found 17 moves for White from board:
[SimpleEngine] getLegalMovesForBoard: found 17 moves for White from board:
[SimpleEngine] getLegalMovesForBoard: found 17 moves for White from board:
[SimpleEngine] getLegalMovesForBoard: found 17 moves for White from board:
[SimpleEngine] getLegalMovesForBoard: found 17 moves for White from board:
[SimpleEngine] getLegalMovesForBoard: found 17 moves for White from board:
[SimpleEngine] getLegalMovesForBoard: found 17 moves for White from board:
[SimpleEngine] getLegalMovesForBoard: found 17 moves for White from board:
[SimpleEngine] getLegalMovesForBoard: found 17 moves for White from board:
[SimpleEngine] getLegalMovesForBoard: found 17 moves for White from board:
[SimpleEngine] getLegalMovesForBoard: found 16 moves for White from board:
[SimpleEngine] getLegalMovesForBoard: found 18 moves for White from board:
[SimpleEngine] getLegalMovesForBoard: found 17 moves for White from board:
[SimpleEngine] getLegalMovesForBoard: found 17 moves for White from board:
[SimpleEngine] getLegalMovesForBoard: found 18 moves for White from board:
[SimpleEngine] getLegalMovesForBoard: found 17 moves for White from board:
[SimpleEngine] getLegalMovesForBoard: found 18 moves for White from board:
[SimpleEngine] getLegalMovesForBoard: found 17 moves for White from board:
[SimpleEngine] getLegalMovesForBoard: found 17 moves for White from board:
[SimpleEngine] getLegalMovesForBoard: found 17 moves for White from board:
[SimpleEngine] getLegalMovesForBoard: found 17 moves for White from board:
[SimpleEngine] getLegalMovesForBoard: found 17 moves for White from board:
[SimpleEngine] getLegalMovesForBoard: found 18 moves for White from board:
[SimpleEngine] getLegalMovesForBoard: found 17 moves for White from board:
[SimpleEngine] getLegalMovesForBoard: found 16 moves for White from board:
[SimpleEngine] getLegalMovesForBoard: found 16 moves for White from board:
[SimpleEngine] getLegalMovesForBoard: found 17 moves for White from board:
[SimpleEngine] getLegalMovesForBoard: found 18 moves for White from board:
[SimpleEngine] getLegalMovesForBoard: found 16 moves for White from board:
[SimpleEngine] getLegalMovesForBoard: found 17 moves for White from board:
[SimpleEngine] getLegalMovesForBoard: found 17 moves for White from board:
[SimpleEngine] getLegalMovesForBoard: found 17 moves for White from board:
[SimpleEngine] getLegalMovesForBoard: found 18 moves for White from board:
[SimpleEngine] getLegalMovesForBoard: found 17 moves for White from board:
[SimpleEngine] getLegalMovesForBoard: found 17 moves for White from board:
[SimpleEngine] getLegalMovesForBoard: found 17 moves for White from board:
[SimpleEngine] getLegalMovesForBoard: found 18 moves for White from board:
[SimpleEngine] getLegalMovesForBoard: found 17 moves for White from board:
[SimpleEngine] getLegalMovesForBoard: found 17 moves for White from board:
[SimpleEngine] getLegalMovesForBoard: found 18 moves for White from board:
[SimpleEngine] Best move: g7g6 (score: -22330)
[DEBUG_MOVE] Turn switch: isWhiteTurn=true, whiteType=computer, blackType=computer
[DEBUG_MOVE] nextPlayerType=computer, computerExists=true, isGameOver=false
[DEBUG_MOVE] computerPlayers.white=true, computerPlayers.black=true
[DEBUG_MOVE] Triggering computer move! Retry: 0
[COMPUTER] Scheduling move for White in 0ms
[COMPUTER] Time check - Game clock: 989929ms, Tournament: 3588562ms
[COMPUTER] Crazyhouse move request, level -1, reserve: [], FEN: 5br1/pr2pp1p/npkqpnp1/8/PPP5/2NP2PP/4PP2/R2QKB1b w - - 0 1
[SimpleEngine] getLegalMovesForBoard: found 26 moves for White from board:
[SimpleEngine] Crazyhouse: 26 moves, 0 drops, reserve: []
[SimpleEngine] Random move: c4c5
[DEBUG_MOVE] Turn switch: isWhiteTurn=false, whiteType=computer, blackType=computer
[DEBUG_MOVE] nextPlayerType=computer, computerExists=true, isGameOver=false
[DEBUG_MOVE] computerPlayers.white=true, computerPlayers.black=true
[DEBUG_MOVE] Triggering computer move! Retry: 0
[COMPUTER] Scheduling move for Black in 0ms
[COMPUTER] Time check - Game clock: 1019679ms, Tournament: 3588560ms
[COMPUTER] Crazyhouse move request, level 0, reserve: [knight, rook, bishop, pawn], FEN: 5br1/pr2pp1p/npkqpnp1/2P5/PP6/2NP2PP/4PP2/R2QKB1b b - - 0 1
[SimpleEngine] getLegalMovesForBoard: found 43 moves for Black from board:
[SimpleEngine] Crazyhouse: 43 moves, 135 drops, reserve: [knight, rook, bishop, pawn]
[SimpleEngine] getLegalMovesForBoard: found 18 moves for White from board:
[SimpleEngine] getLegalMovesForBoard: found 18 moves for White from board:
[SimpleEngine] getLegalMovesForBoard: found 18 moves for White from board:
[SimpleEngine] getLegalMovesForBoard: found 18 moves for White from board:
[SimpleEngine] getLegalMovesForBoard: found 18 moves for White from board:
[SimpleEngine] getLegalMovesForBoard: found 18 moves for White from board:
[SimpleEngine] getLegalMovesForBoard: found 18 moves for White from board:
[SimpleEngine] getLegalMovesForBoard: found 18 moves for White from board:
[SimpleEngine] getLegalMovesForBoard: found 18 moves for White from board:
[SimpleEngine] getLegalMovesForBoard: found 18 moves for White from board:
[SimpleEngine] getLegalMovesForBoard: found 18 moves for White from board:
[SimpleEngine] getLegalMovesForBoard: found 17 moves for White from board:
[SimpleEngine] getLegalMovesForBoard: found 17 moves for White from board:
[SimpleEngine] getLegalMovesForBoard: found 17 moves for White from board:
[SimpleEngine] getLegalMovesForBoard: found 17 moves for White from board:
[SimpleEngine] getLegalMovesForBoard: found 19 moves for White from board:
[SimpleEngine] getLegalMovesForBoard: found 19 moves for White from board:
[SimpleEngine] getLegalMovesForBoard: found 19 moves for White from board:
[SimpleEngine] getLegalMovesForBoard: found 17 moves for White from board:
[SimpleEngine] getLegalMovesForBoard: found 19 moves for White from board:
[SimpleEngine] getLegalMovesForBoard: found 17 moves for White from board:
[SimpleEngine] getLegalMovesForBoard: found 17 moves for White from board:
[SimpleEngine] getLegalMovesForBoard: found 17 moves for White from board:
[SimpleEngine] getLegalMovesForBoard: found 17 moves for White from board:
[SimpleEngine] getLegalMovesForBoard: found 17 moves for White from board:
[SimpleEngine] getLegalMovesForBoard: found 17 moves for White from board:
[SimpleEngine] getLegalMovesForBoard: found 17 moves for White from board:
[SimpleEngine] getLegalMovesForBoard: found 16 moves for White from board:
[SimpleEngine] getLegalMovesForBoard: found 17 moves for White from board:
[SimpleEngine] getLegalMovesForBoard: found 18 moves for White from board:
[SimpleEngine] getLegalMovesForBoard: found 16 moves for White from board:
[SimpleEngine] getLegalMovesForBoard: found 18 moves for White from board:
[SimpleEngine] getLegalMovesForBoard: found 18 moves for White from board:
[SimpleEngine] getLegalMovesForBoard: found 18 moves for White from board:
[SimpleEngine] getLegalMovesForBoard: found 18 moves for White from board:
[SimpleEngine] getLegalMovesForBoard: found 18 moves for White from board:
[SimpleEngine] getLegalMovesForBoard: found 18 moves for White from board:
[SimpleEngine] getLegalMovesForBoard: found 18 moves for White from board:
[SimpleEngine] getLegalMovesForBoard: found 18 moves for White from board:
[SimpleEngine] getLegalMovesForBoard: found 18 moves for White from board:
[SimpleEngine] getLegalMovesForBoard: found 18 moves for White from board:
[SimpleEngine] getLegalMovesForBoard: found 18 moves for White from board:
[SimpleEngine] getLegalMovesForBoard: found 19 moves for White from board:
[SimpleEngine] Best move: b6c5 (score: -22330)
[DEBUG_MOVE] Turn switch: isWhiteTurn=true, whiteType=computer, blackType=computer
[DEBUG_MOVE] nextPlayerType=computer, computerExists=true, isGameOver=false
[DEBUG_MOVE] computerPlayers.white=true, computerPlayers.black=true
[DEBUG_MOVE] Triggering computer move! Retry: 0
[COMPUTER] Scheduling move for White in 0ms
[COMPUTER] Time check - Game clock: 1019926ms, Tournament: 3588543ms
[COMPUTER] Crazyhouse move request, level -1, reserve: [], FEN: 5br1/pr2pp1p/n1kqpnp1/2p5/PP6/2NP2PP/4PP2/R2QKB1b w - - 0 1
[SimpleEngine] getLegalMovesForBoard: found 26 moves for White from board:
[SimpleEngine] Crazyhouse: 26 moves, 0 drops, reserve: []
[SimpleEngine] Random move: d1d2
[DEBUG_MOVE] Turn switch: isWhiteTurn=false, whiteType=computer, blackType=computer
[DEBUG_MOVE] nextPlayerType=computer, computerExists=true, isGameOver=false
[DEBUG_MOVE] computerPlayers.white=true, computerPlayers.black=true
[DEBUG_MOVE] Triggering computer move! Retry: 0
[COMPUTER] Scheduling move for Black in 0ms
[COMPUTER] Time check - Game clock: 1049663ms, Tournament: 3588542ms
[COMPUTER] Crazyhouse move request, level 0, reserve: [knight, rook, bishop, pawn, pawn], FEN: 5br1/pr2pp1p/n1kqpnp1/2p5/PP6/2NP2PP/3QPP2/R3KB1b b - - 0 1
[SimpleEngine] getLegalMovesForBoard: found 44 moves for Black from board:
[SimpleEngine] Crazyhouse: 44 moves, 138 drops, reserve: [knight, rook, bishop, pawn, pawn]
[SimpleEngine] getLegalMovesForBoard: found 21 moves for White from board:
[SimpleEngine] getLegalMovesForBoard: found 21 moves for White from board:
[SimpleEngine] getLegalMovesForBoard: found 21 moves for White from board:
[SimpleEngine] getLegalMovesForBoard: found 21 moves for White from board:
[SimpleEngine] getLegalMovesForBoard: found 21 moves for White from board:
[SimpleEngine] getLegalMovesForBoard: found 21 moves for White from board:
[SimpleEngine] getLegalMovesForBoard: found 21 moves for White from board:
[SimpleEngine] getLegalMovesForBoard: found 21 moves for White from board:
[SimpleEngine] getLegalMovesForBoard: found 21 moves for White from board:
[SimpleEngine] getLegalMovesForBoard: found 19 moves for White from board:
[SimpleEngine] getLegalMovesForBoard: found 21 moves for White from board:
[SimpleEngine] getLegalMovesForBoard: found 21 moves for White from board:
[SimpleEngine] getLegalMovesForBoard: found 21 moves for White from board:
[SimpleEngine] getLegalMovesForBoard: found 21 moves for White from board:
[SimpleEngine] getLegalMovesForBoard: found 19 moves for White from board:
[SimpleEngine] getLegalMovesForBoard: found 21 moves for White from board:
[SimpleEngine] getLegalMovesForBoard: found 21 moves for White from board:
[SimpleEngine] getLegalMovesForBoard: found 21 moves for White from board:
[SimpleEngine] getLegalMovesForBoard: found 21 moves for White from board:
[SimpleEngine] getLegalMovesForBoard: found 21 moves for White from board:
[SimpleEngine] getLegalMovesForBoard: found 21 moves for White from board:
[SimpleEngine] getLegalMovesForBoard: found 21 moves for White from board:
[SimpleEngine] getLegalMovesForBoard: found 21 moves for White from board:
[SimpleEngine] getLegalMovesForBoard: found 21 moves for White from board:
[SimpleEngine] getLegalMovesForBoard: found 21 moves for White from board:
[SimpleEngine] getLegalMovesForBoard: found 21 moves for White from board:
[SimpleEngine] getLegalMovesForBoard: found 20 moves for White from board:
[SimpleEngine] getLegalMovesForBoard: found 19 moves for White from board:
[SimpleEngine] getLegalMovesForBoard: found 23 moves for White from board:
[SimpleEngine] getLegalMovesForBoard: found 20 moves for White from board:
[SimpleEngine] getLegalMovesForBoard: found 21 moves for White from board:
[SimpleEngine] getLegalMovesForBoard: found 21 moves for White from board:
[SimpleEngine] getLegalMovesForBoard: found 21 moves for White from board:
[SimpleEngine] getLegalMovesForBoard: found 21 moves for White from board:
[SimpleEngine] getLegalMovesForBoard: found 21 moves for White from board:
[SimpleEngine] getLegalMovesForBoard: found 21 moves for White from board:
[SimpleEngine] getLegalMovesForBoard: found 21 moves for White from board:
[SimpleEngine] getLegalMovesForBoard: found 20 moves for White from board:
[SimpleEngine] getLegalMovesForBoard: found 19 moves for White from board:
[SimpleEngine] getLegalMovesForBoard: found 21 moves for White from board:
[SimpleEngine] getLegalMovesForBoard: found 21 moves for White from board:
[SimpleEngine] getLegalMovesForBoard: found 21 moves for White from board:
[SimpleEngine] getLegalMovesForBoard: found 21 moves for White from board:
[SimpleEngine] getLegalMovesForBoard: found 22 moves for White from board:
[SimpleEngine] Best move: b7b4 (score: -21830)
[DEBUG_MOVE] Turn switch: isWhiteTurn=true, whiteType=computer, blackType=computer
[DEBUG_MOVE] nextPlayerType=computer, computerExists=true, isGameOver=false
[DEBUG_MOVE] computerPlayers.white=true, computerPlayers.black=true
[DEBUG_MOVE] Triggering computer move! Retry: 0
[COMPUTER] Scheduling move for White in 0ms
Move request for game game_19: 1,6 -> 1,5 by hwan (promo: queen)
[DEBUG_MOVE] Turn switch: isWhiteTurn=false, whiteType=human, blackType=computer
[DEBUG_MOVE] nextPlayerType=computer, computerExists=true, isGameOver=false
[DEBUG_MOVE] computerPlayers.white=false, computerPlayers.black=true
[DEBUG_MOVE] Triggering computer move! Retry: 0
[COMPUTER] Scheduling move for Black in 0ms
Move result: { success: true, gameOver: false, winner: null }
[COMPUTER] Time check - Game clock: 1049924ms, Tournament: 3588503ms
[COMPUTER] Crazyhouse move request, level -1, reserve: [], FEN: 5br1/p3pp1p/n1kqpnp1/2p5/Pr6/2NP2PP/3QPP2/R3KB1b w - - 0 1
[SimpleEngine] getLegalMovesForBoard: found 30 moves for White from board:
[SimpleEngine] Crazyhouse: 30 moves, 0 drops, reserve: []
[SimpleEngine] Random move: c3b5
[DEBUG_MOVE] Turn switch: isWhiteTurn=false, whiteType=computer, blackType=computer
[DEBUG_MOVE] nextPlayerType=computer, computerExists=true, isGameOver=false
[DEBUG_MOVE] computerPlayers.white=true, computerPlayers.black=true
[DEBUG_MOVE] Triggering computer move! Retry: 0
[COMPUTER] Scheduling move for Black in 0ms
[COMPUTER] Time check - Game clock: 1800000ms, Tournament: 3588499ms
[COMPUTER] Level 1, remaining: 1800000ms, consistency: 7200ms
[COMPUTER] Time check - Game clock: 1079624ms, Tournament: 3588497ms
[COMPUTER] Crazyhouse move request, level 0, reserve: [knight, rook, bishop, pawn, pawn, pawn], FEN: 5br1/p3pp1p/n1kqpnp1/1Np5/Pr6/3P2PP/3QPP2/R3KB1b b - - 0 1
[SimpleEngine] getLegalMovesForBoard: found 48 moves for Black from board:
[SimpleEngine] Crazyhouse: 48 moves, 142 drops, reserve: [knight, rook, bishop, pawn, pawn, pawn]
[SimpleEngine] getLegalMovesForBoard: found 27 moves for White from board:
[SimpleEngine] getLegalMovesForBoard: found 27 moves for White from board:
[SimpleEngine] getLegalMovesForBoard: found 27 moves for White from board:
[SimpleEngine] getLegalMovesForBoard: found 27 moves for White from board:
[SimpleEngine] getLegalMovesForBoard: found 27 moves for White from board:
[SimpleEngine] getLegalMovesForBoard: found 27 moves for White from board:
[SimpleEngine] getLegalMovesForBoard: found 27 moves for White from board:
[SimpleEngine] getLegalMovesForBoard: found 27 moves for White from board:
[SimpleEngine] getLegalMovesForBoard: found 27 moves for White from board:
[SimpleEngine] getLegalMovesForBoard: found 27 moves for White from board:
[SimpleEngine] getLegalMovesForBoard: found 27 moves for White from board:
[SimpleEngine] getLegalMovesForBoard: found 27 moves for White from board:
[SimpleEngine] getLegalMovesForBoard: found 22 moves for White from board:
[SimpleEngine] getLegalMovesForBoard: found 27 moves for White from board:
[SimpleEngine] getLegalMovesForBoard: found 27 moves for White from board:
[SimpleEngine] getLegalMovesForBoard: found 27 moves for White from board:
[SimpleEngine] getLegalMovesForBoard: found 27 moves for White from board:
[SimpleEngine] getLegalMovesForBoard: found 27 moves for White from board:
[SimpleEngine] getLegalMovesForBoard: found 27 moves for White from board:
[SimpleEngine] getLegalMovesForBoard: found 27 moves for White from board:
[SimpleEngine] getLegalMovesForBoard: found 26 moves for White from board:
[SimpleEngine] getLegalMovesForBoard: found 25 moves for White from board:
[SimpleEngine] getLegalMovesForBoard: found 29 moves for White from board:
[SimpleEngine] getLegalMovesForBoard: found 26 moves for White from board:
[SimpleEngine] getLegalMovesForBoard: found 27 moves for White from board:
[SimpleEngine] getLegalMovesForBoard: found 27 moves for White from board:
[SimpleEngine] getLegalMovesForBoard: found 27 moves for White from board:
[SimpleEngine] getLegalMovesForBoard: found 27 moves for White from board:
[SimpleEngine] getLegalMovesForBoard: found 27 moves for White from board:
[SimpleEngine] getLegalMovesForBoard: found 27 moves for White from board:
[SimpleEngine] getLegalMovesForBoard: found 27 moves for White from board:
[SimpleEngine] getLegalMovesForBoard: found 26 moves for White from board:
[SimpleEngine] getLegalMovesForBoard: found 27 moves for White from board:
[SimpleEngine] getLegalMovesForBoard: found 24 moves for White from board:
[SimpleEngine] getLegalMovesForBoard: found 28 moves for White from board:
[SimpleEngine] getLegalMovesForBoard: found 29 moves for White from board:
[SimpleEngine] getLegalMovesForBoard: found 28 moves for White from board:
[SimpleEngine] getLegalMovesForBoard: found 29 moves for White from board:
[SimpleEngine] getLegalMovesForBoard: found 27 moves for White from board:
[SimpleEngine] getLegalMovesForBoard: found 29 moves for White from board:
[SimpleEngine] getLegalMovesForBoard: found 29 moves for White from board:
[SimpleEngine] getLegalMovesForBoard: found 29 moves for White from board:
[SimpleEngine] getLegalMovesForBoard: found 28 moves for White from board:
[SimpleEngine] getLegalMovesForBoard: found 28 moves for White from board:
[SimpleEngine] getLegalMovesForBoard: found 27 moves for White from board:
[SimpleEngine] getLegalMovesForBoard: found 27 moves for White from board:
[SimpleEngine] getLegalMovesForBoard: found 27 moves for White from board:
[SimpleEngine] getLegalMovesForBoard: found 28 moves for White from board:
[SimpleEngine] Best move: b4b5 (score: -21650)
[DEBUG_MOVE] Turn switch: isWhiteTurn=true, whiteType=computer, blackType=computer
[DEBUG_MOVE] nextPlayerType=computer, computerExists=true, isGameOver=false
[DEBUG_MOVE] computerPlayers.white=true, computerPlayers.black=true
[DEBUG_MOVE] Triggering computer move! Retry: 0
[COMPUTER] Scheduling move for White in 0ms
[COMPUTER] Time check - Game clock: 1079920ms, Tournament: 3588445ms
[COMPUTER] Crazyhouse move request, level -1, reserve: [], FEN: 5br1/p3pp1p/n1kqpnp1/1rp5/P7/3P2PP/3QPP2/R3KB1b w - - 0 1
[SimpleEngine] getLegalMovesForBoard: found 28 moves for White from board:
[SimpleEngine] Crazyhouse: 28 moves, 0 drops, reserve: []
[SimpleEngine] Random move: f1g2
[DEBUG_MOVE] Turn switch: isWhiteTurn=false, whiteType=computer, blackType=computer
[DEBUG_MOVE] nextPlayerType=computer, computerExists=true, isGameOver=false
[DEBUG_MOVE] computerPlayers.white=true, computerPlayers.black=true
[DEBUG_MOVE] Triggering computer move! Retry: 0
[COMPUTER] Scheduling move for Black in 0ms
[COMPUTER] Time check - Game clock: 1109585ms, Tournament: 3588433ms
[COMPUTER] Crazyhouse move request, level 0, reserve: [knight, rook, bishop, pawn, pawn, pawn, knight], FEN: 5br1/p3pp1p/n1kqpnp1/1rp5/P7/3P2PP/3QPPB1/R3K2b b - - 0 1
[SimpleEngine] getLegalMovesForBoard: found 41 moves for Black from board:
[SimpleEngine] Crazyhouse: 41 moves, 142 drops, reserve: [knight, rook, bishop, pawn, pawn, pawn, knight]
[SimpleEngine] getLegalMovesForBoard: found 29 moves for White from board:
[SimpleEngine] getLegalMovesForBoard: found 29 moves for White from board:
[SimpleEngine] getLegalMovesForBoard: found 29 moves for White from board:
[SimpleEngine] getLegalMovesForBoard: found 29 moves for White from board:
[SimpleEngine] getLegalMovesForBoard: found 29 moves for White from board:
[SimpleEngine] getLegalMovesForBoard: found 29 moves for White from board:
[SimpleEngine] getLegalMovesForBoard: found 29 moves for White from board:
[SimpleEngine] getLegalMovesForBoard: found 29 moves for White from board:
[SimpleEngine] getLegalMovesForBoard: found 27 moves for White from board:
[SimpleEngine] getLegalMovesForBoard: found 30 moves for White from board:
[SimpleEngine] getLegalMovesForBoard: found 30 moves for White from board:
[SimpleEngine] getLegalMovesForBoard: found 30 moves for White from board:
[SimpleEngine] getLegalMovesForBoard: found 30 moves for White from board:
[SimpleEngine] getLegalMovesForBoard: found 28 moves for White from board:
[SimpleEngine] getLegalMovesForBoard: found 29 moves for White from board:
[SimpleEngine] getLegalMovesForBoard: found 29 moves for White from board:
[SimpleEngine] getLegalMovesForBoard: found 29 moves for White from board:
[SimpleEngine] getLegalMovesForBoard: found 29 moves for White from board:
[SimpleEngine] getLegalMovesForBoard: found 28 moves for White from board:
[SimpleEngine] getLegalMovesForBoard: found 29 moves for White from board:
[SimpleEngine] getLegalMovesForBoard: found 28 moves for White from board:
[SimpleEngine] getLegalMovesForBoard: found 27 moves for White from board:
[SimpleEngine] getLegalMovesForBoard: found 31 moves for White from board:
[SimpleEngine] getLegalMovesForBoard: found 28 moves for White from board:
[SimpleEngine] getLegalMovesForBoard: found 29 moves for White from board:
[SimpleEngine] getLegalMovesForBoard: found 29 moves for White from board:
[SimpleEngine] getLegalMovesForBoard: found 28 moves for White from board:
[SimpleEngine] getLegalMovesForBoard: found 29 moves for White from board:
[SimpleEngine] getLegalMovesForBoard: found 27 moves for White from board:
[SimpleEngine] getLegalMovesForBoard: found 29 moves for White from board:
[SimpleEngine] getLegalMovesForBoard: found 28 moves for White from board:
[SimpleEngine] getLegalMovesForBoard: found 28 moves for White from board:
[SimpleEngine] getLegalMovesForBoard: found 28 moves for White from board:
[SimpleEngine] getLegalMovesForBoard: found 28 moves for White from board:
[SimpleEngine] getLegalMovesForBoard: found 27 moves for White from board:
[SimpleEngine] getLegalMovesForBoard: found 26 moves for White from board:
[SimpleEngine] getLegalMovesForBoard: found 28 moves for White from board:
[SimpleEngine] getLegalMovesForBoard: found 27 moves for White from board:
[SimpleEngine] getLegalMovesForBoard: found 27 moves for White from board:
[SimpleEngine] getLegalMovesForBoard: found 29 moves for White from board:
[SimpleEngine] getLegalMovesForBoard: found 25 moves for White from board:
[SimpleEngine] Best move: c6b6 (score: -21420)
[DEBUG_MOVE] Turn switch: isWhiteTurn=true, whiteType=computer, blackType=computer
[DEBUG_MOVE] nextPlayerType=computer, computerExists=true, isGameOver=false
[DEBUG_MOVE] computerPlayers.white=true, computerPlayers.black=true
[DEBUG_MOVE] Triggering computer move! Retry: 0
[COMPUTER] Scheduling move for White in 0ms
[COMPUTER] Time check - Game clock: 1109902ms, Tournament: 3588376ms
[COMPUTER] Crazyhouse move request, level -1, reserve: [], FEN: 5br1/p3pp1p/nk1qpnp1/1rp5/P7/3P2PP/3QPPB1/R3K2b w - - 0 1
[SimpleEngine] getLegalMovesForBoard: found 36 moves for White from board:
[SimpleEngine] Crazyhouse: 36 moves, 0 drops, reserve: []
[SimpleEngine] Random move: g2b7
[DEBUG_MOVE] Turn switch: isWhiteTurn=false, whiteType=computer, blackType=computer
[DEBUG_MOVE] nextPlayerType=computer, computerExists=true, isGameOver=false
[DEBUG_MOVE] computerPlayers.white=true, computerPlayers.black=true
[DEBUG_MOVE] Triggering computer move! Retry: 0
[COMPUTER] Scheduling move for Black in 0ms
[COMPUTER] Time check - Game clock: 1139521ms, Tournament: 3588369ms
[COMPUTER] Crazyhouse move request, level 0, reserve: [knight, rook, bishop, pawn, pawn, pawn, knight], FEN: 5br1/pB2pp1p/nk1qpnp1/1rp5/P7/3P2PP/3QPP2/R3K2b b - - 0 1
[SimpleEngine] getLegalMovesForBoard: found 44 moves for Black from board:
[SimpleEngine] Crazyhouse: 44 moves, 145 drops, reserve: [knight, rook, bishop, pawn, pawn, pawn, knight]
[SimpleEngine] getLegalMovesForBoard: found 31 moves for White from board:
[SimpleEngine] getLegalMovesForBoard: found 31 moves for White from board:
[SimpleEngine] getLegalMovesForBoard: found 31 moves for White from board:
[SimpleEngine] getLegalMovesForBoard: found 31 moves for White from board:
[SimpleEngine] getLegalMovesForBoard: found 31 moves for White from board:
[SimpleEngine] getLegalMovesForBoard: found 31 moves for White from board:
[SimpleEngine] getLegalMovesForBoard: found 31 moves for White from board:
[SimpleEngine] getLegalMovesForBoard: found 31 moves for White from board:
[SimpleEngine] getLegalMovesForBoard: found 29 moves for White from board:
[SimpleEngine] getLegalMovesForBoard: found 24 moves for White from board:
[SimpleEngine] getLegalMovesForBoard: found 31 moves for White from board:
[SimpleEngine] getLegalMovesForBoard: found 28 moves for White from board:
[SimpleEngine] getLegalMovesForBoard: found 30 moves for White from board:
[SimpleEngine] getLegalMovesForBoard: found 31 moves for White from board:
[SimpleEngine] getLegalMovesForBoard: found 31 moves for White from board:
[SimpleEngine] getLegalMovesForBoard: found 31 moves for White from board:
[SimpleEngine] getLegalMovesForBoard: found 31 moves for White from board:
[SimpleEngine] getLegalMovesForBoard: found 28 moves for White from board:
[SimpleEngine] getLegalMovesForBoard: found 29 moves for White from board:
[SimpleEngine] getLegalMovesForBoard: found 31 moves for White from board:
[SimpleEngine] getLegalMovesForBoard: found 30 moves for White from board:
[SimpleEngine] getLegalMovesForBoard: found 29 moves for White from board:
[SimpleEngine] getLegalMovesForBoard: found 33 moves for White from board:
[SimpleEngine] getLegalMovesForBoard: found 30 moves for White from board:
[SimpleEngine] getLegalMovesForBoard: found 31 moves for White from board:
[SimpleEngine] getLegalMovesForBoard: found 31 moves for White from board:
[SimpleEngine] getLegalMovesForBoard: found 31 moves for White from board:
[SimpleEngine] getLegalMovesForBoard: found 29 moves for White from board:
[SimpleEngine] getLegalMovesForBoard: found 31 moves for White from board:
[SimpleEngine] getLegalMovesForBoard: found 30 moves for White from board:
[SimpleEngine] getLegalMovesForBoard: found 31 moves for White from board:
[SimpleEngine] getLegalMovesForBoard: found 30 moves for White from board:
[SimpleEngine] getLegalMovesForBoard: found 29 moves for White from board:
[SimpleEngine] getLegalMovesForBoard: found 28 moves for White from board:
[SimpleEngine] getLegalMovesForBoard: found 30 moves for White from board:
[SimpleEngine] getLegalMovesForBoard: found 29 moves for White from board:
[SimpleEngine] getLegalMovesForBoard: found 29 moves for White from board:
[SimpleEngine] getLegalMovesForBoard: found 31 moves for White from board:
[SimpleEngine] getLegalMovesForBoard: found 24 moves for White from board:
[SimpleEngine] getLegalMovesForBoard: found 28 moves for White from board:
[SimpleEngine] getLegalMovesForBoard: found 29 moves for White from board:
[SimpleEngine] getLegalMovesForBoard: found 30 moves for White from board:
[SimpleEngine] getLegalMovesForBoard: found 31 moves for White from board:
[SimpleEngine] getLegalMovesForBoard: found 33 moves for White from board:
[SimpleEngine] Best move: f8h6 (score: -21550)
[DEBUG_MOVE] Turn switch: isWhiteTurn=true, whiteType=computer, blackType=computer
[DEBUG_MOVE] nextPlayerType=computer, computerExists=true, isGameOver=false
[DEBUG_MOVE] computerPlayers.white=true, computerPlayers.black=true
[DEBUG_MOVE] Triggering computer move! Retry: 0
[COMPUTER] Scheduling move for White in 0ms
[COMPUTER] Time check - Game clock: 1139899ms, Tournament: 3588218ms
[COMPUTER] Crazyhouse move request, level -1, reserve: [], FEN: 6r1/pB2pp1p/nk1qpnpb/1rp5/P7/3P2PP/3QPP2/R3K2b w - - 0 1
[SimpleEngine] getLegalMovesForBoard: found 37 moves for White from board:
[SimpleEngine] Crazyhouse: 37 moves, 0 drops, reserve: []
[SimpleEngine] Random move: d2e3
[DEBUG_MOVE] Turn switch: isWhiteTurn=false, whiteType=computer, blackType=computer
[DEBUG_MOVE] nextPlayerType=computer, computerExists=true, isGameOver=false
[DEBUG_MOVE] computerPlayers.white=true, computerPlayers.black=true
[DEBUG_MOVE] Triggering computer move! Retry: 0
[COMPUTER] Scheduling move for Black in 0ms
[COMPUTER] Time check - Game clock: 1169365ms, Tournament: 3588212ms
[COMPUTER] Crazyhouse move request, level 0, reserve: [knight, rook, bishop, pawn, pawn, pawn, knight], FEN: 6r1/pB2pp1p/nk1qpnpb/1rp5/P7/3PQ1PP/4PP2/R3K2b b - - 0 1
[SimpleEngine] getLegalMovesForBoard: found 51 moves for Black from board:
[SimpleEngine] Crazyhouse: 51 moves, 144 drops, reserve: [knight, rook, bishop, pawn, pawn, pawn, knight]
[SimpleEngine] getLegalMovesForBoard: found 31 moves for White from board:
[SimpleEngine] getLegalMovesForBoard: found 31 moves for White from board:
[SimpleEngine] getLegalMovesForBoard: found 31 moves for White from board:
[SimpleEngine] getLegalMovesForBoard: found 31 moves for White from board:
[SimpleEngine] getLegalMovesForBoard: found 31 moves for White from board:
[SimpleEngine] getLegalMovesForBoard: found 31 moves for White from board:
[SimpleEngine] getLegalMovesForBoard: found 31 moves for White from board:
[SimpleEngine] getLegalMovesForBoard: found 31 moves for White from board:
[SimpleEngine] getLegalMovesForBoard: found 31 moves for White from board:
[SimpleEngine] getLegalMovesForBoard: found 31 moves for White from board:
[SimpleEngine] getLegalMovesForBoard: found 30 moves for White from board:
[SimpleEngine] getLegalMovesForBoard: found 24 moves for White from board:
[SimpleEngine] getLegalMovesForBoard: found 31 moves for White from board:
[SimpleEngine] getLegalMovesForBoard: found 28 moves for White from board:
[SimpleEngine] getLegalMovesForBoard: found 30 moves for White from board:
[SimpleEngine] getLegalMovesForBoard: found 31 moves for White from board:
[SimpleEngine] getLegalMovesForBoard: found 31 moves for White from board:
[SimpleEngine] getLegalMovesForBoard: found 31 moves for White from board:
[SimpleEngine] getLegalMovesForBoard: found 31 moves for White from board:
[SimpleEngine] getLegalMovesForBoard: found 28 moves for White from board:
[SimpleEngine] getLegalMovesForBoard: found 29 moves for White from board:
[SimpleEngine] getLegalMovesForBoard: found 30 moves for White from board:
[SimpleEngine] getLegalMovesForBoard: found 29 moves for White from board:
[SimpleEngine] getLegalMovesForBoard: found 29 moves for White from board:
[SimpleEngine] getLegalMovesForBoard: found 33 moves for White from board:
[SimpleEngine] getLegalMovesForBoard: found 31 moves for White from board:
[SimpleEngine] getLegalMovesForBoard: found 30 moves for White from board:
[SimpleEngine] getLegalMovesForBoard: found 31 moves for White from board:
[SimpleEngine] getLegalMovesForBoard: found 31 moves for White from board:
[SimpleEngine] getLegalMovesForBoard: found 29 moves for White from board:
[SimpleEngine] getLegalMovesForBoard: found 31 moves for White from board:
[SimpleEngine] getLegalMovesForBoard: found 29 moves for White from board:
[SimpleEngine] getLegalMovesForBoard: found 31 moves for White from board:
[SimpleEngine] getLegalMovesForBoard: found 30 moves for White from board:
[SimpleEngine] getLegalMovesForBoard: found 31 moves for White from board:
[SimpleEngine] getLegalMovesForBoard: found 31 moves for White from board:
[SimpleEngine] getLegalMovesForBoard: found 30 moves for White from board:
[SimpleEngine] getLegalMovesForBoard: found 29 moves for White from board:
[SimpleEngine] getLegalMovesForBoard: found 24 moves for White from board:
[SimpleEngine] getLegalMovesForBoard: found 29 moves for White from board:
[SimpleEngine] getLegalMovesForBoard: found 29 moves for White from board:
[SimpleEngine] getLegalMovesForBoard: found 30 moves for White from board:
[SimpleEngine] getLegalMovesForBoard: found 29 moves for White from board:
[SimpleEngine] getLegalMovesForBoard: found 29 moves for White from board:
[SimpleEngine] getLegalMovesForBoard: found 32 moves for White from board:
[SimpleEngine] getLegalMovesForBoard: found 24 moves for White from board:
[SimpleEngine] getLegalMovesForBoard: found 28 moves for White from board:
[SimpleEngine] getLegalMovesForBoard: found 29 moves for White from board:
[SimpleEngine] getLegalMovesForBoard: found 29 moves for White from board:
[SimpleEngine] getLegalMovesForBoard: found 31 moves for White from board:
[SimpleEngine] getLegalMovesForBoard: found 33 moves for White from board:
[SimpleEngine] Best move: h6e3 (score: -22350)
[DEBUG_MOVE] Turn switch: isWhiteTurn=true, whiteType=computer, blackType=computer
[DEBUG_MOVE] nextPlayerType=computer, computerExists=true, isGameOver=false
[DEBUG_MOVE] computerPlayers.white=true, computerPlayers.black=true
[DEBUG_MOVE] Triggering computer move! Retry: 0
[COMPUTER] Scheduling move for White in 0ms
[COMPUTER] Time check - Game clock: 1169897ms, Tournament: 3588168ms
[COMPUTER] Crazyhouse move request, level -1, reserve: [], FEN: 6r1/pB2pp1p/nk1qpnp1/1rp5/P7/3Pb1PP/4PP2/R3K2b w - - 0 1
[SimpleEngine] getLegalMovesForBoard: found 24 moves for White from board:
[SimpleEngine] Crazyhouse: 24 moves, 0 drops, reserve: []
[SimpleEngine] Random move: d3d4
[DEBUG_MOVE] Turn switch: isWhiteTurn=false, whiteType=computer, blackType=computer
[DEBUG_MOVE] nextPlayerType=computer, computerExists=true, isGameOver=false
[DEBUG_MOVE] computerPlayers.white=true, computerPlayers.black=true
[DEBUG_MOVE] Triggering computer move! Retry: 0
[COMPUTER] Scheduling move for Black in 0ms
[COMPUTER] Time check - Game clock: 1199324ms, Tournament: 3588167ms
[COMPUTER] Crazyhouse move request, level 0, reserve: [knight, rook, bishop, pawn, pawn, pawn, knight, queen], FEN: 6r1/pB2pp1p/nk1qpnp1/1rp5/P2P4/4b1PP/4PP2/R3K2b b - - 0 1
[SimpleEngine] getLegalMovesForBoard: found 55 moves for Black from board:
[SimpleEngine] Crazyhouse: 55 moves, 188 drops, reserve: [knight, rook, bishop, pawn, pawn, pawn, knight, queen]
[SimpleEngine] getLegalMovesForBoard: found 26 moves for White from board:
[SimpleEngine] getLegalMovesForBoard: found 26 moves for White from board:
[SimpleEngine] getLegalMovesForBoard: found 26 moves for White from board:
[SimpleEngine] getLegalMovesForBoard: found 26 moves for White from board:
[SimpleEngine] getLegalMovesForBoard: found 26 moves for White from board:
[SimpleEngine] getLegalMovesForBoard: found 26 moves for White from board:
[SimpleEngine] getLegalMovesForBoard: found 26 moves for White from board:
[SimpleEngine] getLegalMovesForBoard: found 26 moves for White from board:
[SimpleEngine] getLegalMovesForBoard: found 26 moves for White from board:
[SimpleEngine] getLegalMovesForBoard: found 26 moves for White from board:
[SimpleEngine] getLegalMovesForBoard: found 26 moves for White from board:
[SimpleEngine] getLegalMovesForBoard: found 26 moves for White from board:
[SimpleEngine] getLegalMovesForBoard: found 25 moves for White from board:
[SimpleEngine] getLegalMovesForBoard: found 19 moves for White from board:
[SimpleEngine] getLegalMovesForBoard: found 26 moves for White from board:
[SimpleEngine] getLegalMovesForBoard: found 23 moves for White from board:
[SimpleEngine] getLegalMovesForBoard: found 25 moves for White from board:
[SimpleEngine] getLegalMovesForBoard: found 26 moves for White from board:
[SimpleEngine] getLegalMovesForBoard: found 26 moves for White from board:
[SimpleEngine] getLegalMovesForBoard: found 26 moves for White from board:
[SimpleEngine] getLegalMovesForBoard: found 26 moves for White from board:
[SimpleEngine] getLegalMovesForBoard: found 23 moves for White from board:
[SimpleEngine] getLegalMovesForBoard: found 23 moves for White from board:
[SimpleEngine] getLegalMovesForBoard: found 27 moves for White from board:
[SimpleEngine] getLegalMovesForBoard: found 24 moves for White from board:
[SimpleEngine] getLegalMovesForBoard: found 26 moves for White from board:
[SimpleEngine] getLegalMovesForBoard: found 24 moves for White from board:
[SimpleEngine] getLegalMovesForBoard: found 27 moves for White from board:
[SimpleEngine] getLegalMovesForBoard: found 26 moves for White from board:
[SimpleEngine] getLegalMovesForBoard: found 26 moves for White from board:
[SimpleEngine] getLegalMovesForBoard: found 23 moves for White from board:
[SimpleEngine] getLegalMovesForBoard: found 26 moves for White from board:
[SimpleEngine] getLegalMovesForBoard: found 25 moves for White from board:
[SimpleEngine] getLegalMovesForBoard: found 26 moves for White from board:
[SimpleEngine] getLegalMovesForBoard: found 26 moves for White from board:
[SimpleEngine] getLegalMovesForBoard: found 24 moves for White from board:
[SimpleEngine] getLegalMovesForBoard: found 24 moves for White from board:
[SimpleEngine] getLegalMovesForBoard: found 25 moves for White from board:
[SimpleEngine] getLegalMovesForBoard: found 24 moves for White from board:
[SimpleEngine] getLegalMovesForBoard: found 24 moves for White from board:
[SimpleEngine] getLegalMovesForBoard: found 24 moves for White from board:
[SimpleEngine] getLegalMovesForBoard: found 24 moves for White from board:
[SimpleEngine] getLegalMovesForBoard: found 26 moves for White from board:
[SimpleEngine] getLegalMovesForBoard: found 26 moves for White from board:
[SimpleEngine] getLegalMovesForBoard: found 24 moves for White from board:
[SimpleEngine] getLegalMovesForBoard: found 26 moves for White from board:
[SimpleEngine] getLegalMovesForBoard: found 4 moves for White from board:
[SimpleEngine] getLegalMovesForBoard: found 1 moves for White from board:
[SimpleEngine] getLegalMovesForBoard: found 27 moves for White from board:
[SimpleEngine] getLegalMovesForBoard: found 19 moves for White from board:
[SimpleEngine] getLegalMovesForBoard: found 23 moves for White from board:
[SimpleEngine] getLegalMovesForBoard: found 23 moves for White from board:
[SimpleEngine] getLegalMovesForBoard: found 25 moves for White from board:
[SimpleEngine] getLegalMovesForBoard: found 26 moves for White from board:
[SimpleEngine] getLegalMovesForBoard: found 28 moves for White from board:
[SimpleEngine] Best move: b6b7 (score: -22680)
[DEBUG_MOVE] Turn switch: isWhiteTurn=true, whiteType=computer, blackType=computer
[DEBUG_MOVE] nextPlayerType=computer, computerExists=true, isGameOver=false
[DEBUG_MOVE] computerPlayers.white=true, computerPlayers.black=true
[DEBUG_MOVE] Triggering computer move! Retry: 0
[COMPUTER] Scheduling move for White in 0ms
[COMPUTER] Time check - Game clock: 1199889ms, Tournament: 3588098ms
[COMPUTER] Crazyhouse move request, level -1, reserve: [], FEN: 6r1/pk2pp1p/n2qpnp1/1rp5/P2P4/4b1PP/4PP2/R3K2b w - - 0 1
[SimpleEngine] getLegalMovesForBoard: found 16 moves for White from board:
[SimpleEngine] Crazyhouse: 16 moves, 0 drops, reserve: []
[SimpleEngine] Random move: a4b5
[DEBUG_MOVE] Turn switch: isWhiteTurn=false, whiteType=computer, blackType=computer
[DEBUG_MOVE] nextPlayerType=computer, computerExists=true, isGameOver=false
[DEBUG_MOVE] computerPlayers.white=true, computerPlayers.black=true
[DEBUG_MOVE] Triggering computer move! Retry: 0
[COMPUTER] Scheduling move for Black in 0ms
[COMPUTER] Time check - Game clock: 1229256ms, Tournament: 3588095ms
[COMPUTER] Crazyhouse move request, level 0, reserve: [knight, rook, bishop, pawn, pawn, pawn, knight, queen, bishop], FEN: 6r1/pk2pp1p/n2qpnp1/1Pp5/3P4/4b1PP/4PP2/R3K2b b - - 0 1
[SimpleEngine] getLegalMovesForBoard: found 52 moves for Black from board:
[SimpleEngine] Crazyhouse: 52 moves, 198 drops, reserve: [knight, rook, bishop, pawn, pawn, pawn, knight, queen, bishop]
[SimpleEngine] getLegalMovesForBoard: found 20 moves for White from board:
[SimpleEngine] getLegalMovesForBoard: found 20 moves for White from board:
[SimpleEngine] getLegalMovesForBoard: found 20 moves for White from board:
[SimpleEngine] getLegalMovesForBoard: found 20 moves for White from board:
[SimpleEngine] getLegalMovesForBoard: found 20 moves for White from board:
[SimpleEngine] getLegalMovesForBoard: found 20 moves for White from board:
[SimpleEngine] getLegalMovesForBoard: found 20 moves for White from board:
[SimpleEngine] getLegalMovesForBoard: found 20 moves for White from board:
[SimpleEngine] getLegalMovesForBoard: found 20 moves for White from board:
[SimpleEngine] getLegalMovesForBoard: found 20 moves for White from board:
[SimpleEngine] getLegalMovesForBoard: found 20 moves for White from board:
[SimpleEngine] getLegalMovesForBoard: found 20 moves for White from board:
[SimpleEngine] getLegalMovesForBoard: found 19 moves for White from board:
[SimpleEngine] getLegalMovesForBoard: found 21 moves for White from board:
[SimpleEngine] getLegalMovesForBoard: found 20 moves for White from board:
[SimpleEngine] getLegalMovesForBoard: found 20 moves for White from board:
[SimpleEngine] getLegalMovesForBoard: found 19 moves for White from board:
[SimpleEngine] getLegalMovesForBoard: found 19 moves for White from board:
[SimpleEngine] getLegalMovesForBoard: found 18 moves for White from board:
[SimpleEngine] getLegalMovesForBoard: found 20 moves for White from board:
[SimpleEngine] getLegalMovesForBoard: found 20 moves for White from board:
[SimpleEngine] getLegalMovesForBoard: found 20 moves for White from board:
[SimpleEngine] getLegalMovesForBoard: found 20 moves for White from board:
[SimpleEngine] getLegalMovesForBoard: found 19 moves for White from board:
[SimpleEngine] getLegalMovesForBoard: found 21 moves for White from board:
[SimpleEngine] getLegalMovesForBoard: found 19 moves for White from board:
[SimpleEngine] getLegalMovesForBoard: found 21 moves for White from board:
[SimpleEngine] getLegalMovesForBoard: found 18 moves for White from board:
[SimpleEngine] getLegalMovesForBoard: found 20 moves for White from board:
[SimpleEngine] getLegalMovesForBoard: found 18 moves for White from board:
[SimpleEngine] getLegalMovesForBoard: found 21 moves for White from board:
[SimpleEngine] getLegalMovesForBoard: found 20 moves for White from board:
[SimpleEngine] getLegalMovesForBoard: found 20 moves for White from board:
[SimpleEngine] getLegalMovesForBoard: found 19 moves for White from board:
[SimpleEngine] getLegalMovesForBoard: found 20 moves for White from board:
[SimpleEngine] getLegalMovesForBoard: found 20 moves for White from board:
[SimpleEngine] getLegalMovesForBoard: found 20 moves for White from board:
[SimpleEngine] getLegalMovesForBoard: found 20 moves for White from board:
[SimpleEngine] getLegalMovesForBoard: found 18 moves for White from board:
[SimpleEngine] getLegalMovesForBoard: found 18 moves for White from board:
[SimpleEngine] getLegalMovesForBoard: found 20 moves for White from board:
[SimpleEngine] getLegalMovesForBoard: found 20 moves for White from board:
[SimpleEngine] getLegalMovesForBoard: found 18 moves for White from board:
[SimpleEngine] getLegalMovesForBoard: found 20 moves for White from board:
[SimpleEngine] getLegalMovesForBoard: found 4 moves for White from board:
[SimpleEngine] getLegalMovesForBoard: found 1 moves for White from board:
[SimpleEngine] getLegalMovesForBoard: found 21 moves for White from board:
[SimpleEngine] getLegalMovesForBoard: found 21 moves for White from board:
[SimpleEngine] getLegalMovesForBoard: found 19 moves for White from board:
[SimpleEngine] getLegalMovesForBoard: found 20 moves for White from board:
[SimpleEngine] getLegalMovesForBoard: found 20 moves for White from board:
[SimpleEngine] getLegalMovesForBoard: found 21 moves for White from board:
[SimpleEngine] Best move: e3c1 (score: -22680)
[DEBUG_MOVE] Turn switch: isWhiteTurn=true, whiteType=computer, blackType=computer
[DEBUG_MOVE] nextPlayerType=computer, computerExists=true, isGameOver=false
[DEBUG_MOVE] computerPlayers.white=true, computerPlayers.black=true
[DEBUG_MOVE] Triggering computer move! Retry: 0
[COMPUTER] Scheduling move for White in 0ms
[COMPUTER] Time check - Game clock: 1229886ms, Tournament: 3588027ms
[COMPUTER] Crazyhouse move request, level -1, reserve: [rook], FEN: 6r1/pk2pp1p/n2qpnp1/1Pp5/3P4/6PP/4PP2/R1b1K2b w - - 0 1
[SimpleEngine] getLegalMovesForBoard: found 19 moves for White from board:
[SimpleEngine] Crazyhouse: 19 moves, 42 drops, reserve: [rook]
[SimpleEngine] Random move: h3h4
[DEBUG_MOVE] Turn switch: isWhiteTurn=false, whiteType=computer, blackType=computer
[DEBUG_MOVE] nextPlayerType=computer, computerExists=true, isGameOver=false
[DEBUG_MOVE] computerPlayers.white=true, computerPlayers.black=true
[DEBUG_MOVE] Triggering computer move! Retry: 0
[COMPUTER] Scheduling move for Black in 0ms
[COMPUTER] Time check - Game clock: 1259193ms, Tournament: 3588025ms
[COMPUTER] Crazyhouse move request, level 0, reserve: [knight, rook, bishop, pawn, pawn, pawn, knight, queen, bishop], FEN: 6r1/pk2pp1p/n2qpnp1/1Pp5/3P3P/6P1/4PP2/R1b1K2b b - - 0 1
[SimpleEngine] getLegalMovesForBoard: found 52 moves for Black from board:
[SimpleEngine] Crazyhouse: 52 moves, 199 drops, reserve: [knight, rook, bishop, pawn, pawn, pawn, knight, queen, bishop]
[SimpleEngine] getLegalMovesForBoard: found 23 moves for White from board:
[SimpleEngine] getLegalMovesForBoard: found 23 moves for White from board:
[SimpleEngine] getLegalMovesForBoard: found 23 moves for White from board:
[SimpleEngine] getLegalMovesForBoard: found 23 moves for White from board:
[SimpleEngine] getLegalMovesForBoard: found 23 moves for White from board:
[SimpleEngine] getLegalMovesForBoard: found 23 moves for White from board:
[SimpleEngine] getLegalMovesForBoard: found 23 moves for White from board:
[SimpleEngine] getLegalMovesForBoard: found 23 moves for White from board:
[SimpleEngine] getLegalMovesForBoard: found 23 moves for White from board:
[SimpleEngine] getLegalMovesForBoard: found 23 moves for White from board:
[SimpleEngine] getLegalMovesForBoard: found 23 moves for White from board:
[SimpleEngine] getLegalMovesForBoard: found 23 moves for White from board:
[SimpleEngine] getLegalMovesForBoard: found 22 moves for White from board:
[SimpleEngine] getLegalMovesForBoard: found 24 moves for White from board:
[SimpleEngine] getLegalMovesForBoard: found 23 moves for White from board:
[SimpleEngine] getLegalMovesForBoard: found 22 moves for White from board:
[SimpleEngine] getLegalMovesForBoard: found 22 moves for White from board:
[SimpleEngine] getLegalMovesForBoard: found 22 moves for White from board:
[SimpleEngine] getLegalMovesForBoard: found 21 moves for White from board:
[SimpleEngine] getLegalMovesForBoard: found 23 moves for White from board:
[SimpleEngine] getLegalMovesForBoard: found 23 moves for White from board:
[SimpleEngine] getLegalMovesForBoard: found 23 moves for White from board:
[SimpleEngine] getLegalMovesForBoard: found 23 moves for White from board:
[SimpleEngine] getLegalMovesForBoard: found 22 moves for White from board:
[SimpleEngine] getLegalMovesForBoard: found 24 moves for White from board:
[SimpleEngine] getLegalMovesForBoard: found 22 moves for White from board:
[SimpleEngine] getLegalMovesForBoard: found 24 moves for White from board:
[SimpleEngine] getLegalMovesForBoard: found 21 moves for White from board:
[SimpleEngine] getLegalMovesForBoard: found 23 moves for White from board:
[SimpleEngine] getLegalMovesForBoard: found 22 moves for White from board:
[SimpleEngine] getLegalMovesForBoard: found 24 moves for White from board:
[SimpleEngine] getLegalMovesForBoard: found 23 moves for White from board:
[SimpleEngine] getLegalMovesForBoard: found 23 moves for White from board:
[SimpleEngine] getLegalMovesForBoard: found 22 moves for White from board:
[SimpleEngine] getLegalMovesForBoard: found 22 moves for White from board:
[SimpleEngine] getLegalMovesForBoard: found 22 moves for White from board:
[SimpleEngine] getLegalMovesForBoard: found 22 moves for White from board:
[SimpleEngine] getLegalMovesForBoard: found 24 moves for White from board:
[SimpleEngine] getLegalMovesForBoard: found 21 moves for White from board:
[SimpleEngine] getLegalMovesForBoard: found 21 moves for White from board:
[SimpleEngine] getLegalMovesForBoard: found 23 moves for White from board:
[SimpleEngine] getLegalMovesForBoard: found 24 moves for White from board:
[SimpleEngine] getLegalMovesForBoard: found 23 moves for White from board:
[SimpleEngine] getLegalMovesForBoard: found 22 moves for White from board:
[SimpleEngine] getLegalMovesForBoard: found 23 moves for White from board:
[SimpleEngine] getLegalMovesForBoard: found 21 moves for White from board:
[SimpleEngine] getLegalMovesForBoard: found 3 moves for White from board:
[SimpleEngine] getLegalMovesForBoard: found 24 moves for White from board:
[SimpleEngine] getLegalMovesForBoard: found 22 moves for White from board:
[SimpleEngine] getLegalMovesForBoard: found 22 moves for White from board:
[SimpleEngine] getLegalMovesForBoard: found 23 moves for White from board:
[SimpleEngine] getLegalMovesForBoard: found 24 moves for White from board:
[SimpleEngine] Best move: g8g7 (score: -22900)
[DEBUG_MOVE] Turn switch: isWhiteTurn=true, whiteType=computer, blackType=computer
[DEBUG_MOVE] nextPlayerType=computer, computerExists=true, isGameOver=false
[DEBUG_MOVE] computerPlayers.white=true, computerPlayers.black=true
[DEBUG_MOVE] Triggering computer move! Retry: 0
[COMPUTER] Scheduling move for White in 0ms
[MATCHMAKING] Processing 1 offers. Computers: cpu1(busy=true), cpu0(busy=true), cpu0........i took a (pop)(busy=false), cpu-1(busy=true)
[MATCHMAKING] Offer 5 from cpu0........i took a (pop) waiting (8s/10s)
[COMPUTER] Time check - Game clock: 1259879ms, Tournament: 3587924ms
[COMPUTER] Crazyhouse move request, level -1, reserve: [rook], FEN: 8/pk2pprp/n2qpnp1/1Pp5/3P3P/6P1/4PP2/R1b1K2b w - - 0 1
[SimpleEngine] getLegalMovesForBoard: found 19 moves for White from board:
[SimpleEngine] Crazyhouse: 19 moves, 42 drops, reserve: [rook]
[SimpleEngine] Random drop: R@h5
[COMPUTER] Crazyhouse drop: rook to (7, 3)
[DEBUG_MOVE] Triggering computer move! Retry: 0
[COMPUTER] Scheduling move for Black in 0ms
[COMPUTER] Time check - Game clock: 1289092ms, Tournament: 3587921ms
[COMPUTER] Crazyhouse move request, level 0, reserve: [knight, rook, bishop, pawn, pawn, pawn, knight, queen, bishop], FEN: 8/pk2pprp/n2qpnp1/1Pp4R/3P3P/6P1/4PP2/R1b1K2b b - - 0 1
[SimpleEngine] getLegalMovesForBoard: found 46 moves for Black from board:
[SimpleEngine] Crazyhouse: 46 moves, 193 drops, reserve: [knight, rook, bishop, pawn, pawn, pawn, knight, queen, bishop]
[SimpleEngine] getLegalMovesForBoard: found 29 moves for White from board:
[SimpleEngine] getLegalMovesForBoard: found 29 moves for White from board:
[SimpleEngine] getLegalMovesForBoard: found 29 moves for White from board:
[SimpleEngine] getLegalMovesForBoard: found 29 moves for White from board:
[SimpleEngine] getLegalMovesForBoard: found 28 moves for White from board:
[SimpleEngine] getLegalMovesForBoard: found 30 moves for White from board:
[SimpleEngine] getLegalMovesForBoard: found 29 moves for White from board:
[SimpleEngine] getLegalMovesForBoard: found 28 moves for White from board:
[SimpleEngine] getLegalMovesForBoard: found 28 moves for White from board:
[SimpleEngine] getLegalMovesForBoard: found 28 moves for White from board:
[SimpleEngine] getLegalMovesForBoard: found 27 moves for White from board:
[SimpleEngine] getLegalMovesForBoard: found 29 moves for White from board:
[SimpleEngine] getLegalMovesForBoard: found 29 moves for White from board:
[SimpleEngine] getLegalMovesForBoard: found 29 moves for White from board:
[SimpleEngine] getLegalMovesForBoard: found 29 moves for White from board:
[SimpleEngine] getLegalMovesForBoard: found 28 moves for White from board:
[SimpleEngine] getLegalMovesForBoard: found 30 moves for White from board:
[SimpleEngine] getLegalMovesForBoard: found 27 moves for White from board:
[SimpleEngine] getLegalMovesForBoard: found 28 moves for White from board:
[SimpleEngine] getLegalMovesForBoard: found 27 moves for White from board:
[SimpleEngine] getLegalMovesForBoard: found 29 moves for White from board:
[SimpleEngine] getLegalMovesForBoard: found 28 moves for White from board:
[SimpleEngine] getLegalMovesForBoard: found 28 moves for White from board:
[SimpleEngine] getLegalMovesForBoard: found 29 moves for White from board:
[SimpleEngine] getLegalMovesForBoard: found 29 moves for White from board:
[SimpleEngine] getLegalMovesForBoard: found 29 moves for White from board:
[SimpleEngine] getLegalMovesForBoard: found 27 moves for White from board:
[SimpleEngine] getLegalMovesForBoard: found 22 moves for White from board:
[SimpleEngine] getLegalMovesForBoard: found 28 moves for White from board:
[SimpleEngine] getLegalMovesForBoard: found 28 moves for White from board:
[SimpleEngine] getLegalMovesForBoard: found 26 moves for White from board:
[SimpleEngine] getLegalMovesForBoard: found 22 moves for White from board:
[SimpleEngine] getLegalMovesForBoard: found 27 moves for White from board:
[SimpleEngine] getLegalMovesForBoard: found 27 moves for White from board:
[SimpleEngine] getLegalMovesForBoard: found 28 moves for White from board:
[SimpleEngine] getLegalMovesForBoard: found 26 moves for White from board:
[SimpleEngine] getLegalMovesForBoard: found 29 moves for White from board:
[SimpleEngine] getLegalMovesForBoard: found 28 moves for White from board:
[SimpleEngine] getLegalMovesForBoard: found 29 moves for White from board:
[SimpleEngine] getLegalMovesForBoard: found 27 moves for White from board:
[SimpleEngine] getLegalMovesForBoard: found 3 moves for White from board:
[SimpleEngine] getLegalMovesForBoard: found 30 moves for White from board:
[SimpleEngine] getLegalMovesForBoard: found 27 moves for White from board:
[SimpleEngine] getLegalMovesForBoard: found 28 moves for White from board:
[SimpleEngine] getLegalMovesForBoard: found 29 moves for White from board:
[SimpleEngine] getLegalMovesForBoard: found 30 moves for White from board:
[SimpleEngine] Best move: f6h5 (score: -22900)
[DEBUG_MOVE] Turn switch: isWhiteTurn=true, whiteType=computer, blackType=computer
[DEBUG_MOVE] nextPlayerType=computer, computerExists=true, isGameOver=false
[DEBUG_MOVE] computerPlayers.white=true, computerPlayers.black=true
[DEBUG_MOVE] Triggering computer move! Retry: 0
[COMPUTER] Scheduling move for White in 0ms
[COMPUTER] Time check - Game clock: 1259879ms, Tournament: 3587877ms
[COMPUTER] Crazyhouse move request, level -1, reserve: [], FEN: 8/pk2pprp/n2qp1p1/1Pp4n/3P3P/6P1/4PP2/R1b1K2b w - - 0 1
[SimpleEngine] getLegalMovesForBoard: found 18 moves for White from board:
[SimpleEngine] Crazyhouse: 18 moves, 0 drops, reserve: []
[SimpleEngine] Random move: g3g4
[DEBUG_MOVE] Turn switch: isWhiteTurn=false, whiteType=computer, blackType=computer
[DEBUG_MOVE] nextPlayerType=computer, computerExists=true, isGameOver=false
[DEBUG_MOVE] computerPlayers.white=true, computerPlayers.black=true
[DEBUG_MOVE] Triggering computer move! Retry: 0
[COMPUTER] Scheduling move for Black in 0ms
[COMPUTER] Time check - Game clock: 1319047ms, Tournament: 3587873ms
[COMPUTER] Crazyhouse move request, level 0, reserve: [knight, rook, bishop, pawn, pawn, pawn, knight, queen, bishop, rook], FEN: 8/pk2pprp/n2qp1p1/1Pp4n/3P2PP/8/4PP2/R1b1K2b b - - 0 1
[SimpleEngine] getLegalMovesForBoard: found 44 moves for Black from board:
[SimpleEngine] Crazyhouse: 44 moves, 198 drops, reserve: [knight, rook, bishop, pawn, pawn, pawn, knight, queen, bishop, rook]
[SimpleEngine] getLegalMovesForBoard: found 24 moves for White from board:
[SimpleEngine] getLegalMovesForBoard: found 24 moves for White from board:
[SimpleEngine] getLegalMovesForBoard: found 24 moves for White from board:
[SimpleEngine] getLegalMovesForBoard: found 24 moves for White from board:
[SimpleEngine] getLegalMovesForBoard: found 23 moves for White from board:
[SimpleEngine] getLegalMovesForBoard: found 25 moves for White from board:
[SimpleEngine] getLegalMovesForBoard: found 24 moves for White from board:
[SimpleEngine] getLegalMovesForBoard: found 25 moves for White from board:
[SimpleEngine] getLegalMovesForBoard: found 24 moves for White from board:
[SimpleEngine] getLegalMovesForBoard: found 24 moves for White from board:
[SimpleEngine] getLegalMovesForBoard: found 23 moves for White from board:
[SimpleEngine] getLegalMovesForBoard: found 23 moves for White from board:
[SimpleEngine] getLegalMovesForBoard: found 22 moves for White from board:
[SimpleEngine] getLegalMovesForBoard: found 24 moves for White from board:
[SimpleEngine] getLegalMovesForBoard: found 24 moves for White from board:
[SimpleEngine] getLegalMovesForBoard: found 24 moves for White from board:
[SimpleEngine] getLegalMovesForBoard: found 24 moves for White from board:
[SimpleEngine] getLegalMovesForBoard: found 23 moves for White from board:
[SimpleEngine] getLegalMovesForBoard: found 25 moves for White from board:
[SimpleEngine] getLegalMovesForBoard: found 23 moves for White from board:
[SimpleEngine] getLegalMovesForBoard: found 25 moves for White from board:
[SimpleEngine] getLegalMovesForBoard: found 22 moves for White from board:
[SimpleEngine] getLegalMovesForBoard: found 23 moves for White from board:
[SimpleEngine] getLegalMovesForBoard: found 23 moves for White from board:
[SimpleEngine] getLegalMovesForBoard: found 23 moves for White from board:
[SimpleEngine] getLegalMovesForBoard: found 25 moves for White from board:
[SimpleEngine] getLegalMovesForBoard: found 24 moves for White from board:
[SimpleEngine] getLegalMovesForBoard: found 22 moves for White from board:
[SimpleEngine] getLegalMovesForBoard: found 22 moves for White from board:
[SimpleEngine] getLegalMovesForBoard: found 24 moves for White from board:
[SimpleEngine] getLegalMovesForBoard: found 23 moves for White from board:
[SimpleEngine] getLegalMovesForBoard: found 25 moves for White from board:
[SimpleEngine] getLegalMovesForBoard: found 24 moves for White from board:
[SimpleEngine] getLegalMovesForBoard: found 24 moves for White from board:
[SimpleEngine] getLegalMovesForBoard: found 23 moves for White from board:
[SimpleEngine] getLegalMovesForBoard: found 23 moves for White from board:
[SimpleEngine] getLegalMovesForBoard: found 24 moves for White from board:
[SimpleEngine] getLegalMovesForBoard: found 22 moves for White from board:
[SimpleEngine] getLegalMovesForBoard: found 3 moves for White from board:
[SimpleEngine] getLegalMovesForBoard: found 25 moves for White from board:
[SimpleEngine] getLegalMovesForBoard: found 23 moves for White from board:
[SimpleEngine] getLegalMovesForBoard: found 23 moves for White from board:
[SimpleEngine] getLegalMovesForBoard: found 24 moves for White from board:
[SimpleEngine] getLegalMovesForBoard: found 24 moves for White from board:
[SimpleEngine] Best move: b7b6 (score: -23000)
[DEBUG_MOVE] Turn switch: isWhiteTurn=true, whiteType=computer, blackType=computer
[DEBUG_MOVE] nextPlayerType=computer, computerExists=true, isGameOver=false
[DEBUG_MOVE] computerPlayers.white=true, computerPlayers.black=true
[DEBUG_MOVE] Triggering computer move! Retry: 0
[COMPUTER] Scheduling move for White in 0ms
[COMPUTER] Time check - Game clock: 1289874ms, Tournament: 3587771ms
[COMPUTER] Crazyhouse move request, level -1, reserve: [], FEN: 8/p3pprp/nk1qp1p1/1Pp4n/3P2PP/8/4PP2/R1b1K2b w - - 0 1
[SimpleEngine] getLegalMovesForBoard: found 18 moves for White from board:
[SimpleEngine] Crazyhouse: 18 moves, 0 drops, reserve: []
[SimpleEngine] Random move: g4g5
[DEBUG_MOVE] Turn switch: isWhiteTurn=false, whiteType=computer, blackType=computer
[DEBUG_MOVE] nextPlayerType=computer, computerExists=true, isGameOver=false
[DEBUG_MOVE] computerPlayers.white=true, computerPlayers.black=true
[DEBUG_MOVE] Triggering computer move! Retry: 0
[COMPUTER] Scheduling move for Black in 0ms
[COMPUTER] Time check - Game clock: 1348951ms, Tournament: 3587768ms
[COMPUTER] Crazyhouse move request, level 0, reserve: [knight, rook, bishop, pawn, pawn, pawn, knight, queen, bishop, rook], FEN: 8/p3pprp/nk1qp1p1/1Pp3Pn/3P3P/8/4PP2/R1b1K2b b - - 0 1
[SimpleEngine] getLegalMovesForBoard: found 42 moves for Black from board:
[SimpleEngine] Crazyhouse: 42 moves, 198 drops, reserve: [knight, rook, bishop, pawn, pawn, pawn, knight, queen, bishop, rook]
[SimpleEngine] getLegalMovesForBoard: found 23 moves for White from board:
[SimpleEngine] getLegalMovesForBoard: found 22 moves for White from board:
[SimpleEngine] getLegalMovesForBoard: found 22 moves for White from board:
[SimpleEngine] getLegalMovesForBoard: found 23 moves for White from board:
[SimpleEngine] getLegalMovesForBoard: found 21 moves for White from board:
[SimpleEngine] getLegalMovesForBoard: found 21 moves for White from board:
[SimpleEngine] getLegalMovesForBoard: found 20 moves for White from board:
[SimpleEngine] getLegalMovesForBoard: found 23 moves for White from board:
[SimpleEngine] getLegalMovesForBoard: found 23 moves for White from board:
[SimpleEngine] getLegalMovesForBoard: found 24 moves for White from board:
[SimpleEngine] getLegalMovesForBoard: found 23 moves for White from board:
[SimpleEngine] getLegalMovesForBoard: found 21 moves for White from board:
[SimpleEngine] getLegalMovesForBoard: found 22 moves for White from board:
[SimpleEngine] getLegalMovesForBoard: found 22 moves for White from board:
[SimpleEngine] getLegalMovesForBoard: found 22 moves for White from board:
[SimpleEngine] getLegalMovesForBoard: found 22 moves for White from board:
[SimpleEngine] getLegalMovesForBoard: found 23 moves for White from board:
[SimpleEngine] getLegalMovesForBoard: found 21 moves for White from board:
[SimpleEngine] getLegalMovesForBoard: found 23 moves for White from board:
[SimpleEngine] getLegalMovesForBoard: found 20 moves for White from board:
[SimpleEngine] getLegalMovesForBoard: found 21 moves for White from board:
[SimpleEngine] getLegalMovesForBoard: found 20 moves for White from board:
[SimpleEngine] getLegalMovesForBoard: found 21 moves for White from board:
[SimpleEngine] getLegalMovesForBoard: found 23 moves for White from board:
[SimpleEngine] getLegalMovesForBoard: found 20 moves for White from board:
[SimpleEngine] getLegalMovesForBoard: found 20 moves for White from board:
[SimpleEngine] getLegalMovesForBoard: found 24 moves for White from board:
[SimpleEngine] getLegalMovesForBoard: found 22 moves for White from board:
[SimpleEngine] getLegalMovesForBoard: found 23 moves for White from board:
[SimpleEngine] getLegalMovesForBoard: found 23 moves for White from board:
[SimpleEngine] getLegalMovesForBoard: found 21 moves for White from board:
[SimpleEngine] getLegalMovesForBoard: found 21 moves for White from board:
[SimpleEngine] getLegalMovesForBoard: found 22 moves for White from board:
[SimpleEngine] getLegalMovesForBoard: found 20 moves for White from board:
[SimpleEngine] getLegalMovesForBoard: found 3 moves for White from board:
[SimpleEngine] getLegalMovesForBoard: found 22 moves for White from board:
[SimpleEngine] getLegalMovesForBoard: found 22 moves for White from board:
[SimpleEngine] getLegalMovesForBoard: found 23 moves for White from board:
[SimpleEngine] getLegalMovesForBoard: found 21 moves for White from board:
[SimpleEngine] getLegalMovesForBoard: found 21 moves for White from board:
[SimpleEngine] getLegalMovesForBoard: found 22 moves for White from board:
[SimpleEngine] getLegalMovesForBoard: found 21 moves for White from board:
[SimpleEngine] Best move: f7f6 (score: -23100)
[DEBUG_MOVE] Turn switch: isWhiteTurn=true, whiteType=computer, blackType=computer
[DEBUG_MOVE] nextPlayerType=computer, computerExists=true, isGameOver=false
[DEBUG_MOVE] computerPlayers.white=true, computerPlayers.black=true
[DEBUG_MOVE] Triggering computer move! Retry: 0
[COMPUTER] Scheduling move for White in 0ms
[COMPUTER] Time check - Game clock: 1319867ms, Tournament: 3587727ms
[COMPUTER] Crazyhouse move request, level -1, reserve: [], FEN: 8/p3p1rp/nk1qppp1/1Pp3Pn/3P3P/8/4PP2/R1b1K2b w - - 0 1
[SimpleEngine] getLegalMovesForBoard: found 17 moves for White from board:
[SimpleEngine] Crazyhouse: 17 moves, 0 drops, reserve: []
[SimpleEngine] Random move: d4d5
white computer offering draw (eval: 0)
white offered a draw
[DEBUG_MOVE] Turn switch: isWhiteTurn=false, whiteType=computer, blackType=computer
[DEBUG_MOVE] nextPlayerType=computer, computerExists=true, isGameOver=false
[DEBUG_MOVE] computerPlayers.white=true, computerPlayers.black=true
[DEBUG_MOVE] Triggering computer move! Retry: 0
[COMPUTER] Scheduling move for Black in 0ms
[COMPUTER] Time check - Game clock: 1378909ms, Tournament: 3587726ms
[COMPUTER] Crazyhouse move request, level 0, reserve: [knight, rook, bishop, pawn, pawn, pawn, knight, queen, bishop, rook], FEN: 8/p3p1rp/nk1qppp1/1PpP2Pn/7P/8/4PP2/R1b1K2b b - - 0 1
[SimpleEngine] getLegalMovesForBoard: found 38 moves for Black from board:
[SimpleEngine] Crazyhouse: 38 moves, 198 drops, reserve: [knight, rook, bishop, pawn, pawn, pawn, knight, queen, bishop, rook]
[SimpleEngine] getLegalMovesForBoard: found 23 moves for White from board:
[SimpleEngine] getLegalMovesForBoard: found 23 moves for White from board:
[SimpleEngine] getLegalMovesForBoard: found 24 moves for White from board:
[SimpleEngine] getLegalMovesForBoard: found 22 moves for White from board:
[SimpleEngine] getLegalMovesForBoard: found 22 moves for White from board:
[SimpleEngine] getLegalMovesForBoard: found 21 moves for White from board:
[SimpleEngine] getLegalMovesForBoard: found 24 moves for White from board:
[SimpleEngine] getLegalMovesForBoard: found 24 moves for White from board:
[SimpleEngine] getLegalMovesForBoard: found 26 moves for White from board:
[SimpleEngine] getLegalMovesForBoard: found 24 moves for White from board:
[SimpleEngine] getLegalMovesForBoard: found 22 moves for White from board:
[SimpleEngine] getLegalMovesForBoard: found 24 moves for White from board:
[SimpleEngine] getLegalMovesForBoard: found 24 moves for White from board:
[SimpleEngine] getLegalMovesForBoard: found 24 moves for White from board:
[SimpleEngine] getLegalMovesForBoard: found 24 moves for White from board:
[SimpleEngine] getLegalMovesForBoard: found 26 moves for White from board:
[SimpleEngine] getLegalMovesForBoard: found 22 moves for White from board:
[SimpleEngine] getLegalMovesForBoard: found 24 moves for White from board:
[SimpleEngine] getLegalMovesForBoard: found 23 moves for White from board:
[SimpleEngine] getLegalMovesForBoard: found 22 moves for White from board:
[SimpleEngine] getLegalMovesForBoard: found 23 moves for White from board:
[SimpleEngine] getLegalMovesForBoard: found 22 moves for White from board:
[SimpleEngine] getLegalMovesForBoard: found 22 moves for White from board:
[SimpleEngine] getLegalMovesForBoard: found 22 moves for White from board:
[SimpleEngine] getLegalMovesForBoard: found 23 moves for White from board:
[SimpleEngine] getLegalMovesForBoard: found 22 moves for White from board:
[SimpleEngine] getLegalMovesForBoard: found 23 moves for White from board:
[SimpleEngine] getLegalMovesForBoard: found 24 moves for White from board:
[SimpleEngine] getLegalMovesForBoard: found 23 moves for White from board:
[SimpleEngine] getLegalMovesForBoard: found 22 moves for White from board:
[SimpleEngine] getLegalMovesForBoard: found 22 moves for White from board:
[SimpleEngine] getLegalMovesForBoard: found 23 moves for White from board:
[SimpleEngine] getLegalMovesForBoard: found 21 moves for White from board:
[SimpleEngine] getLegalMovesForBoard: found 3 moves for White from board:
[SimpleEngine] getLegalMovesForBoard: found 22 moves for White from board:
[SimpleEngine] getLegalMovesForBoard: found 22 moves for White from board:
[SimpleEngine] getLegalMovesForBoard: found 23 moves for White from board:
[SimpleEngine] getLegalMovesForBoard: found 22 moves for White from board:
[SimpleEngine] Best move: h7h6 (score: -23200)
[DEBUG_MOVE] Turn switch: isWhiteTurn=true, whiteType=computer, blackType=computer
[DEBUG_MOVE] nextPlayerType=computer, computerExists=true, isGameOver=false
[DEBUG_MOVE] computerPlayers.white=true, computerPlayers.black=true
[DEBUG_MOVE] Triggering computer move! Retry: 0
[COMPUTER] Scheduling move for White in 0ms
[COMPUTER] Time check - Game clock: 1349867ms, Tournament: 3587699ms
[COMPUTER] Crazyhouse move request, level -1, reserve: [], FEN: 8/p3p1r1/nk1qpppp/1PpP2Pn/7P/8/4PP2/R1b1K2b w - - 0 1
[SimpleEngine] getLegalMovesForBoard: found 17 moves for White from board:
[SimpleEngine] Crazyhouse: 17 moves, 0 drops, reserve: []
[SimpleEngine] Random move: f2f3
[DEBUG_MOVE] Turn switch: isWhiteTurn=false, whiteType=computer, blackType=computer
[DEBUG_MOVE] nextPlayerType=computer, computerExists=true, isGameOver=false
[DEBUG_MOVE] computerPlayers.white=true, computerPlayers.black=true
[DEBUG_MOVE] Triggering computer move! Retry: 0
[COMPUTER] Scheduling move for Black in 0ms
[COMPUTER] Time check - Game clock: 1408883ms, Tournament: 3587697ms
[COMPUTER] Crazyhouse move request, level 0, reserve: [knight, rook, bishop, pawn, pawn, pawn, knight, queen, bishop, rook], FEN: 8/p3p1r1/nk1qpppp/1PpP2Pn/7P/5P2/4P3/R1b1K2b b - - 0 1
[SimpleEngine] getLegalMovesForBoard: found 37 moves for Black from board:
[SimpleEngine] Crazyhouse: 37 moves, 198 drops, reserve: [knight, rook, bishop, pawn, pawn, pawn, knight, queen, bishop, rook]
[SimpleEngine] getLegalMovesForBoard: found 22 moves for White from board:
[SimpleEngine] getLegalMovesForBoard: found 22 moves for White from board:
[SimpleEngine] getLegalMovesForBoard: found 22 moves for White from board:
[SimpleEngine] getLegalMovesForBoard: found 21 moves for White from board:
[SimpleEngine] getLegalMovesForBoard: found 21 moves for White from board:
[SimpleEngine] getLegalMovesForBoard: found 20 moves for White from board:
[SimpleEngine] getLegalMovesForBoard: found 23 moves for White from board:
[SimpleEngine] getLegalMovesForBoard: found 23 moves for White from board:
[SimpleEngine] getLegalMovesForBoard: found 25 moves for White from board:
[SimpleEngine] getLegalMovesForBoard: found 23 moves for White from board:
[SimpleEngine] getLegalMovesForBoard: found 21 moves for White from board:
[SimpleEngine] getLegalMovesForBoard: found 23 moves for White from board:
[SimpleEngine] getLegalMovesForBoard: found 23 moves for White from board:
[SimpleEngine] getLegalMovesForBoard: found 23 moves for White from board:
[SimpleEngine] getLegalMovesForBoard: found 23 moves for White from board:
[SimpleEngine] getLegalMovesForBoard: found 25 moves for White from board:
[SimpleEngine] getLegalMovesForBoard: found 21 moves for White from board:
[SimpleEngine] getLegalMovesForBoard: found 23 moves for White from board:
[SimpleEngine] getLegalMovesForBoard: found 22 moves for White from board:
[SimpleEngine] getLegalMovesForBoard: found 23 moves for White from board:
[SimpleEngine] getLegalMovesForBoard: found 22 moves for White from board:
[SimpleEngine] getLegalMovesForBoard: found 21 moves for White from board:
[SimpleEngine] getLegalMovesForBoard: found 21 moves for White from board:
[SimpleEngine] getLegalMovesForBoard: found 21 moves for White from board:
[SimpleEngine] getLegalMovesForBoard: found 21 moves for White from board:
[SimpleEngine] getLegalMovesForBoard: found 21 moves for White from board:
[SimpleEngine] getLegalMovesForBoard: found 21 moves for White from board:
[SimpleEngine] getLegalMovesForBoard: found 22 moves for White from board:
[SimpleEngine] getLegalMovesForBoard: found 23 moves for White from board:
[SimpleEngine] getLegalMovesForBoard: found 21 moves for White from board:
[SimpleEngine] getLegalMovesForBoard: found 21 moves for White from board:
[SimpleEngine] getLegalMovesForBoard: found 21 moves for White from board:
[SimpleEngine] getLegalMovesForBoard: found 22 moves for White from board:
[SimpleEngine] getLegalMovesForBoard: found 20 moves for White from board:
[SimpleEngine] getLegalMovesForBoard: found 3 moves for White from board:
[SimpleEngine] getLegalMovesForBoard: found 24 moves for White from board:
[SimpleEngine] getLegalMovesForBoard: found 21 moves for White from board:
[SimpleEngine] Best move: b6b5 (score: -23200)
[DEBUG_MOVE] Turn switch: isWhiteTurn=true, whiteType=computer, blackType=computer
[DEBUG_MOVE] nextPlayerType=computer, computerExists=true, isGameOver=false
[DEBUG_MOVE] computerPlayers.white=true, computerPlayers.black=true
[DEBUG_MOVE] Triggering computer move! Retry: 0
[COMPUTER] Scheduling move for White in 0ms
[COMPUTER] Time check - Game clock: 1379864ms, Tournament: 3587682ms
[COMPUTER] Crazyhouse move request, level -1, reserve: [], FEN: 8/p3p1r1/n2qpppp/1kpP2Pn/7P/5P2/4P3/R1b1K2b w - - 0 1
[SimpleEngine] getLegalMovesForBoard: found 16 moves for White from board:
[SimpleEngine] Crazyhouse: 16 moves, 0 drops, reserve: []
[SimpleEngine] Random move: g5f6
[DEBUG_MOVE] Turn switch: isWhiteTurn=false, whiteType=computer, blackType=computer
[DEBUG_MOVE] nextPlayerType=computer, computerExists=true, isGameOver=false
[DEBUG_MOVE] computerPlayers.white=true, computerPlayers.black=true
[DEBUG_MOVE] Triggering computer move! Retry: 0
[COMPUTER] Scheduling move for Black in 0ms
[COMPUTER] Time check - Game clock: 1438868ms, Tournament: 3587681ms
[COMPUTER] Crazyhouse move request, level 0, reserve: [knight, rook, bishop, pawn, pawn, pawn, knight, queen, bishop, rook, pawn], FEN: 8/p3p1r1/n2qpPpp/1kpP3n/7P/5P2/4P3/R1b1K2b b - - 0 1
[SimpleEngine] getLegalMovesForBoard: found 39 moves for Black from board:
[SimpleEngine] Crazyhouse: 39 moves, 208 drops, reserve: [knight, rook, bishop, pawn, pawn, pawn, knight, queen, bishop, rook, pawn]
[SimpleEngine] getLegalMovesForBoard: found 19 moves for White from board:
[SimpleEngine] getLegalMovesForBoard: found 20 moves for White from board:
[SimpleEngine] getLegalMovesForBoard: found 20 moves for White from board:
[SimpleEngine] getLegalMovesForBoard: found 20 moves for White from board:
[SimpleEngine] getLegalMovesForBoard: found 21 moves for White from board:
[SimpleEngine] getLegalMovesForBoard: found 21 moves for White from board:
[SimpleEngine] getLegalMovesForBoard: found 20 moves for White from board:
[SimpleEngine] getLegalMovesForBoard: found 22 moves for White from board:
[SimpleEngine] getLegalMovesForBoard: found 22 moves for White from board:
[SimpleEngine] getLegalMovesForBoard: found 22 moves for White from board:
[SimpleEngine] getLegalMovesForBoard: found 22 moves for White from board:
[SimpleEngine] getLegalMovesForBoard: found 22 moves for White from board:
[SimpleEngine] getLegalMovesForBoard: found 23 moves for White from board:
[SimpleEngine] getLegalMovesForBoard: found 20 moves for White from board:
[SimpleEngine] getLegalMovesForBoard: found 22 moves for White from board:
[SimpleEngine] getLegalMovesForBoard: found 21 moves for White from board:
[SimpleEngine] getLegalMovesForBoard: found 22 moves for White from board:
[SimpleEngine] getLegalMovesForBoard: found 21 moves for White from board:
[SimpleEngine] getLegalMovesForBoard: found 20 moves for White from board:
[SimpleEngine] getLegalMovesForBoard: found 20 moves for White from board:
[SimpleEngine] getLegalMovesForBoard: found 22 moves for White from board:
[SimpleEngine] getLegalMovesForBoard: found 21 moves for White from board:
[SimpleEngine] getLegalMovesForBoard: found 22 moves for White from board:
[SimpleEngine] getLegalMovesForBoard: found 21 moves for White from board:
[SimpleEngine] getLegalMovesForBoard: found 20 moves for White from board:
[SimpleEngine] getLegalMovesForBoard: found 20 moves for White from board:
[SimpleEngine] getLegalMovesForBoard: found 20 moves for White from board:
[SimpleEngine] getLegalMovesForBoard: found 20 moves for White from board:
[SimpleEngine] getLegalMovesForBoard: found 20 moves for White from board:
[SimpleEngine] getLegalMovesForBoard: found 21 moves for White from board:
[SimpleEngine] getLegalMovesForBoard: found 22 moves for White from board:
[SimpleEngine] getLegalMovesForBoard: found 22 moves for White from board:
[SimpleEngine] getLegalMovesForBoard: found 20 moves for White from board:
[SimpleEngine] getLegalMovesForBoard: found 20 moves for White from board:
[SimpleEngine] getLegalMovesForBoard: found 21 moves for White from board:
[SimpleEngine] getLegalMovesForBoard: found 19 moves for White from board:
[SimpleEngine] getLegalMovesForBoard: found 3 moves for White from board:
[SimpleEngine] getLegalMovesForBoard: found 23 moves for White from board:
[SimpleEngine] getLegalMovesForBoard: found 20 moves for White from board:
[SimpleEngine] Best move: e7f6 (score: -23300)
[DEBUG_MOVE] Turn switch: isWhiteTurn=true, whiteType=computer, blackType=computer
[DEBUG_MOVE] nextPlayerType=computer, computerExists=true, isGameOver=false
[DEBUG_MOVE] computerPlayers.white=true, computerPlayers.black=true
[DEBUG_MOVE] Triggering computer move! Retry: 0
[COMPUTER] Scheduling move for White in 0ms
[COMPUTER] Time check - Game clock: 1409863ms, Tournament: 3587663ms
[COMPUTER] Crazyhouse move request, level -1, reserve: [pawn], FEN: 8/p5r1/n2qpppp/1kpP3n/7P/5P2/4P3/R1b1K2b w - - 0 1
[SimpleEngine] getLegalMovesForBoard: found 14 moves for White from board:
[SimpleEngine] Crazyhouse: 14 moves, 33 drops, reserve: [pawn]
[SimpleEngine] Random drop: P@f7
[COMPUTER] Crazyhouse drop: pawn to (5, 1)
[DEBUG_MOVE] Triggering computer move! Retry: 0
[COMPUTER] Scheduling move for Black in 0ms
[COMPUTER] Time check - Game clock: 1468851ms, Tournament: 3587661ms
[COMPUTER] Crazyhouse move request, level 0, reserve: [knight, rook, bishop, pawn, pawn, pawn, knight, queen, bishop, rook, pawn, pawn], FEN: 8/p4Pr1/n2qpppp/1kpP3n/7P/5P2/4P3/R1b1K2b b - - 0 1
[SimpleEngine] getLegalMovesForBoard: found 1 moves for Black from board:
[SimpleEngine] Crazyhouse: 1 moves, 4 drops, reserve: [knight, rook, bishop, pawn, pawn, pawn, knight, queen, bishop, rook, pawn, pawn]
[SimpleEngine] getLegalMovesForBoard: found 19 moves for White from board:
[SimpleEngine] Best move: g7f7 (score: -23300)
[DEBUG_MOVE] Turn switch: isWhiteTurn=true, whiteType=computer, blackType=computer
[DEBUG_MOVE] nextPlayerType=computer, computerExists=true, isGameOver=false
[DEBUG_MOVE] computerPlayers.white=true, computerPlayers.black=true
[DEBUG_MOVE] Triggering computer move! Retry: 0
[COMPUTER] Scheduling move for White in 0ms
[COMPUTER] Time check - Game clock: 1409863ms, Tournament: 3587657ms
[COMPUTER] Crazyhouse move request, level -1, reserve: [], FEN: 8/p4r2/n2qpppp/1kpP3n/7P/5P2/4P3/R1b1K2b w - - 0 1
[SimpleEngine] getLegalMovesForBoard: found 14 moves for White from board:
[SimpleEngine] Crazyhouse: 14 moves, 0 drops, reserve: []
[SimpleEngine] Random move: e2e4
[DEBUG_MOVE] Turn switch: isWhiteTurn=false, whiteType=computer, blackType=computer
[DEBUG_MOVE] nextPlayerType=computer, computerExists=true, isGameOver=false
[DEBUG_MOVE] computerPlayers.white=true, computerPlayers.black=true
[DEBUG_MOVE] Triggering computer move! Retry: 0
[COMPUTER] Scheduling move for Black in 0ms
[COMPUTER] Time check - Game clock: 1498847ms, Tournament: 3587653ms
[COMPUTER] Crazyhouse move request, level 0, reserve: [knight, rook, bishop, pawn, pawn, pawn, knight, queen, bishop, rook, pawn, pawn, pawn], FEN: 8/p4r2/n2qpppp/1kpP3n/4P2P/5P2/8/R1b1K2b b - - 0 1
[SimpleEngine] getLegalMovesForBoard: found 45 moves for Black from board:
[SimpleEngine] Crazyhouse: 45 moves, 213 drops, reserve: [knight, rook, bishop, pawn, pawn, pawn, knight, queen, bishop, rook, pawn, pawn, pawn]
[SimpleEngine] getLegalMovesForBoard: found 19 moves for White from board:
[SimpleEngine] getLegalMovesForBoard: found 19 moves for White from board:
[SimpleEngine] getLegalMovesForBoard: found 19 moves for White from board:
[SimpleEngine] getLegalMovesForBoard: found 19 moves for White from board:
[SimpleEngine] getLegalMovesForBoard: found 19 moves for White from board:
[SimpleEngine] getLegalMovesForBoard: found 19 moves for White from board:
[SimpleEngine] getLegalMovesForBoard: found 19 moves for White from board:
[SimpleEngine] getLegalMovesForBoard: found 19 moves for White from board:
[SimpleEngine] getLegalMovesForBoard: found 19 moves for White from board:
[SimpleEngine] getLegalMovesForBoard: found 18 moves for White from board:
[SimpleEngine] getLegalMovesForBoard: found 20 moves for White from board:
[SimpleEngine] getLegalMovesForBoard: found 20 moves for White from board:
[SimpleEngine] getLegalMovesForBoard: found 20 moves for White from board:
[SimpleEngine] getLegalMovesForBoard: found 20 moves for White from board:
[SimpleEngine] getLegalMovesForBoard: found 20 moves for White from board:
[SimpleEngine] getLegalMovesForBoard: found 20 moves for White from board:
[SimpleEngine] getLegalMovesForBoard: found 20 moves for White from board:
[SimpleEngine] getLegalMovesForBoard: found 21 moves for White from board:
[SimpleEngine] getLegalMovesForBoard: found 19 moves for White from board:
[SimpleEngine] getLegalMovesForBoard: found 19 moves for White from board:
[SimpleEngine] getLegalMovesForBoard: found 19 moves for White from board:
[SimpleEngine] getLegalMovesForBoard: found 20 moves for White from board:
[SimpleEngine] getLegalMovesForBoard: found 19 moves for White from board:
[SimpleEngine] getLegalMovesForBoard: found 19 moves for White from board:
[SimpleEngine] getLegalMovesForBoard: found 17 moves for White from board:
[SimpleEngine] getLegalMovesForBoard: found 20 moves for White from board:
[SimpleEngine] getLegalMovesForBoard: found 20 moves for White from board:
[SimpleEngine] getLegalMovesForBoard: found 19 moves for White from board:
[SimpleEngine] getLegalMovesForBoard: found 20 moves for White from board:
[SimpleEngine] getLegalMovesForBoard: found 19 moves for White from board:
[SimpleEngine] getLegalMovesForBoard: found 18 moves for White from board:
[SimpleEngine] getLegalMovesForBoard: found 18 moves for White from board:
[SimpleEngine] getLegalMovesForBoard: found 18 moves for White from board:
[SimpleEngine] getLegalMovesForBoard: found 18 moves for White from board:
[SimpleEngine] getLegalMovesForBoard: found 20 moves for White from board:
[SimpleEngine] getLegalMovesForBoard: found 19 moves for White from board:
[SimpleEngine] getLegalMovesForBoard: found 20 moves for White from board:
[SimpleEngine] getLegalMovesForBoard: found 20 moves for White from board:
[SimpleEngine] getLegalMovesForBoard: found 18 moves for White from board:
[SimpleEngine] getLegalMovesForBoard: found 18 moves for White from board:
[SimpleEngine] getLegalMovesForBoard: found 20 moves for White from board:
[SimpleEngine] getLegalMovesForBoard: found 17 moves for White from board:
[SimpleEngine] getLegalMovesForBoard: found 3 moves for White from board:
[SimpleEngine] getLegalMovesForBoard: found 21 moves for White from board:
[SimpleEngine] getLegalMovesForBoard: found 18 moves for White from board:
[SimpleEngine] Best move: d6h2 (score: -23300)
[DEBUG_MOVE] Turn switch: isWhiteTurn=true, whiteType=computer, blackType=computer
[DEBUG_MOVE] nextPlayerType=computer, computerExists=true, isGameOver=false
[DEBUG_MOVE] computerPlayers.white=true, computerPlayers.black=true
[DEBUG_MOVE] Triggering computer move! Retry: 0
[COMPUTER] Scheduling move for White in 0ms
[COMPUTER] Time check - Game clock: 1439861ms, Tournament: 3587634ms
[COMPUTER] Crazyhouse move request, level -1, reserve: [], FEN: 8/p4r2/n3pppp/1kpP3n/4P2P/5P2/7q/R1b1K2b w - - 0 1
[SimpleEngine] getLegalMovesForBoard: found 15 moves for White from board:
[SimpleEngine] Crazyhouse: 15 moves, 0 drops, reserve: []
[SimpleEngine] Random move: e4e5
[DEBUG_MOVE] Turn switch: isWhiteTurn=false, whiteType=computer, blackType=computer
[DEBUG_MOVE] nextPlayerType=computer, computerExists=true, isGameOver=false
[DEBUG_MOVE] computerPlayers.white=true, computerPlayers.black=true
[DEBUG_MOVE] Triggering computer move! Retry: 0
[COMPUTER] Scheduling move for Black in 0ms
[COMPUTER] Time check - Game clock: 1528827ms, Tournament: 3587633ms
[COMPUTER] Crazyhouse move request, level 0, reserve: [knight, rook, bishop, pawn, pawn, pawn, knight, queen, bishop, rook, pawn, pawn, pawn], FEN: 8/p4r2/n3pppp/1kpPP2n/7P/5P2/7q/R1b1K2b b - - 0 1
[SimpleEngine] getLegalMovesForBoard: found 45 moves for Black from board:
[SimpleEngine] Crazyhouse: 45 moves, 213 drops, reserve: [knight, rook, bishop, pawn, pawn, pawn, knight, queen, bishop, rook, pawn, pawn, pawn]
[SimpleEngine] getLegalMovesForBoard: found 20 moves for White from board:
[SimpleEngine] getLegalMovesForBoard: found 20 moves for White from board:
[SimpleEngine] getLegalMovesForBoard: found 20 moves for White from board:
[SimpleEngine] getLegalMovesForBoard: found 20 moves for White from board:
[SimpleEngine] getLegalMovesForBoard: found 20 moves for White from board:
[SimpleEngine] getLegalMovesForBoard: found 20 moves for White from board:
[SimpleEngine] getLegalMovesForBoard: found 20 moves for White from board:
[SimpleEngine] getLegalMovesForBoard: found 20 moves for White from board:
[SimpleEngine] getLegalMovesForBoard: found 20 moves for White from board:
[SimpleEngine] getLegalMovesForBoard: found 19 moves for White from board:
[SimpleEngine] getLegalMovesForBoard: found 19 moves for White from board:
[SimpleEngine] getLegalMovesForBoard: found 19 moves for White from board:
[SimpleEngine] getLegalMovesForBoard: found 19 moves for White from board:
[SimpleEngine] getLegalMovesForBoard: found 21 moves for White from board:
[SimpleEngine] getLegalMovesForBoard: found 20 moves for White from board:
[SimpleEngine] getLegalMovesForBoard: found 21 moves for White from board:
[SimpleEngine] getLegalMovesForBoard: found 20 moves for White from board:
[SimpleEngine] getLegalMovesForBoard: found 19 moves for White from board:
[SimpleEngine] getLegalMovesForBoard: found 19 moves for White from board:
[SimpleEngine] getLegalMovesForBoard: found 19 moves for White from board:
[SimpleEngine] getLegalMovesForBoard: found 19 moves for White from board:
[SimpleEngine] getLegalMovesForBoard: found 21 moves for White from board:
[SimpleEngine] getLegalMovesForBoard: found 20 moves for White from board:
[SimpleEngine] getLegalMovesForBoard: found 20 moves for White from board:
[SimpleEngine] getLegalMovesForBoard: found 19 moves for White from board:
[SimpleEngine] getLegalMovesForBoard: found 19 moves for White from board:
[SimpleEngine] getLegalMovesForBoard: found 20 moves for White from board:
[SimpleEngine] getLegalMovesForBoard: found 19 moves for White from board:
[SimpleEngine] getLegalMovesForBoard: found 21 moves for White from board:
[SimpleEngine] getLegalMovesForBoard: found 19 moves for White from board:
[SimpleEngine] getLegalMovesForBoard: found 18 moves for White from board:
[SimpleEngine] getLegalMovesForBoard: found 19 moves for White from board:
[SimpleEngine] getLegalMovesForBoard: found 2 moves for White from board:
[SimpleEngine] getLegalMovesForBoard: found 4 moves for White from board:
[SimpleEngine] getLegalMovesForBoard: found 1 moves for White from board:
[SimpleEngine] getLegalMovesForBoard: found 19 moves for White from board:
[SimpleEngine] getLegalMovesForBoard: found 19 moves for White from board:
[SimpleEngine] getLegalMovesForBoard: found 21 moves for White from board:
[SimpleEngine] getLegalMovesForBoard: found 19 moves for White from board:
[SimpleEngine] getLegalMovesForBoard: found 19 moves for White from board:
[SimpleEngine] getLegalMovesForBoard: found 20 moves for White from board:
[SimpleEngine] getLegalMovesForBoard: found 18 moves for White from board:
[SimpleEngine] getLegalMovesForBoard: found 3 moves for White from board:
[SimpleEngine] getLegalMovesForBoard: found 22 moves for White from board:
[SimpleEngine] getLegalMovesForBoard: found 19 moves for White from board:
[SimpleEngine] Best move: h2g1 (score: -23520)
[DEBUG_MOVE] Turn switch: isWhiteTurn=true, whiteType=computer, blackType=computer
[DEBUG_MOVE] nextPlayerType=computer, computerExists=true, isGameOver=false
[DEBUG_MOVE] computerPlayers.white=true, computerPlayers.black=true
[DEBUG_MOVE] Triggering computer move! Retry: 0
[COMPUTER] Scheduling move for White in 0ms
[COMPUTER] Time check - Game clock: 1469859ms, Tournament: 3587612ms
[COMPUTER] Crazyhouse move request, level -1, reserve: [], FEN: 8/p4r2/n3pppp/1kpPP2n/7P/5P2/8/R1b1K1qb w - - 0 1
[SimpleEngine] getLegalMovesForBoard: found 13 moves for White from board:
[SimpleEngine] Crazyhouse: 13 moves, 0 drops, reserve: []
[SimpleEngine] Random move: a1b1
[COMPUTER] Level -1: Move a1b1 failed unexpectedly: Move would leave king in check
[DEBUG_MOVE] Triggering computer move! Retry: 1
[COMPUTER] Scheduling move for White in 200ms
[COMPUTER] Time check - Game clock: 1469859ms, Tournament: 3587411ms
[COMPUTER] Crazyhouse move request, level -1, reserve: [], FEN: 8/p4r2/n3pppp/1kpPP2n/7P/5P2/8/R1b1K1qb w - - 0 1
[SimpleEngine] getLegalMovesForBoard: found 13 moves for White from board:
[SimpleEngine] Crazyhouse: 13 moves, 0 drops, reserve: []
[SimpleEngine] Random move: a1b1
[COMPUTER] Level -1: Move a1b1 failed unexpectedly: Move would leave king in check
[DEBUG_MOVE] Triggering computer move! Retry: 2
[COMPUTER] Scheduling move for White in 400ms
[COMPUTER] Time check - Game clock: 1469859ms, Tournament: 3587010ms
[COMPUTER] Crazyhouse move request, level -1, reserve: [], FEN: 8/p4r2/n3pppp/1kpPP2n/7P/5P2/8/R1b1K1qb w - - 0 1
[SimpleEngine] getLegalMovesForBoard: found 13 moves for White from board:
[SimpleEngine] Crazyhouse: 13 moves, 0 drops, reserve: []
[SimpleEngine] Random move: a1b1
[COMPUTER] Level -1: Move a1b1 failed unexpectedly: Move would leave king in check
[DEBUG_MOVE] Triggering computer move! Retry: 3
[COMPUTER] Scheduling move for White in 600ms
[MATCHMAKING] Processing 1 offers. Computers: cpu1(busy=true), cpu0(busy=true), cpu0........i took a (pop)(busy=false), cpu-1(busy=true)
[MATCHMAKING] Offer 5 from cpu0........i took a (pop) waiting (9s/10s)
[COMPUTER] Time check - Game clock: 1469859ms, Tournament: 3586409ms
[COMPUTER] Crazyhouse move request, level -1, reserve: [], FEN: 8/p4r2/n3pppp/1kpPP2n/7P/5P2/8/R1b1K1qb w - - 0 1
[SimpleEngine] getLegalMovesForBoard: found 13 moves for White from board:
[SimpleEngine] Crazyhouse: 13 moves, 0 drops, reserve: []
[SimpleEngine] Random move: a1a2
[COMPUTER] Level -1: Move a1a2 failed unexpectedly: Move would leave king in check
[DEBUG_MOVE] Triggering computer move! Retry: 4
[COMPUTER] Scheduling move for White in 800ms
[Matchmaking] 0 idle computers, 1 active offers, 1 available players
[MATCHMAKING] Processing 1 offers. Computers: cpu1(busy=true), cpu0(busy=true), cpu0........i took a (pop)(busy=false), cpu-1(busy=true)
[MATCHMAKING] Offer 5 from cpu0........i took a (pop): 0 valid bots available
[COMPUTER] Time check - Game clock: 1469859ms, Tournament: 3585605ms
[COMPUTER] Crazyhouse move request, level -1, reserve: [], FEN: 8/p4r2/n3pppp/1kpPP2n/7P/5P2/8/R1b1K1qb w - - 0 1
[SimpleEngine] getLegalMovesForBoard: found 13 moves for White from board:
[SimpleEngine] Crazyhouse: 13 moves, 0 drops, reserve: []
[SimpleEngine] Random move: a1a4
[COMPUTER] Level -1: Move a1a4 failed unexpectedly: Move would leave king in check
[DEBUG_MOVE] Triggering computer move! Retry: 5
[COMPUTER] Scheduling move for White in 1000ms
[Matchmaking] 0 idle computers, 1 active offers, 1 available players
[MATCHMAKING] Processing 1 offers. Computers: cpu1(busy=true), cpu0(busy=true), cpu0........i took a (pop)(busy=false), cpu-1(busy=true)
[MATCHMAKING] Offer 5 from cpu0........i took a (pop): 0 valid bots available
[COMPUTER] Time check - Game clock: 1469859ms, Tournament: 3584600ms
[COMPUTER] Crazyhouse move request, level -1, reserve: [], FEN: 8/p4r2/n3pppp/1kpPP2n/7P/5P2/8/R1b1K1qb w - - 0 1
[SimpleEngine] getLegalMovesForBoard: found 13 moves for White from board:
[SimpleEngine] Crazyhouse: 13 moves, 0 drops, reserve: []
[SimpleEngine] Random move: a1a6
[COMPUTER] Level -1: Move a1a6 failed unexpectedly: Move would leave king in check
[DEBUG_MOVE] Triggering computer move! Retry: 6
[COMPUTER] Scheduling move for White in 1200ms
[Matchmaking] 0 idle computers, 1 active offers, 1 available players
[MATCHMAKING] Processing 1 offers. Computers: cpu1(busy=true), cpu0(busy=true), cpu0........i took a (pop)(busy=false), cpu-1(busy=true)
[MATCHMAKING] Offer 5 from cpu0........i took a (pop): 0 valid bots available
[COMPUTER] Time check - Game clock: 1469859ms, Tournament: 3583396ms
[COMPUTER] Crazyhouse move request, level -1, reserve: [], FEN: 8/p4r2/n3pppp/1kpPP2n/7P/5P2/8/R1b1K1qb w - - 0 1
[SimpleEngine] getLegalMovesForBoard: found 13 moves for White from board:
[SimpleEngine] Crazyhouse: 13 moves, 0 drops, reserve: []
[SimpleEngine] Random move: a1a4
[COMPUTER] Level -1: Move a1a4 failed unexpectedly: Move would leave king in check
[DEBUG_MOVE] Triggering computer move! Retry: 7
[COMPUTER] Scheduling move for White in 1400ms
[MATCHMAKING] Processing 1 offers. Computers: cpu1(busy=true), cpu0(busy=true), cpu0........i took a (pop)(busy=false), cpu-1(busy=true)
[MATCHMAKING] Offer 5 from cpu0........i took a (pop): 0 valid bots available
[COMPUTER] Time check - Game clock: 1469859ms, Tournament: 3581995ms
[COMPUTER] Crazyhouse move request, level -1, reserve: [], FEN: 8/p4r2/n3pppp/1kpPP2n/7P/5P2/8/R1b1K1qb w - - 0 1
[SimpleEngine] getLegalMovesForBoard: found 13 moves for White from board:
[SimpleEngine] Crazyhouse: 13 moves, 0 drops, reserve: []
[SimpleEngine] Random move: e1d1
[COMPUTER] Level -1: Move e1d1 failed unexpectedly: Move would leave king in check
[DEBUG_MOVE] Triggering computer move! Retry: 8
[COMPUTER] Scheduling move for White in 1600ms
[MATCHMAKING] Processing 1 offers. Computers: cpu1(busy=true), cpu0(busy=true), cpu0........i took a (pop)(busy=false), cpu-1(busy=true)
[MATCHMAKING] Offer 5 from cpu0........i took a (pop): 0 valid bots available
[MATCHMAKING] Processing 1 offers. Computers: cpu1(busy=true), cpu0(busy=true), cpu0........i took a (pop)(busy=false), cpu-1(busy=true)
[MATCHMAKING] Offer 5 from cpu0........i took a (pop): 0 valid bots available
[COMPUTER] Time check - Game clock: 1469859ms, Tournament: 3580394ms
[COMPUTER] Crazyhouse move request, level -1, reserve: [], FEN: 8/p4r2/n3pppp/1kpPP2n/7P/5P2/8/R1b1K1qb w - - 0 1
[SimpleEngine] getLegalMovesForBoard: found 13 moves for White from board:
[SimpleEngine] Crazyhouse: 13 moves, 0 drops, reserve: []
[SimpleEngine] Random move: d5d6
[COMPUTER] Level -1: Move d5d6 failed unexpectedly: Move would leave king in check
[DEBUG_MOVE] Triggering computer move! Retry: 9
[COMPUTER] Scheduling move for White in 1800ms
[MATCHMAKING] Processing 1 offers. Computers: cpu1(busy=true), cpu0(busy=true), cpu0........i took a (pop)(busy=false), cpu-1(busy=true)
[MATCHMAKING] Offer 5 from cpu0........i took a (pop): 0 valid bots available
[MATCHMAKING] Processing 1 offers. Computers: cpu1(busy=true), cpu0(busy=true), cpu0........i took a (pop)(busy=false), cpu-1(busy=true)
[MATCHMAKING] Offer 5 from cpu0........i took a (pop): 0 valid bots available
[COMPUTER] Time check - Game clock: 1469859ms, Tournament: 3578592ms
[COMPUTER] Crazyhouse move request, level -1, reserve: [], FEN: 8/p4r2/n3pppp/1kpPP2n/7P/5P2/8/R1b1K1qb w - - 0 1
[SimpleEngine] getLegalMovesForBoard: found 13 moves for White from board:
[SimpleEngine] Crazyhouse: 13 moves, 0 drops, reserve: []
[SimpleEngine] Random move: e1d1
[COMPUTER] Level -1: Move e1d1 failed unexpectedly: Move would leave king in check
[DEBUG_MOVE] Triggering computer move! Retry: 10
[COMPUTER] Scheduling move for White in 2000ms
[Matchmaking] 0 idle computers, 1 active offers, 1 available players
[MATCHMAKING] Processing 1 offers. Computers: cpu1(busy=true), cpu0(busy=true), cpu0........i took a (pop)(busy=false), cpu-1(busy=true)
[MATCHMAKING] Offer 5 from cpu0........i took a (pop): 0 valid bots available
[MATCHMAKING] Processing 1 offers. Computers: cpu1(busy=true), cpu0(busy=true), cpu0........i took a (pop)(busy=false), cpu-1(busy=true)
[MATCHMAKING] Offer 5 from cpu0........i took a (pop): 0 valid bots available
[COMPUTER] Time check - Game clock: 1469859ms, Tournament: 3576588ms
[COMPUTER] Crazyhouse move request, level -1, reserve: [], FEN: 8/p4r2/n3pppp/1kpPP2n/7P/5P2/8/R1b1K1qb w - - 0 1
[SimpleEngine] getLegalMovesForBoard: found 13 moves for White from board:
[SimpleEngine] Crazyhouse: 13 moves, 0 drops, reserve: []
[SimpleEngine] Random move: e5f6
[COMPUTER] Level -1: Move e5f6 failed unexpectedly: Move would leave king in check
[DEBUG_MOVE] Triggering computer move! Retry: 11
[COMPUTER] Scheduling move for White in 2000ms
[MATCHMAKING] Processing 1 offers. Computers: cpu1(busy=true), cpu0(busy=true), cpu0........i took a (pop)(busy=false), cpu-1(busy=true)
[MATCHMAKING] Offer 5 from cpu0........i took a (pop): 0 valid bots available
[MATCHMAKING] Processing 1 offers. Computers: cpu1(busy=true), cpu0(busy=true), cpu0........i took a (pop)(busy=false), cpu-1(busy=true)
[MATCHMAKING] Offer 5 from cpu0........i took a (pop): 0 valid bots available
[COMPUTER] Time check - Game clock: 1469859ms, Tournament: 3574586ms
[COMPUTER] Crazyhouse move request, level -1, reserve: [], FEN: 8/p4r2/n3pppp/1kpPP2n/7P/5P2/8/R1b1K1qb w - - 0 1
[SimpleEngine] getLegalMovesForBoard: found 13 moves for White from board:
[SimpleEngine] Crazyhouse: 13 moves, 0 drops, reserve: []
[SimpleEngine] Random move: e5f6
[COMPUTER] Level -1: Move e5f6 failed unexpectedly: Move would leave king in check
[DEBUG_MOVE] Triggering computer move! Retry: 12
[COMPUTER] Scheduling move for White in 2000ms
[MATCHMAKING] Processing 1 offers. Computers: cpu1(busy=true), cpu0(busy=true), cpu0........i took a (pop)(busy=false), cpu-1(busy=true)
[MATCHMAKING] Offer 5 from cpu0........i took a (pop): 0 valid bots available
[COMPUTER] Safety timeout: no bestmove in 15s — firing callback with null
[COMPUTER] Engine returned null for black - resigning
black resigned. Winner: hwan
Game game_19 ended. Winner: hwan, Reason: resignation
hwan ELO: 400 → 412 (+12)
hwan wins! Gets 83435 ms (3× × 0.88 rank × 1.24 opp × 1.00 dur × 1.00 var = ×1.09)
[GAME] Stopping Black engine search (shared — worker stays alive)
[GAME] Stopping Black engine search (shared — worker stays alive)
[Matchmaking] 1 idle computers, 1 active offers, 3 available players
Auto-offer: cpu1 offering 2m+0s [kingofthehill]
[MATCHMAKING] Processing 2 offers. Computers: cpu1(busy=false), cpu0(busy=true), cpu0........i took a (pop)(busy=false), cpu-1(busy=true)
[MATCHMAKING] Offer 6 from cpu1 waiting (0s/10s)
[MATCHMAKING] Offer 5 from cpu0........i took a (pop): 1 valid bots available
[MATCHMAKING] Evaluating cpu1 for offer from cpu0........i took a (pop): shouldAccept=true, reason=Good value: 158469 pts/min, 86% win / 5% draw
Auto-accept: cpu1 accepting offer from cpu0........i took a (pop) (Reason: Good value: 158469 pts/min, 86% win / 5% draw)
[COLOR] Matchup: cpu0........i took a (pop) vs cpu1 -> cpu0........i took a (pop) (White), cpu1 (Black)
[ChessGame] Constructor called with variant: "standard", startPos: "random", cooldown: 10s
[ChessGame] Standard mode, using setupBoard()
[COMPUTER] Engine reset for new game — worker remains alive
[PLAYER] White using persistent engine (level 0) — already warm
[COMPUTER] Engine reset for new game — worker remains alive
[PLAYER] Black using persistent engine (level 1) — already warm
Starting game game_21 (variant: standard, computers: W=true, B=true)
startGame called. White: computer, Black: computer, Variant: standard
[COMPUTER] All workers ready after 0ms — scheduling first move
[DEBUG_MOVE] Triggering computer move! Retry: 0
[COMPUTER] Scheduling move for White in 0ms
[COMPUTER] Time check - Game clock: 60000ms, Tournament: 3572841ms
[COMPUTER] Level 0: Using game's getLegalMoves, found 20 moves
[COMPUTER] Level 0: Selected move c2c3, thinking for 1200ms
[COMPUTER] Time check - Game clock: 1469859ms, Tournament: 3572576ms
[COMPUTER] Crazyhouse move request, level -1, reserve: [], FEN: 8/p4r2/n3pppp/1kpPP2n/7P/5P2/8/R1b1K1qb w - - 0 1
[SimpleEngine] getLegalMovesForBoard: found 13 moves for White from board:
[SimpleEngine] Crazyhouse: 13 moves, 0 drops, reserve: []
[SimpleEngine] Random move: a1c1
[COMPUTER] Level -1: Move a1c1 failed unexpectedly: Move would leave king in check
[DEBUG_MOVE] Triggering computer move! Retry: 13
[COMPUTER] Scheduling move for White in 2000ms
[DEBUG_MOVE] Turn switch: isWhiteTurn=false, whiteType=computer, blackType=computer
[DEBUG_MOVE] nextPlayerType=computer, computerExists=true, isGameOver=false
[DEBUG_MOVE] computerPlayers.white=true, computerPlayers.black=true
[DEBUG_MOVE] Triggering computer move! Retry: 0
[COMPUTER] Scheduling move for Black in 0ms
[COMPUTER] Time check - Game clock: 60000ms, Tournament: 3571551ms
[COMPUTER] Level 1, remaining: 60000ms, consistency: 240ms
[Matchmaking] 0 idle computers, 0 active offers, 1 available players
[COMPUTER] Time check - Game clock: 1469859ms, Tournament: 3570567ms
[COMPUTER] Crazyhouse move request, level -1, reserve: [], FEN: 8/p4r2/n3pppp/1kpPP2n/7P/5P2/8/R1b1K1qb w - - 0 1
[SimpleEngine] getLegalMovesForBoard: found 13 moves for White from board:
[SimpleEngine] Crazyhouse: 13 moves, 0 drops, reserve: []
[SimpleEngine] Random move: a1a4
[COMPUTER] Level -1: Move a1a4 failed unexpectedly: Move would leave king in check
[DEBUG_MOVE] Triggering computer move! Retry: 14
[COMPUTER] Scheduling move for White in 2000ms
[COMPUTER] Time check - Game clock: 1469859ms, Tournament: 3568553ms
[COMPUTER] Crazyhouse move request, level -1, reserve: [], FEN: 8/p4r2/n3pppp/1kpPP2n/7P/5P2/8/R1b1K1qb w - - 0 1
[SimpleEngine] getLegalMovesForBoard: found 13 moves for White from board:
[SimpleEngine] Crazyhouse: 13 moves, 0 drops, reserve: []
[SimpleEngine] Random move: e1e2
[DEBUG_MOVE] Turn switch: isWhiteTurn=false, whiteType=computer, blackType=computer
[DEBUG_MOVE] nextPlayerType=computer, computerExists=true, isGameOver=false
[DEBUG_MOVE] computerPlayers.white=true, computerPlayers.black=true
[DEBUG_MOVE] Triggering computer move! Retry: 0
[COMPUTER] Scheduling move for Black in 0ms
[COMPUTER] Time check - Game clock: 1558806ms, Tournament: 3568470ms
[COMPUTER] Crazyhouse move request, level 0, reserve: [knight, rook, bishop, pawn, pawn, pawn, knight, queen, bishop, rook, pawn, pawn, pawn], FEN: 8/p4r2/n3pppp/1kpPP2n/7P/5P2/4K3/R1b3qb b - - 0 1
[SimpleEngine] getLegalMovesForBoard: found 43 moves for Black from board:
[SimpleEngine] Crazyhouse: 43 moves, 213 drops, reserve: [knight, rook, bishop, pawn, pawn, pawn, knight, queen, bishop, rook, pawn, pawn, pawn]
[SimpleEngine] getLegalMovesForBoard: found 20 moves for White from board:
[SimpleEngine] getLegalMovesForBoard: found 20 moves for White from board:
[SimpleEngine] getLegalMovesForBoard: found 20 moves for White from board:
[SimpleEngine] getLegalMovesForBoard: found 20 moves for White from board:
[SimpleEngine] getLegalMovesForBoard: found 20 moves for White from board:
[SimpleEngine] getLegalMovesForBoard: found 20 moves for White from board:
[SimpleEngine] getLegalMovesForBoard: found 20 moves for White from board:
[SimpleEngine] getLegalMovesForBoard: found 20 moves for White from board:
[SimpleEngine] getLegalMovesForBoard: found 20 moves for White from board:
[SimpleEngine] getLegalMovesForBoard: found 18 moves for White from board:
[SimpleEngine] getLegalMovesForBoard: found 19 moves for White from board:
[SimpleEngine] getLegalMovesForBoard: found 19 moves for White from board:
[SimpleEngine] getLegalMovesForBoard: found 19 moves for White from board:
[SimpleEngine] getLegalMovesForBoard: found 21 moves for White from board:
[SimpleEngine] getLegalMovesForBoard: found 20 moves for White from board:
[SimpleEngine] getLegalMovesForBoard: found 21 moves for White from board:
[SimpleEngine] getLegalMovesForBoard: found 20 moves for White from board:
[SimpleEngine] getLegalMovesForBoard: found 19 moves for White from board:
[SimpleEngine] getLegalMovesForBoard: found 19 moves for White from board:
[SimpleEngine] getLegalMovesForBoard: found 18 moves for White from board:
[SimpleEngine] getLegalMovesForBoard: found 18 moves for White from board:
[SimpleEngine] getLegalMovesForBoard: found 21 moves for White from board:
[SimpleEngine] getLegalMovesForBoard: found 1 moves for White from board:
[SimpleEngine] getLegalMovesForBoard: found 4 moves for White from board:
[SimpleEngine] getLegalMovesForBoard: found 20 moves for White from board:
[SimpleEngine] getLegalMovesForBoard: found 18 moves for White from board:
[SimpleEngine] getLegalMovesForBoard: found 19 moves for White from board:
[SimpleEngine] getLegalMovesForBoard: found 22 moves for White from board:
[SimpleEngine] getLegalMovesForBoard: found 18 moves for White from board:
[SimpleEngine] getLegalMovesForBoard: found 21 moves for White from board:
[SimpleEngine] getLegalMovesForBoard: found 20 moves for White from board:
[SimpleEngine] getLegalMovesForBoard: found 17 moves for White from board:
[SimpleEngine] getLegalMovesForBoard: found 19 moves for White from board:
[SimpleEngine] getLegalMovesForBoard: found 3 moves for White from board:
[SimpleEngine] getLegalMovesForBoard: found 20 moves for White from board:
[SimpleEngine] getLegalMovesForBoard: found 3 moves for White from board:
[SimpleEngine] getLegalMovesForBoard: found 19 moves for White from board:
[SimpleEngine] getLegalMovesForBoard: found 19 moves for White from board:
[SimpleEngine] getLegalMovesForBoard: found 4 moves for White from board:
[SimpleEngine] getLegalMovesForBoard: found 3 moves for White from board:
[SimpleEngine] getLegalMovesForBoard: found 3 moves for White from board:
[SimpleEngine] getLegalMovesForBoard: found 4 moves for White from board:
[SimpleEngine] getLegalMovesForBoard: found 19 moves for White from board:
[SimpleEngine] Best move: g1e1 (score: -22730)
[DEBUG_MOVE] Turn switch: isWhiteTurn=true, whiteType=computer, blackType=computer
[DEBUG_MOVE] nextPlayerType=computer, computerExists=true, isGameOver=false
[DEBUG_MOVE] computerPlayers.white=true, computerPlayers.black=true
[DEBUG_MOVE] Triggering computer move! Retry: 0
[COMPUTER] Scheduling move for White in 0ms
[COMPUTER] Time check - Game clock: 1480763ms, Tournament: 3568381ms
[COMPUTER] Crazyhouse move request, level -1, reserve: [], FEN: 8/p4r2/n3pppp/1kpPP2n/7P/5P2/4K3/R1b1q2b w - - 0 1
[SimpleEngine] getLegalMovesForBoard: found 2 moves for White from board:
[SimpleEngine] Crazyhouse: 2 moves, 0 drops, reserve: []
[SimpleEngine] Random move: e2d3
[DEBUG_MOVE] Turn switch: isWhiteTurn=false, whiteType=computer, blackType=computer
[DEBUG_MOVE] nextPlayerType=computer, computerExists=true, isGameOver=false
[DEBUG_MOVE] computerPlayers.white=true, computerPlayers.black=true
[DEBUG_MOVE] Triggering computer move! Retry: 0
[COMPUTER] Scheduling move for Black in 0ms
[COMPUTER] Time check - Game clock: 1588732ms, Tournament: 3568378ms
[COMPUTER] Crazyhouse move request, level 0, reserve: [knight, rook, bishop, pawn, pawn, pawn, knight, queen, bishop, rook, pawn, pawn, pawn], FEN: 8/p4r2/n3pppp/1kpPP2n/7P/3K1P2/8/R1b1q2b b - - 0 1
[SimpleEngine] getLegalMovesForBoard: found 46 moves for Black from board:
[SimpleEngine] Crazyhouse: 46 moves, 213 drops, reserve: [knight, rook, bishop, pawn, pawn, pawn, knight, queen, bishop, rook, pawn, pawn, pawn]
[SimpleEngine] getLegalMovesForBoard: found 23 moves for White from board:
[SimpleEngine] getLegalMovesForBoard: found 23 moves for White from board:
[SimpleEngine] getLegalMovesForBoard: found 23 moves for White from board:
[SimpleEngine] getLegalMovesForBoard: found 22 moves for White from board:
[SimpleEngine] getLegalMovesForBoard: found 23 moves for White from board:
[SimpleEngine] getLegalMovesForBoard: found 23 moves for White from board:
[SimpleEngine] getLegalMovesForBoard: found 23 moves for White from board:
[SimpleEngine] getLegalMovesForBoard: found 23 moves for White from board:
[SimpleEngine] getLegalMovesForBoard: found 23 moves for White from board:
[SimpleEngine] getLegalMovesForBoard: found 3 moves for White from board:
[SimpleEngine] getLegalMovesForBoard: found 21 moves for White from board:
[SimpleEngine] getLegalMovesForBoard: found 22 moves for White from board:
[SimpleEngine] getLegalMovesForBoard: found 21 moves for White from board:
[SimpleEngine] getLegalMovesForBoard: found 24 moves for White from board:
[SimpleEngine] getLegalMovesForBoard: found 24 moves for White from board:
[SimpleEngine] getLegalMovesForBoard: found 25 moves for White from board:
[SimpleEngine] getLegalMovesForBoard: found 24 moves for White from board:
[SimpleEngine] getLegalMovesForBoard: found 23 moves for White from board:
[SimpleEngine] getLegalMovesForBoard: found 21 moves for White from board:
[SimpleEngine] getLegalMovesForBoard: found 3 moves for White from board:
[SimpleEngine] getLegalMovesForBoard: found 4 moves for White from board:
[SimpleEngine] getLegalMovesForBoard: found 24 moves for White from board:
[SimpleEngine] getLegalMovesForBoard: found 3 moves for White from board:
[SimpleEngine] getLegalMovesForBoard: found 23 moves for White from board:
[SimpleEngine] getLegalMovesForBoard: found 23 moves for White from board:
[SimpleEngine] getLegalMovesForBoard: found 21 moves for White from board:
[SimpleEngine] getLegalMovesForBoard: found 22 moves for White from board:
[SimpleEngine] getLegalMovesForBoard: found 23 moves for White from board:
[SimpleEngine] getLegalMovesForBoard: found 20 moves for White from board:
[SimpleEngine] getLegalMovesForBoard: found 23 moves for White from board:
[SimpleEngine] getLegalMovesForBoard: found 22 moves for White from board:
[SimpleEngine] getLegalMovesForBoard: found 19 moves for White from board:
[SimpleEngine] getLegalMovesForBoard: found 20 moves for White from board:
[SimpleEngine] getLegalMovesForBoard: found 3 moves for White from board:
[SimpleEngine] getLegalMovesForBoard: found 22 moves for White from board:
[SimpleEngine] getLegalMovesForBoard: found 5 moves for White from board:
[SimpleEngine] getLegalMovesForBoard: found 3 moves for White from board:
[SimpleEngine] getLegalMovesForBoard: found 22 moves for White from board:
[SimpleEngine] getLegalMovesForBoard: found 3 moves for White from board:
[SimpleEngine] getLegalMovesForBoard: found 5 moves for White from board:
[SimpleEngine] getLegalMovesForBoard: found 22 moves for White from board:
[SimpleEngine] getLegalMovesForBoard: found 21 moves for White from board:
[SimpleEngine] getLegalMovesForBoard: found 22 moves for White from board:
[SimpleEngine] getLegalMovesForBoard: found 22 moves for White from board:
[SimpleEngine] getLegalMovesForBoard: found 24 moves for White from board:
[SimpleEngine] getLegalMovesForBoard: found 22 moves for White from board:
[SimpleEngine] Best move: a6b4 (score: -23530)
Checkmate! cpu0 wins!
Game game_20 ended. Winner: cpu0, Reason: checkmate
cpu0 wins! Gets 59887 ms (3× × 0.96 rank × 1.00 opp × 1.00 dur × 1.00 var = ×0.96)
[GAME] Stopping White engine search (shared — worker stays alive)
[GAME] Stopping Black engine search (shared — worker stays alive)
[GAME] Stopping White engine search (shared — worker stays alive)
[GAME] Stopping Black engine search (shared — worker stays alive)
Auto-offer: cpu-1 offering 10m+0s [standard]
[MATCHMAKING] Processing 1 offers. Computers: cpu1(busy=true), cpu0(busy=false), cpu0........i took a (pop)(busy=true), cpu-1(busy=false)
[MATCHMAKING] Offer 7 from cpu-1 waiting (0s/10s)
Auto-offer: cpu0 offering 10m+10s [standard]
[MATCHMAKING] Processing 2 offers. Computers: cpu1(busy=true), cpu0(busy=false), cpu0........i took a (pop)(busy=true), cpu-1(busy=false)
[MATCHMAKING] Offer 8 from cpu0 waiting (0s/10s)
[MATCHMAKING] Offer 7 from cpu-1 waiting (1s/10s)
[MATCHMAKING] Processing 2 offers. Computers: cpu1(busy=true), cpu0(busy=false), cpu0........i took a (pop)(busy=true), cpu-1(busy=false)
[MATCHMAKING] Offer 8 from cpu0 waiting (1s/10s)
[MATCHMAKING] Offer 7 from cpu-1 waiting (2s/10s)
[COMPUTER] PV stable for 561ms: e8d6. Stopping search.
[COMPUTER] Bestmove: d7d6, eval: 25, took: 5775ms
[COMPUTER] Move 'd7d6' confirmed after 5775ms. Playing immediately.
[DEBUG_MOVE] Turn switch: isWhiteTurn=true, whiteType=computer, blackType=computer
[DEBUG_MOVE] nextPlayerType=computer, computerExists=true, isGameOver=false
[DEBUG_MOVE] computerPlayers.white=true, computerPlayers.black=true
[DEBUG_MOVE] Triggering computer move! Retry: 0
[COMPUTER] Scheduling move for White in 0ms
[COMPUTER] Starting multi-move ponder...
[SimpleEngine] getLegalMovesForBoard: found 18 moves for White from board:
[COMPUTER] Multi-pondering 8 moves: c3c4, a2a4, a2a3, b2b4, b2b3, d2d4, d2d3, e2e4
[COMPUTER] Ponder c3c4 -> d7d6 (1ms total)
[COMPUTER] Time check - Game clock: 58699ms, Tournament: 3565774ms
[COMPUTER] Level 0: Using game's getLegalMoves, found 21 moves
[COMPUTER] Level 0: Selected move d2d4, thinking for 1170ms
[COMPUTER] Ponder c3c4 -> e7e5 (224ms total)
[COMPUTER] Ponder c3c4 -> e7e5 (448ms total)
[COMPUTER] Ponder a2a4 -> e7e6 (210ms total)
[COMPUTER] Ponder a2a4 -> e7e6 (423ms total)
[COMPUTER] Ponder a2a3 -> e7e5 (259ms total)
[COMPUTER] Ponder a2a3 -> e7e5 (519ms total)
[COMPUTER] Ponder b2b4 -> g8f6 (220ms total)
[COMPUTER] Ponder b2b4 -> g8f6 (440ms total)
[MATCHMAKING] Processing 2 offers. Computers: cpu1(busy=true), cpu0(busy=false), cpu0........i took a (pop)(busy=true), cpu-1(busy=false)
[MATCHMAKING] Offer 8 from cpu0 waiting (2s/10s)
[MATCHMAKING] Offer 7 from cpu-1 waiting (3s/10s)
[DEBUG_MOVE] Turn switch: isWhiteTurn=false, whiteType=computer, blackType=computer
[DEBUG_MOVE] nextPlayerType=computer, computerExists=true, isGameOver=false
[DEBUG_MOVE] computerPlayers.white=true, computerPlayers.black=true
[DEBUG_MOVE] Triggering computer move! Retry: 0
[COMPUTER] Scheduling move for Black in 0ms
[COMPUTER] Time check - Game clock: 54223ms, Tournament: 3564600ms
[COMPUTER] Stopping ponder to start search
[COMPUTER] Ponder search stopped.
[COMPUTER] Level 1, remaining: 54223ms, consistency: 216ms
[COMPUTER] Bestmove: h7h5, eval: 47, took: 1ms
[COMPUTER] Move 'h7h5' confirmed after 1ms. Playing immediately.
[DEBUG_MOVE] Turn switch: isWhiteTurn=true, whiteType=computer, blackType=computer
[DEBUG_MOVE] nextPlayerType=computer, computerExists=true, isGameOver=false
[DEBUG_MOVE] computerPlayers.white=true, computerPlayers.black=true
[DEBUG_MOVE] Triggering computer move! Retry: 0
[COMPUTER] Scheduling move for White in 0ms
[COMPUTER] Starting multi-move ponder...
[SimpleEngine] getLegalMovesForBoard: found 18 moves for White from board:
[COMPUTER] Multi-pondering 8 moves: d4d5, c3c4, a2a4, a2a3, b2b4, b2b3, d2d3, e2e4
[COMPUTER] Time check - Game clock: 57525ms, Tournament: 3564582ms
[COMPUTER] Level 0: Using game's getLegalMoves, found 29 moves
[COMPUTER] Level 0: Selected move c1h6, thinking for 1150ms
[COMPUTER] Ponder d4d5 -> c7c6 (212ms total)
[COMPUTER] Ponder d4d5 -> c7c6 (424ms total)
[COMPUTER] Ponder c3c4 -> e7e5 (226ms total)
[COMPUTER] Ponder c3c4 -> e7e5 (452ms total)
[COMPUTER] Ponder a2a4 -> e7e5 (224ms total)
[COMPUTER] Ponder a2a4 -> e7e5 (450ms total)
[MATCHMAKING] Processing 2 offers. Computers: cpu1(busy=true), cpu0(busy=false), cpu0........i took a (pop)(busy=true), cpu-1(busy=false)
[MATCHMAKING] Offer 8 from cpu0 waiting (3s/10s)
[MATCHMAKING] Offer 7 from cpu-1 waiting (4s/10s)
[COMPUTER] Ponder a2a3 -> e7e5 (209ms total)
[COMPUTER] Ponder a2a3 -> e7e5 (420ms total)
[COMPUTER] Ponder b2b4 -> g7g5 (214ms total)
[COMPUTER] Ponder b2b4 -> g7g5 (428ms total)
[DEBUG_MOVE] Turn switch: isWhiteTurn=false, whiteType=computer, blackType=computer
[DEBUG_MOVE] nextPlayerType=computer, computerExists=true, isGameOver=false
[DEBUG_MOVE] computerPlayers.white=true, computerPlayers.black=true
[DEBUG_MOVE] Triggering computer move! Retry: 0
[COMPUTER] Scheduling move for Black in 0ms
[COMPUTER] Time check - Game clock: 54211ms, Tournament: 3563430ms
[COMPUTER] Stopping ponder to start search
[COMPUTER] Ponder search stopped.
[COMPUTER] Level 1, remaining: 54211ms, consistency: 216ms
[COMPUTER] Bestmove: g8f6, eval: 37, took: 1ms
[COMPUTER] Move 'g8f6' confirmed after 1ms. Playing immediately.
[DEBUG_MOVE] Turn switch: isWhiteTurn=true, whiteType=computer, blackType=computer
[DEBUG_MOVE] nextPlayerType=computer, computerExists=true, isGameOver=false
[DEBUG_MOVE] computerPlayers.white=true, computerPlayers.black=true
[DEBUG_MOVE] Triggering computer move! Retry: 0
[COMPUTER] Scheduling move for White in 0ms
[COMPUTER] Starting multi-move ponder...
[SimpleEngine] getLegalMovesForBoard: found 22 moves for White from board:
[COMPUTER] Multi-pondering 8 moves: h6g7, h6g5, h6f4, h6e3, d4d5, c3c4, a2a4, a2a3
[COMPUTER] Time check - Game clock: 56369ms, Tournament: 3563409ms
[COMPUTER] Level 0: Using game's getLegalMoves, found 31 moves
[COMPUTER] Level 0: Selected move e1d2, thinking for 1125ms
[COMPUTER] Ponder h6g7 -> f8g7 (205ms total)
[COMPUTER] Ponder h6g7 -> f8g7 (411ms total)
[OFFER_CREATE] Received: player1=hwan, variant=freestyle, startPos=random
[COMPUTER] Ponder h6g5 -> e7e5 (208ms total)
[COMPUTER] Ponder h6g5 -> e7e5 (417ms total)
[Matchmaking] 0 idle computers, 3 active offers, 3 available players
[MATCHMAKING] Processing 3 offers. Computers: cpu1(busy=true), cpu0(busy=false), cpu0........i took a (pop)(busy=true), cpu-1(busy=false)
[MATCHMAKING] Offer 9 from hwan waiting (0s/10s)
[MATCHMAKING] Offer 8 from cpu0 waiting (4s/10s)
[MATCHMAKING] Offer 7 from cpu-1 waiting (5s/10s)
[COMPUTER] Ponder h6f4 -> e7e6 (229ms total)
[COMPUTER] Ponder h6f4 -> e7e6 (459ms total)
[COMPUTER] Ponder h6e3 -> h7h6 (208ms total)
[COMPUTER] Ponder h6e3 -> h7h6 (416ms total)
[COMPUTER] Ponder d4d5 -> g8h6 (208ms total)
[COMPUTER] Ponder d4d5 -> g8h6 (416ms total)
[DEBUG_MOVE] Turn switch: isWhiteTurn=false, whiteType=computer, blackType=computer
[DEBUG_MOVE] nextPlayerType=computer, computerExists=true, isGameOver=false
[DEBUG_MOVE] computerPlayers.white=true, computerPlayers.black=true
[DEBUG_MOVE] Triggering computer move! Retry: 0
[COMPUTER] Scheduling move for Black in 0ms
[COMPUTER] Time check - Game clock: 54190ms, Tournament: 3562278ms
[COMPUTER] Stopping ponder to start search
[COMPUTER] Ponder search stopped.
[COMPUTER] Level 1, remaining: 54190ms, consistency: 216ms
[COMPUTER] Bestmove: g7h6, eval: 392, took: 0ms
[COMPUTER] Move 'g7h6' confirmed after 0ms. Playing immediately.
[DEBUG_MOVE] Turn switch: isWhiteTurn=true, whiteType=computer, blackType=computer
[DEBUG_MOVE] nextPlayerType=computer, computerExists=true, isGameOver=false
[DEBUG_MOVE] computerPlayers.white=true, computerPlayers.black=true
[DEBUG_MOVE] Triggering computer move! Retry: 0
[COMPUTER] Scheduling move for White in 0ms
[COMPUTER] Starting multi-move ponder...
[SimpleEngine] getLegalMovesForBoard: found 19 moves for White from board:
[COMPUTER] Multi-pondering 8 moves: d4d5, c3c4, a2a4, a2a3, b2b4, b2b3, d2d3, d2e3
[COMPUTER] Time check - Game clock: 55237ms, Tournament: 3562270ms
[COMPUTER] Level 0: Using game's getLegalMoves, found 27 moves
[COMPUTER] Level 0: Selected move d1c1, thinking for 1100ms
[COMPUTER] Ponder d4d5 -> e7e6 (202ms total)
[COMPUTER] Ponder d4d5 -> e7e6 (406ms total)
[COMPUTER] Ponder c3c4 -> e7e5 (211ms total)
[COMPUTER] Ponder c3c4 -> e7e5 (422ms total)
[MATCHMAKING] Processing 3 offers. Computers: cpu1(busy=true), cpu0(busy=false), cpu0........i took a (pop)(busy=true), cpu-1(busy=false)
[MATCHMAKING] Offer 9 from hwan waiting (1s/10s)
[MATCHMAKING] Offer 8 from cpu0 waiting (5s/10s)
[MATCHMAKING] Offer 7 from cpu-1 waiting (6s/10s)
[COMPUTER] Ponder a2a4 -> f6e4 (205ms total)
[COMPUTER] Ponder a2a4 -> f6e4 (411ms total)
[COMPUTER] Ponder a2a3 -> e7e5 (203ms total)
[COMPUTER] Ponder a2a3 -> e7e5 (407ms total)
[COMPUTER] Ponder b2b4 -> f6e4 (210ms total)
[COMPUTER] Ponder b2b4 -> f6e4 (421ms total)
[DEBUG_MOVE] Turn switch: isWhiteTurn=false, whiteType=computer, blackType=computer
[DEBUG_MOVE] nextPlayerType=computer, computerExists=true, isGameOver=false
[DEBUG_MOVE] computerPlayers.white=true, computerPlayers.black=true
[DEBUG_MOVE] Triggering computer move! Retry: 0
[COMPUTER] Scheduling move for Black in 0ms
[COMPUTER] Time check - Game clock: 54183ms, Tournament: 3561162ms
[COMPUTER] Stopping ponder to start search
[COMPUTER] Ponder search stopped.
[COMPUTER] Level 1, remaining: 54183ms, consistency: 216ms
[COMPUTER] Bestmove: e7e6, eval: 704, took: 0ms
[COMPUTER] Move 'e7e6' confirmed after 0ms. Playing immediately.
[DEBUG_MOVE] Turn switch: isWhiteTurn=true, whiteType=computer, blackType=computer
[DEBUG_MOVE] nextPlayerType=computer, computerExists=true, isGameOver=false
[DEBUG_MOVE] computerPlayers.white=true, computerPlayers.black=true
[DEBUG_MOVE] Triggering computer move! Retry: 0
[COMPUTER] Scheduling move for White in 0ms
[COMPUTER] Starting multi-move ponder...
[SimpleEngine] getLegalMovesForBoard: found 19 moves for White from board:
[COMPUTER] Multi-pondering 8 moves: d4d5, c3c4, a2a4, a2a3, b2b4, b2b3, d2d3, d2e3
[COMPUTER] Time check - Game clock: 54132ms, Tournament: 3561148ms
[COMPUTER] Level 0: Using game's getLegalMoves, found 25 moves
[COMPUTER] Level 0: Selected move g2g4, thinking for 1080ms
[COMPUTER] Ponder d4d5 -> b7b6 (231ms total)
[COMPUTER] Ponder d4d5 -> b7b6 (462ms total)
[MATCHMAKING] Processing 3 offers. Computers: cpu1(busy=true), cpu0(busy=false), cpu0........i took a (pop)(busy=true), cpu-1(busy=false)
[MATCHMAKING] Offer 9 from hwan waiting (2s/10s)
[MATCHMAKING] Offer 8 from cpu0 waiting (6s/10s)
[MATCHMAKING] Offer 7 from cpu-1 waiting (7s/10s)
[COMPUTER] Ponder c3c4 -> c7c5 (204ms total)
[COMPUTER] Ponder c3c4 -> c7c5 (410ms total)
[COMPUTER] Ponder a2a4 -> f6e4 (209ms total)
[COMPUTER] Ponder a2a4 -> f6e4 (419ms total)
[COMPUTER] Ponder a2a3 -> f6e4 (219ms total)
[COMPUTER] Ponder a2a3 -> f6e4 (438ms total)
[DEBUG_MOVE] Turn switch: isWhiteTurn=false, whiteType=computer, blackType=computer
[DEBUG_MOVE] nextPlayerType=computer, computerExists=true, isGameOver=false
[DEBUG_MOVE] computerPlayers.white=true, computerPlayers.black=true
[DEBUG_MOVE] Triggering computer move! Retry: 0
[COMPUTER] Scheduling move for Black in 0ms
[COMPUTER] Time check - Game clock: 54166ms, Tournament: 3560059ms
[COMPUTER] Stopping ponder to start search
[COMPUTER] Ponder search stopped.
[COMPUTER] Level 1, remaining: 54166ms, consistency: 216ms
[COMPUTER] Bestmove: f6e4, eval: -98, took: 1ms
[COMPUTER] Move 'f6e4' confirmed after 1ms. Playing immediately.
[DEBUG_MOVE] Turn switch: isWhiteTurn=true, whiteType=computer, blackType=computer
[DEBUG_MOVE] nextPlayerType=computer, computerExists=true, isGameOver=false
[DEBUG_MOVE] computerPlayers.white=true, computerPlayers.black=true
[DEBUG_MOVE] Triggering computer move! Retry: 0
[COMPUTER] Scheduling move for White in 0ms
[COMPUTER] Starting multi-move ponder...
[SimpleEngine] getLegalMovesForBoard: found 2 moves for White from board:
[COMPUTER] Multi-pondering 2 moves: d2d3, d2e3
[COMPUTER] Time check - Game clock: 53045ms, Tournament: 3560031ms
[COMPUTER] Level 0: Using game's getLegalMoves, found 5 moves
[COMPUTER] Level 0: Selected move d2e1, thinking for 1060ms
[COMPUTER] Ponder d2d3 -> e4f2 (202ms total)
[COMPUTER] Ponder d2d3 -> e4f2 (405ms total)
[MATCHMAKING] Processing 3 offers. Computers: cpu1(busy=true), cpu0(busy=false), cpu0........i took a (pop)(busy=true), cpu-1(busy=false)
[MATCHMAKING] Offer 9 from hwan waiting (3s/10s)
[MATCHMAKING] Offer 8 from cpu0 waiting (7s/10s)
[MATCHMAKING] Offer 7 from cpu-1 waiting (8s/10s)
[COMPUTER] Ponder d2e3 -> e4f6 (218ms total)
[COMPUTER] Ponder d2e3 -> e4f6 (437ms total)
[COMPUTER] Ponder d2d3 -> g8f6 (618ms total)
[COMPUTER] Ponder d2d3 -> g8f6 (832ms total)
[COMPUTER] Ponder d2d3 -> e4f2 (1038ms total)
[COMPUTER] Ponder d2d3 -> e4f2 (1245ms total)
[DEBUG_MOVE] Turn switch: isWhiteTurn=false, whiteType=computer, blackType=computer
[DEBUG_MOVE] nextPlayerType=computer, computerExists=true, isGameOver=false
[DEBUG_MOVE] computerPlayers.white=true, computerPlayers.black=true
[DEBUG_MOVE] Triggering computer move! Retry: 0
[COMPUTER] Scheduling move for Black in 0ms
[COMPUTER] Time check - Game clock: 54138ms, Tournament: 3558968ms
[COMPUTER] Stopping ponder to start search
[COMPUTER] Ponder search stopped.
[COMPUTER] Level 1, remaining: 54138ms, consistency: 216ms
[COMPUTER] Bestmove: e4f2, eval: 958, took: 0ms
[COMPUTER] Move 'e4f2' confirmed after 0ms. Playing immediately.
[DEBUG_MOVE] Turn switch: isWhiteTurn=true, whiteType=computer, blackType=computer
[DEBUG_MOVE] nextPlayerType=computer, computerExists=true, isGameOver=false
[DEBUG_MOVE] computerPlayers.white=true, computerPlayers.black=true
[DEBUG_MOVE] Triggering computer move! Retry: 0
[COMPUTER] Scheduling move for White in 0ms
[COMPUTER] Starting multi-move ponder...
[SimpleEngine] getLegalMovesForBoard: found 18 moves for White from board:
[COMPUTER] Multi-pondering 8 moves: d4d5, g4g5, g4h5, c3c4, a2a4, a2a3, b2b4, b2b3
[COMPUTER] Time check - Game clock: 51983ms, Tournament: 3558938ms
[COMPUTER] Level 0: Using game's getLegalMoves, found 27 moves
[COMPUTER] Level 0: Selected move d4d5, thinking for 1035ms
[Matchmaking] 0 idle computers, 3 active offers, 3 available players
[MATCHMAKING] Processing 3 offers. Computers: cpu1(busy=true), cpu0(busy=false), cpu0........i took a (pop)(busy=true), cpu-1(busy=false)
[MATCHMAKING] Offer 9 from hwan waiting (4s/10s)
[MATCHMAKING] Offer 8 from cpu0 waiting (8s/10s)
[MATCHMAKING] Offer 7 from cpu-1 waiting (9s/10s)
[COMPUTER] Ponder d4d5 -> f2g4 (211ms total)
[COMPUTER] Ponder d4d5 -> f2g4 (423ms total)
[COMPUTER] Ponder g4g5 -> f2d1 (208ms total)
[COMPUTER] Ponder g4g5 -> f2d1 (416ms total)
[COMPUTER] Ponder g4h5 -> f2d1 (205ms total)
[COMPUTER] Ponder g4h5 -> f2d1 (410ms total)
[COMPUTER] Ponder c3c4 -> f2d1 (223ms total)
[COMPUTER] Ponder c3c4 -> f2d1 (446ms total)
[DEBUG_MOVE] Turn switch: isWhiteTurn=false, whiteType=computer, blackType=computer
[DEBUG_MOVE] nextPlayerType=computer, computerExists=true, isGameOver=false
[DEBUG_MOVE] computerPlayers.white=true, computerPlayers.black=true
[DEBUG_MOVE] Triggering computer move! Retry: 0
[COMPUTER] Scheduling move for Black in 0ms
[COMPUTER] Time check - Game clock: 54108ms, Tournament: 3557901ms
[COMPUTER] Stopping ponder to start search
[COMPUTER] Ponder search stopped.
[COMPUTER] Level 1, remaining: 54108ms, consistency: 216ms
[COMPUTER] Bestmove: f2d1, eval: 910, took: 1ms
[COMPUTER] Move 'f2d1' confirmed after 1ms. Playing immediately.
[DEBUG_MOVE] Turn switch: isWhiteTurn=true, whiteType=computer, blackType=computer
[DEBUG_MOVE] nextPlayerType=computer, computerExists=true, isGameOver=false
[DEBUG_MOVE] computerPlayers.white=true, computerPlayers.black=true
[DEBUG_MOVE] Triggering computer move! Retry: 0
[COMPUTER] Scheduling move for White in 0ms
[COMPUTER] Starting multi-move ponder...
[SimpleEngine] getLegalMovesForBoard: found 20 moves for White from board:
[COMPUTER] Multi-pondering 8 moves: d5e6, g4g5, g4h5, c3c4, a2a4, a2a3, b2b4, b2b3
[COMPUTER] Time check - Game clock: 50946ms, Tournament: 3557862ms
[COMPUTER] Level 0: Using game's getLegalMoves, found 27 moves
[COMPUTER] Level 0: Selected move d5e6, thinking for 1015ms
[MATCHMAKING] Processing 3 offers. Computers: cpu1(busy=true), cpu0(busy=false), cpu0........i took a (pop)(busy=true), cpu-1(busy=false)
[MATCHMAKING] Offer 9 from hwan waiting (5s/10s)
[MATCHMAKING] Offer 8 from cpu0 waiting (9s/10s)
[MATCHMAKING] Offer 7 from cpu-1: 1 valid bots available
[MATCHMAKING] Evaluating cpu0 for offer from cpu-1: shouldAccept=true, reason=Good value: 130226 pts/min, 68% win / 10% draw
Auto-accept: cpu0 accepting offer from cpu-1 (Reason: Good value: 130226 pts/min, 68% win / 10% draw)
[COLOR] Matchup: cpu-1 vs cpu0 -> cpu-1 (White), cpu0 (Black)
[ChessGame] Constructor called with variant: "standard", startPos: "random", cooldown: 10s
[ChessGame] Standard mode, using setupBoard()
[COMPUTER] Engine reset for new game — worker remains alive
[PLAYER] White using persistent engine (level -1) — already warm
[COMPUTER] Engine reset for new game — worker remains alive
[PLAYER] Black using persistent engine (level 0) — already warm
Starting game game_22 (variant: standard, computers: W=true, B=true)
startGame called. White: computer, Black: computer, Variant: standard
[COMPUTER] All workers ready after 0ms — scheduling first move
[DEBUG_MOVE] Triggering computer move! Retry: 0
[COMPUTER] Scheduling move for White in 0ms
[COMPUTER] Time check - Game clock: 600000ms, Tournament: 3557782ms
[COMPUTER] Level -1: Using game's getLegalMoves, found 20 moves
[COMPUTER] Level -1: Selected move f2f3, thinking for 5800ms
[COMPUTER] Ponder d5e6 -> f7e6 (230ms total)
[COMPUTER] Ponder d5e6 -> f7e6 (460ms total)
[COMPUTER] Ponder g4g5 -> d1f2 (200ms total)
[COMPUTER] Ponder g4g5 -> d1f2 (402ms total)
[COMPUTER] Ponder g4h5 -> d1f2 (205ms total)
[COMPUTER] Ponder g4h5 -> d1f2 (410ms total)
[COMPUTER] Ponder c3c4 -> h5g4 (209ms total)
[COMPUTER] Ponder c3c4 -> h5g4 (418ms total)
[DEBUG_MOVE] Turn switch: isWhiteTurn=false, whiteType=computer, blackType=computer
[DEBUG_MOVE] nextPlayerType=computer, computerExists=true, isGameOver=false
[DEBUG_MOVE] computerPlayers.white=true, computerPlayers.black=true
[DEBUG_MOVE] Triggering computer move! Retry: 0
[COMPUTER] Scheduling move for Black in 0ms
[COMPUTER] Time check - Game clock: 54072ms, Tournament: 3556843ms
[COMPUTER] Stopping ponder to start search
[COMPUTER] Ponder search stopped.
[COMPUTER] Level 1, remaining: 54072ms, consistency: 216ms
[COMPUTER] Bestmove: d1f2, eval: 916, took: 0ms
[COMPUTER] Move 'd1f2' confirmed after 0ms. Playing immediately.
[DEBUG_MOVE] Turn switch: isWhiteTurn=true, whiteType=computer, blackType=computer
[DEBUG_MOVE] nextPlayerType=computer, computerExists=true, isGameOver=false
[DEBUG_MOVE] computerPlayers.white=true, computerPlayers.black=true
[DEBUG_MOVE] Triggering computer move! Retry: 0
[COMPUTER] Scheduling move for White in 0ms
[COMPUTER] Starting multi-move ponder...
[SimpleEngine] getLegalMovesForBoard: found 21 moves for White from board:
[COMPUTER] Multi-pondering 8 moves: e6d7, e6f7, g4g5, g4h5, c3c4, a2a4, a2a3, b2b4
[COMPUTER] Time check - Game clock: 49928ms, Tournament: 3556801ms
[COMPUTER] Level 0: Using game's getLegalMoves, found 28 moves
[COMPUTER] Level 0: Selected move e2e4, thinking for 995ms
[MATCHMAKING] Processing 1 offers. Computers: cpu1(busy=true), cpu0(busy=true), cpu0........i took a (pop)(busy=true), cpu-1(busy=true)
[MATCHMAKING] Offer 9 from hwan waiting (6s/10s)
[COMPUTER] Ponder e6d7 -> c8d7 (298ms total)
[COMPUTER] Ponder e6d7 -> c8d7 (597ms total)
[COMPUTER] Ponder e6f7 -> e8f7 (533ms total)
[COMPUTER] Ponder e6f7 -> e8f7 (1067ms total)
[DEBUG_MOVE] Turn switch: isWhiteTurn=false, whiteType=computer, blackType=computer
[DEBUG_MOVE] nextPlayerType=computer, computerExists=true, isGameOver=false
[DEBUG_MOVE] computerPlayers.white=true, computerPlayers.black=true
[DEBUG_MOVE] Triggering computer move! Retry: 0
[COMPUTER] Scheduling move for Black in 0ms
[MATCHMAKING] Processing 1 offers. Computers: cpu1(busy=true), cpu0(busy=true), cpu0........i took a (pop)(busy=true), cpu-1(busy=true)
[MATCHMAKING] Offer 9 from hwan waiting (7s/10s)
[COMPUTER] Time check - Game clock: 54041ms, Tournament: 3555784ms
[COMPUTER] Stopping ponder to start search
[COMPUTER] Ponder search stopped.
[COMPUTER] Level 1, remaining: 54041ms, consistency: 216ms
[COMPUTER] Bestmove: f2d1, eval: 769, took: 0ms
[COMPUTER] Move 'f2d1' confirmed after 0ms. Playing immediately.
[DEBUG_MOVE] Turn switch: isWhiteTurn=true, whiteType=computer, blackType=computer
[DEBUG_MOVE] nextPlayerType=computer, computerExists=true, isGameOver=false
[DEBUG_MOVE] computerPlayers.white=true, computerPlayers.black=true
[DEBUG_MOVE] Triggering computer move! Retry: 0
[COMPUTER] Scheduling move for White in 0ms
[COMPUTER] Starting multi-move ponder...
[SimpleEngine] getLegalMovesForBoard: found 21 moves for White from board:
[COMPUTER] Multi-pondering 8 moves: e6d7, e6f7, e4e5, g4g5, g4h5, c3c4, a2a4, a2a3
[COMPUTER] Time check - Game clock: 48900ms, Tournament: 3555687ms
[COMPUTER] Level 0: Using game's getLegalMoves, found 34 moves
[COMPUTER] Level 0: Selected move e4e5, thinking for 975ms
[COMPUTER] Ponder e6d7 -> d8d7 (267ms total)
[COMPUTER] Ponder e6d7 -> d8d7 (536ms total)
[COMPUTER] Ponder e6f7 -> e8f7 (212ms total)
[COMPUTER] Ponder e6f7 -> e8f7 (425ms total)
[COMPUTER] Ponder e4e5 -> d1f2 (216ms total)
[COMPUTER] Ponder e4e5 -> d1f2 (432ms total)
[MATCHMAKING] Processing 1 offers. Computers: cpu1(busy=true), cpu0(busy=true), cpu0........i took a (pop)(busy=true), cpu-1(busy=true)
[MATCHMAKING] Offer 9 from hwan waiting (8s/10s)
[DEBUG_MOVE] Turn switch: isWhiteTurn=false, whiteType=computer, blackType=computer
[DEBUG_MOVE] nextPlayerType=computer, computerExists=true, isGameOver=false
[DEBUG_MOVE] computerPlayers.white=true, computerPlayers.black=true
[DEBUG_MOVE] Triggering computer move! Retry: 0
[COMPUTER] Scheduling move for Black in 0ms
[COMPUTER] Time check - Game clock: 53944ms, Tournament: 3554707ms
[COMPUTER] Stopping ponder to start search
[COMPUTER] Ponder search stopped.
[COMPUTER] Level 1, remaining: 53944ms, consistency: 215ms
[COMPUTER] Bestmove: d1b2, eval: 642, took: 2ms
[COMPUTER] Move 'd1b2' confirmed after 2ms. Playing immediately.
[DEBUG_MOVE] Turn switch: isWhiteTurn=true, whiteType=computer, blackType=computer
[DEBUG_MOVE] nextPlayerType=computer, computerExists=true, isGameOver=false
[DEBUG_MOVE] computerPlayers.white=true, computerPlayers.black=true
[DEBUG_MOVE] Triggering computer move! Retry: 0
[COMPUTER] Scheduling move for White in 0ms
[COMPUTER] Starting multi-move ponder...
[SimpleEngine] getLegalMovesForBoard: found 22 moves for White from board:
[COMPUTER] Multi-pondering 8 moves: e6d7, e6f7, e5d6, g4g5, g4h5, c3c4, a2a4, a2a3
[COMPUTER] Time check - Game clock: 47921ms, Tournament: 3554621ms
[COMPUTER] Level 0: Using game's getLegalMoves, found 33 moves
[COMPUTER] Level 0: Selected move c1b2, thinking for 955ms
[COMPUTER] Ponder e6d7 -> c8d7 (546ms total)
[COMPUTER] Ponder e6d7 -> c8d7 (1092ms total)
[COMPUTER] Ponder e6f7 -> e8f7 (209ms total)
[COMPUTER] Ponder e6f7 -> e8f7 (418ms total)
[MATCHMAKING] Processing 1 offers. Computers: cpu1(busy=true), cpu0(busy=true), cpu0........i took a (pop)(busy=true), cpu-1(busy=true)
[MATCHMAKING] Offer 9 from hwan waiting (9s/10s)
[DEBUG_MOVE] Turn switch: isWhiteTurn=false, whiteType=computer, blackType=computer
[DEBUG_MOVE] nextPlayerType=computer, computerExists=true, isGameOver=false
[DEBUG_MOVE] computerPlayers.white=true, computerPlayers.black=true
[DEBUG_MOVE] Triggering computer move! Retry: 0
[COMPUTER] Scheduling move for Black in 0ms
[COMPUTER] Time check - Game clock: 53856ms, Tournament: 3553663ms
[COMPUTER] Stopping ponder to start search
[COMPUTER] Ponder search stopped.
[COMPUTER] Level 1, remaining: 53856ms, consistency: 215ms
[COMPUTER] Bestmove: h5h4, eval: 500, took: 0ms
[COMPUTER] Move 'h5h4' confirmed after 0ms. Playing immediately.
[DEBUG_MOVE] Turn switch: isWhiteTurn=true, whiteType=computer, blackType=computer
[DEBUG_MOVE] nextPlayerType=computer, computerExists=true, isGameOver=false
[DEBUG_MOVE] computerPlayers.white=true, computerPlayers.black=true
[DEBUG_MOVE] Triggering computer move! Retry: 0
[COMPUTER] Scheduling move for White in 0ms
[COMPUTER] Starting multi-move ponder...
[SimpleEngine] getLegalMovesForBoard: found 24 moves for White from board:
[COMPUTER] Multi-pondering 8 moves: e6d7, e6f7, e5d6, g4g5, c3c4, a2a4, a2a3, b2b7
[COMPUTER] Time check - Game clock: 46965ms, Tournament: 3553638ms
[COMPUTER] Level 0: Using game's getLegalMoves, found 36 moves
[COMPUTER] Level 0: Selected move c3c4, thinking for 935ms
[COMPUTER] Ponder e6d7 -> b8d7 (207ms total)
[COMPUTER] Ponder e6d7 -> b8d7 (416ms total)
[COMPUTER] Ponder e6f7 -> e8f7 (205ms total)
[COMPUTER] Ponder e6f7 -> e8f7 (410ms total)
[COMPUTER] Ponder e5d6 -> d7e6 (283ms total)
[COMPUTER] Ponder e5d6 -> d7e6 (566ms total)
[MATCHMAKING] Processing 1 offers. Computers: cpu1(busy=true), cpu0(busy=true), cpu0........i took a (pop)(busy=true), cpu-1(busy=true)
[MATCHMAKING] Offer 9 from hwan: 0 valid bots available
[DEBUG_MOVE] Turn switch: isWhiteTurn=false, whiteType=computer, blackType=computer
[DEBUG_MOVE] nextPlayerType=computer, computerExists=true, isGameOver=false
[DEBUG_MOVE] computerPlayers.white=true, computerPlayers.black=true
[DEBUG_MOVE] Triggering computer move! Retry: 0
[COMPUTER] Scheduling move for Black in 0ms
[COMPUTER] Time check - Game clock: 53830ms, Tournament: 3552694ms
[COMPUTER] Stopping ponder to start search
[COMPUTER] Ponder search stopped.
[COMPUTER] Level 1, remaining: 53830ms, consistency: 215ms
[COMPUTER] Bestmove: d7e6, eval: -1178, took: 0ms
[COMPUTER] Move 'd7e6' confirmed after 0ms. Playing immediately.
[COMPUTER] Level 1: Move d7e6 failed unexpectedly: No piece at source
[DEBUG_MOVE] Triggering computer move! Retry: 1
[COMPUTER] Scheduling move for Black in 200ms
[COMPUTER] Starting multi-move ponder...
[SimpleEngine] getLegalMovesForBoard: found 26 moves for White from board:
[COMPUTER] Multi-pondering 8 moves: e5d6, c4c5, g4g5, a2a4, a2a3, b2b7, b2b6, b2b5
[COMPUTER] Time check - Game clock: 53830ms, Tournament: 3552485ms
[COMPUTER] Stopping ponder to start search
[COMPUTER] Ponder search stopped.
[COMPUTER] Level 1, remaining: 53830ms, consistency: 215ms
[COMPUTER] Bestmove: h4h3, eval: -1071, took: 3ms
[COMPUTER] Move 'h4h3' confirmed after 3ms. Playing immediately.
[DEBUG_MOVE] Turn switch: isWhiteTurn=true, whiteType=computer, blackType=computer
[DEBUG_MOVE] nextPlayerType=computer, computerExists=true, isGameOver=false
[DEBUG_MOVE] computerPlayers.white=true, computerPlayers.black=true
[DEBUG_MOVE] Triggering computer move! Retry: 0
[COMPUTER] Scheduling move for White in 0ms
[COMPUTER] Starting multi-move ponder...
[SimpleEngine] getLegalMovesForBoard: found 28 moves for White from board:
[COMPUTER] Multi-pondering 8 moves: e6d7, e6f7, e5d6, c4c5, g4g5, a2a4, a2a3, b2b7
[COMPUTER] Ponder e6d7 -> a7a6 (0ms total)
[COMPUTER] Time check - Game clock: 46023ms, Tournament: 3552474ms
[COMPUTER] Level 0: Using game's getLegalMoves, found 35 moves
[COMPUTER] Level 0: Selected move g1f3, thinking for 920ms
[COMPUTER] Ponder e6d7 -> d8d7 (212ms total)
[COMPUTER] Ponder e6d7 -> d8d7 (424ms total)
[COMPUTER] Ponder e6f7 -> e8f7 (211ms total)
[COMPUTER] Ponder e6f7 -> e8f7 (423ms total)
[DEBUG_MOVE] Turn switch: isWhiteTurn=false, whiteType=computer, blackType=computer
[DEBUG_MOVE] nextPlayerType=computer, computerExists=true, isGameOver=false
[DEBUG_MOVE] computerPlayers.white=true, computerPlayers.black=true
[DEBUG_MOVE] Triggering computer move! Retry: 0
[COMPUTER] Scheduling move for Black in 0ms
[COMPUTER] Time check - Game clock: 600000ms, Tournament: 3551974ms
[COMPUTER] Level 0: Using game's getLegalMoves, found 20 moves
[COMPUTER] Level 0: Selected move d7d5, thinking for 12000ms
[COMPUTER] Ponder e5d6 -> f7e6 (204ms total)
[COMPUTER] Ponder e5d6 -> f7e6 (408ms total)
[MATCHMAKING] Processing 1 offers. Computers: cpu1(busy=true), cpu0(busy=true), cpu0........i took a (pop)(busy=true), cpu-1(busy=true)
[MATCHMAKING] Offer 9 from hwan: 0 valid bots available
[COMPUTER] Ponder c4c5 -> d7e6 (211ms total)
[COMPUTER] Ponder c4c5 -> d7e6 (422ms total)
[DEBUG_MOVE] Turn switch: isWhiteTurn=false, whiteType=computer, blackType=computer
[DEBUG_MOVE] nextPlayerType=computer, computerExists=true, isGameOver=false
[DEBUG_MOVE] computerPlayers.white=true, computerPlayers.black=true
[DEBUG_MOVE] Triggering computer move! Retry: 0
[COMPUTER] Scheduling move for Black in 0ms
[COMPUTER] Time check - Game clock: 53608ms, Tournament: 3551552ms
[COMPUTER] Stopping ponder to start search
[COMPUTER] Ponder search stopped.
[COMPUTER] Level 1, remaining: 53608ms, consistency: 214ms
[COMPUTER] Bestmove: h6g5, eval: -1237, took: 0ms
[COMPUTER] Move 'h6g5' confirmed after 0ms. Playing immediately.
[COMPUTER] Level 1: Move h6g5 failed unexpectedly: Invalid move
[DEBUG_MOVE] Triggering computer move! Retry: 1
[COMPUTER] Scheduling move for Black in 200ms
[COMPUTER] Starting multi-move ponder...
[SimpleEngine] getLegalMovesForBoard: found 27 moves for White from board:
[COMPUTER] Multi-pondering 8 moves: e6d7, e6f7, e5d6, c4c5, f3g5, f3d4, f3h4, a2a4
[COMPUTER] Time check - Game clock: 53608ms, Tournament: 3551311ms
[COMPUTER] Stopping ponder to start search
[COMPUTER] Ponder search stopped.
[COMPUTER] Level 1, remaining: 53608ms, consistency: 214ms
[COMPUTER] Bestmove: d6d5, eval: -1849, took: 0ms
[COMPUTER] Move 'd6d5' confirmed after 0ms. Playing immediately.
[DEBUG_MOVE] Turn switch: isWhiteTurn=true, whiteType=computer, blackType=computer
[DEBUG_MOVE] nextPlayerType=computer, computerExists=true, isGameOver=false
[DEBUG_MOVE] computerPlayers.white=true, computerPlayers.black=true
[DEBUG_MOVE] Triggering computer move! Retry: 0
[COMPUTER] Scheduling move for White in 0ms
[COMPUTER] Starting multi-move ponder...
[SimpleEngine] getLegalMovesForBoard: found 28 moves for White from board:
[COMPUTER] Multi-pondering 8 moves: e6d7, e6f7, c4c5, c4d5, g4g5, f3g5, f3d4, f3h4
[COMPUTER] Time check - Game clock: 45101ms, Tournament: 3551299ms
[COMPUTER] Level 0: Using game's getLegalMoves, found 38 moves
[COMPUTER] Level 0: Selected move b1a3, thinking for 900ms
[COMPUTER] Ponder e6d7 -> c8d7 (222ms total)
[COMPUTER] Ponder e6d7 -> c8d7 (444ms total)
[COMPUTER] Ponder e6f7 -> e8f7 (203ms total)
[COMPUTER] Ponder e6f7 -> e8f7 (407ms total)
[MATCHMAKING] Processing 1 offers. Computers: cpu1(busy=true), cpu0(busy=true), cpu0........i took a (pop)(busy=true), cpu-1(busy=true)
[MATCHMAKING] Offer 9 from hwan: 0 valid bots available
[COMPUTER] Ponder c4c5 -> f7e6 (207ms total)
[COMPUTER] Ponder c4c5 -> f7e6 (415ms total)
[COMPUTER] Ponder c4d5 -> h3g2 (205ms total)
[COMPUTER] Ponder c4d5 -> h3g2 (410ms total)
[DEBUG_MOVE] Turn switch: isWhiteTurn=false, whiteType=computer, blackType=computer
[DEBUG_MOVE] nextPlayerType=computer, computerExists=true, isGameOver=false
[DEBUG_MOVE] computerPlayers.white=true, computerPlayers.black=true
[DEBUG_MOVE] Triggering computer move! Retry: 0
[COMPUTER] Scheduling move for Black in 0ms
[COMPUTER] Time check - Game clock: 53356ms, Tournament: 3550396ms
[COMPUTER] Stopping ponder to start search
[COMPUTER] Ponder search stopped.
[COMPUTER] Level 1, remaining: 53356ms, consistency: 213ms
[COMPUTER] Bestmove: f7e6, eval: -1650, took: 0ms
[COMPUTER] Move 'f7e6' confirmed after 0ms. Playing immediately.
[DEBUG_MOVE] Turn switch: isWhiteTurn=true, whiteType=computer, blackType=computer
[DEBUG_MOVE] nextPlayerType=computer, computerExists=true, isGameOver=false
[DEBUG_MOVE] computerPlayers.white=true, computerPlayers.black=true
[DEBUG_MOVE] Triggering computer move! Retry: 0
[COMPUTER] Scheduling move for White in 0ms
[COMPUTER] Starting multi-move ponder...
[SimpleEngine] getLegalMovesForBoard: found 23 moves for White from board:
[COMPUTER] Multi-pondering 8 moves: c4c5, c4d5, g4g5, a3b5, f3g5, f3d4, f3h4, b2b7
[COMPUTER] Time check - Game clock: 44198ms, Tournament: 3550359ms
[COMPUTER] Level 0: Using game's getLegalMoves, found 37 moves
[COMPUTER] Level 0: Selected move f1e2, thinking for 880ms
[COMPUTER] Ponder c4c5 -> b8a6 (201ms total)
[COMPUTER] Ponder c4c5 -> b8a6 (403ms total)
[COMPUTER] Ponder c4d5 -> e6d5 (207ms total)
[COMPUTER] Ponder c4d5 -> e6d5 (415ms total)
[Matchmaking] 0 idle computers, 1 active offers, 1 available players
[MATCHMAKING] Processing 1 offers. Computers: cpu1(busy=true), cpu0(busy=true), cpu0........i took a (pop)(busy=true), cpu-1(busy=true)
[MATCHMAKING] Offer 9 from hwan: 0 valid bots available
[COMPUTER] Ponder g4g5 -> h3g2 (207ms total)
[COMPUTER] Ponder g4g5 -> h3g2 (414ms total)
[COMPUTER] Ponder a3b5 -> a7a6 (212ms total)
[COMPUTER] Ponder a3b5 -> a7a6 (425ms total)
[DEBUG_MOVE] Turn switch: isWhiteTurn=false, whiteType=computer, blackType=computer
[DEBUG_MOVE] nextPlayerType=computer, computerExists=true, isGameOver=false
[DEBUG_MOVE] computerPlayers.white=true, computerPlayers.black=true
[DEBUG_MOVE] Triggering computer move! Retry: 0
[COMPUTER] Scheduling move for Black in 0ms
[COMPUTER] Time check - Game clock: 53318ms, Tournament: 3549478ms
[COMPUTER] Stopping ponder to start search
[COMPUTER] Ponder search stopped.
[COMPUTER] Level 1, remaining: 53318ms, consistency: 213ms
[COMPUTER] Bestmove: h3g2, eval: -1634, took: 0ms
[COMPUTER] Move 'h3g2' confirmed after 0ms. Playing immediately.
[COMPUTER] Level 1: Move h3g2 failed unexpectedly: Invalid move
[DEBUG_MOVE] Triggering computer move! Retry: 1
[COMPUTER] Scheduling move for Black in 200ms
[COMPUTER] Starting multi-move ponder...
[SimpleEngine] getLegalMovesForBoard: found 23 moves for White from board:
[COMPUTER] Multi-pondering 8 moves: c4c5, c4d5, g4g5, a3b5, f3g5, f3d4, f3h4, b2b7
[COMPUTER] Time check - Game clock: 53318ms, Tournament: 3549160ms
[COMPUTER] Stopping ponder to start search
[COMPUTER] Ponder search stopped.
[COMPUTER] Level 1, remaining: 53318ms, consistency: 213ms
[COMPUTER] Bestmove: d5d4, eval: -593, took: 2ms
[COMPUTER] Move 'd5d4' confirmed after 2ms. Playing immediately.
[DEBUG_MOVE] Turn switch: isWhiteTurn=true, whiteType=computer, blackType=computer
[DEBUG_MOVE] nextPlayerType=computer, computerExists=true, isGameOver=false
[DEBUG_MOVE] computerPlayers.white=true, computerPlayers.black=true
[DEBUG_MOVE] Triggering computer move! Retry: 0
[COMPUTER] Scheduling move for White in 0ms
[COMPUTER] Starting multi-move ponder...
[SimpleEngine] getLegalMovesForBoard: found 20 moves for White from board:
[COMPUTER] Multi-pondering 8 moves: c4c5, g4g5, a3b5, f3g5, f3d4, f3h4, b2b7, b2b6
[COMPUTER] Time check - Game clock: 43317ms, Tournament: 3549139ms
[COMPUTER] Level 0: Using game's getLegalMoves, found 33 moves
[COMPUTER] Level 0: Selected move f3g5, thinking for 865ms
[COMPUTER] Ponder c4c5 -> d4d3 (2ms total)
[COMPUTER] Ponder c4c5 -> b7b6 (6ms total)
[COMPUTER] Ponder g4g5 -> b8c6 (207ms total)
[COMPUTER] Ponder g4g5 -> b8c6 (415ms total)
[MATCHMAKING] Processing 1 offers. Computers: cpu1(busy=true), cpu0(busy=true), cpu0........i took a (pop)(busy=true), cpu-1(busy=true)
[MATCHMAKING] Offer 9 from hwan: 0 valid bots available
[COMPUTER] Ponder c4c5 -> h6h5 (215ms total)
[COMPUTER] Ponder c4c5 -> h6h5 (425ms total)
[COMPUTER] Ponder a3b5 -> h3g2 (206ms total)
[COMPUTER] Ponder a3b5 -> h3g2 (412ms total)
[DEBUG_MOVE] Turn switch: isWhiteTurn=false, whiteType=computer, blackType=computer
[DEBUG_MOVE] nextPlayerType=computer, computerExists=true, isGameOver=false
[DEBUG_MOVE] computerPlayers.white=true, computerPlayers.black=true
[DEBUG_MOVE] Triggering computer move! Retry: 0
[COMPUTER] Scheduling move for Black in 0ms
[COMPUTER] Time check - Game clock: 52979ms, Tournament: 3548271ms
[COMPUTER] Stopping ponder to start search
[COMPUTER] Ponder search stopped.
[COMPUTER] Level 1, remaining: 52979ms, consistency: 211ms
[COMPUTER] Bestmove: h3g2, eval: -2069, took: 1ms
[COMPUTER] Move 'h3g2' confirmed after 1ms. Playing immediately.
[COMPUTER] Level 1: Move h3g2 failed unexpectedly: Invalid move
[DEBUG_MOVE] Triggering computer move! Retry: 1
[COMPUTER] Scheduling move for Black in 200ms
[COMPUTER] Starting multi-move ponder...
[SimpleEngine] getLegalMovesForBoard: found 27 moves for White from board:
[COMPUTER] Multi-pondering 8 moves: g5f7, g5h7, g5e6, g5e4, g5f3, g5h3, c4c5, a3b5
[COMPUTER] Time check - Game clock: 52979ms, Tournament: 3548060ms
[COMPUTER] Stopping ponder to start search
[COMPUTER] Ponder search stopped.
[COMPUTER] Level 1, remaining: 52979ms, consistency: 211ms
[COMPUTER] Bestmove: g2h1q, eval: -1401, took: 0ms
[COMPUTER] Move 'g2h1q' confirmed after 0ms. Playing immediately.
[COMPUTER] Level 1: Move g2h1q failed unexpectedly: No piece at source
[DEBUG_MOVE] Triggering computer move! Retry: 2
[COMPUTER] Scheduling move for Black in 400ms
[COMPUTER] Starting multi-move ponder...
[COMPUTER] Multi-ponder failed: TypeError: Cannot set properties of undefined (setting '7')
    at SimpleEngine.parseFEN (/Users/chang/Anitgravity/chess/web/lib/SimpleEngine.js:51:42)
    at SimpleEngine.getLegalMoves (/Users/chang/Anitgravity/chess/web/lib/SimpleEngine.js:102:45)
    at ComputerPlayer.startMultiPondering (/Users/chang/Anitgravity/chess/web/lib/ComputerPlayer.js:302:53)
    at ComputerPlayer.handleStockfishOutput (/Users/chang/Anitgravity/chess/web/lib/ComputerPlayer.js:281:22)
    at ComputerPlayer.handleMessage (/Users/chang/Anitgravity/chess/web/lib/ComputerPlayer.js:160:18)
    at Worker.<anonymous> (/Users/chang/Anitgravity/chess/web/lib/ComputerPlayer.js:90:53)
    at Worker.emit (node:events:508:28)
    at MessagePort.<anonymous> (node:internal/worker:332:53)
    at [nodejs.internal.kHybridDispatch] (node:internal/event_target:843:20)
    at MessagePort.<anonymous> (node:internal/per_context/messageport:23:28)
[MATCHMAKING] Processing 1 offers. Computers: cpu1(busy=true), cpu0(busy=true), cpu0........i took a (pop)(busy=true), cpu-1(busy=true)
[MATCHMAKING] Offer 9 from hwan: 0 valid bots available
[COMPUTER] Time check - Game clock: 52979ms, Tournament: 3547646ms
[COMPUTER] Level 1, remaining: 52979ms, consistency: 211ms
[MATCHMAKING] Processing 1 offers. Computers: cpu1(busy=true), cpu0(busy=true), cpu0........i took a (pop)(busy=true), cpu-1(busy=true)
[MATCHMAKING] Offer 9 from hwan: 0 valid bots available
[MATCHMAKING] Processing 1 offers. Computers: cpu1(busy=true), cpu0(busy=true), cpu0........i took a (pop)(busy=true), cpu-1(busy=true)
[MATCHMAKING] Offer 9 from hwan: 0 valid bots available
[MATCHMAKING] Processing 1 offers. Computers: cpu1(busy=true), cpu0(busy=true), cpu0........i took a (pop)(busy=true), cpu-1(busy=true)
[MATCHMAKING] Offer 9 from hwan: 0 valid bots available
[COMPUTER] Move h6g5 accumulated 1946ms (need 1055ms). Choosing it.
[COMPUTER] PV stable for 1477ms: h6g5. Stopping search.
[MATCHMAKING] Processing 1 offers. Computers: cpu1(busy=true), cpu0(busy=true), cpu0........i took a (pop)(busy=true), cpu-1(busy=true)
[MATCHMAKING] Offer 9 from hwan: 0 valid bots available
Game game_19 removed from active games after delay
[MATCHMAKING] Processing 1 offers. Computers: cpu1(busy=true), cpu0(busy=true), cpu0........i took a (pop)(busy=true), cpu-1(busy=true)
[MATCHMAKING] Offer 9 from hwan: 0 valid bots available
[COMPUTER] Move h6g5 accumulated 3593ms (need 1055ms). Choosing it.
[COMPUTER] PV stable for 3124ms: h6g5. Stopping search.
[COMPUTER] Move h6g5 accumulated 3696ms (need 1055ms). Choosing it.
[COMPUTER] PV stable for 3227ms: h6g5. Stopping search.
[COMPUTER] Move h6g5 accumulated 3869ms (need 1055ms). Choosing it.
[COMPUTER] PV stable for 3400ms: h6g5. Stopping search.
[MATCHMAKING] Processing 1 offers. Computers: cpu1(busy=true), cpu0(busy=true), cpu0........i took a (pop)(busy=true), cpu-1(busy=true)
[MATCHMAKING] Offer 9 from hwan: 0 valid bots available
[COMPUTER] Move h6g5 accumulated 5240ms (need 1055ms). Choosing it.
[COMPUTER] PV stable for 4771ms: h6g5. Stopping search.
[MATCHMAKING] Processing 1 offers. Computers: cpu1(busy=true), cpu0(busy=true), cpu0........i took a (pop)(busy=true), cpu-1(busy=true)
[MATCHMAKING] Offer 9 from hwan: 0 valid bots available
[COMPUTER] Move h6g5 accumulated 5444ms (need 1055ms). Choosing it.
[COMPUTER] PV stable for 4975ms: h6g5. Stopping search.
[COMPUTER] Move h6g5 accumulated 5599ms (need 1055ms). Choosing it.
[COMPUTER] PV stable for 5130ms: h6g5. Stopping search.
[DEBUG_MOVE] Turn switch: isWhiteTurn=true, whiteType=computer, blackType=computer
[DEBUG_MOVE] nextPlayerType=computer, computerExists=true, isGameOver=false
[DEBUG_MOVE] computerPlayers.white=true, computerPlayers.black=true
[DEBUG_MOVE] Triggering computer move! Retry: 0
[COMPUTER] Scheduling move for White in 0ms
[COMPUTER] Time check - Game clock: 594192ms, Tournament: 3539968ms
[COMPUTER] Level -1: Using game's getLegalMoves, found 19 moves
[COMPUTER] Level -1: Selected move c2c4, thinking for 5752ms
[MATCHMAKING] Processing 1 offers. Computers: cpu1(busy=true), cpu0(busy=true), cpu0........i took a (pop)(busy=true), cpu-1(busy=true)
[MATCHMAKING] Offer 9 from hwan: 0 valid bots available
[COMPUTER] Move h6g5 accumulated 6566ms (need 1055ms). Choosing it.
[COMPUTER] PV stable for 6097ms: h6g5. Stopping search.
[COMPUTER] Bestmove: c7c6, eval: 840, took: 8123ms
[COMPUTER] Move 'c7c6' confirmed after 8123ms. Playing immediately.
[DEBUG_MOVE] Turn switch: isWhiteTurn=true, whiteType=computer, blackType=computer
[DEBUG_MOVE] nextPlayerType=computer, computerExists=true, isGameOver=false
[DEBUG_MOVE] computerPlayers.white=true, computerPlayers.black=true
[DEBUG_MOVE] Triggering computer move! Retry: 0
[COMPUTER] Scheduling move for White in 0ms
[COMPUTER] Starting multi-move ponder...
[SimpleEngine] getLegalMovesForBoard: found 26 moves for White from board:
[COMPUTER] Multi-pondering 8 moves: g5f7, g5h7, g5e6, g5e4, g5f3, g5h3, c4c5, a3b5
[COMPUTER] Time check - Game clock: 42449ms, Tournament: 3539521ms
[COMPUTER] Level 0: Using game's getLegalMoves, found 34 moves
[COMPUTER] Level 0: Selected move e2d1, thinking for 845ms
[COMPUTER] Ponder g5f7 -> c7c6 (2ms total)
[COMPUTER] Ponder g5f7 -> e8f7 (244ms total)
[COMPUTER] Ponder g5f7 -> e8f7 (487ms total)
[COMPUTER] Ponder g5h7 -> h3g2 (305ms total)
[COMPUTER] Ponder g5h7 -> h3g2 (610ms total)
[MATCHMAKING] Processing 1 offers. Computers: cpu1(busy=true), cpu0(busy=true), cpu0........i took a (pop)(busy=true), cpu-1(busy=true)
[MATCHMAKING] Offer 9 from hwan: 0 valid bots available
[COMPUTER] Ponder g5e6 -> d7e6 (246ms total)
[COMPUTER] Ponder g5e6 -> d7e6 (495ms total)
[DEBUG_MOVE] Turn switch: isWhiteTurn=false, whiteType=computer, blackType=computer
[DEBUG_MOVE] nextPlayerType=computer, computerExists=true, isGameOver=false
[DEBUG_MOVE] computerPlayers.white=true, computerPlayers.black=true
[DEBUG_MOVE] Triggering computer move! Retry: 0
[COMPUTER] Scheduling move for Black in 0ms
[COMPUTER] Time check - Game clock: 44230ms, Tournament: 3538671ms
[COMPUTER] Stopping ponder to start search
[COMPUTER] Ponder search stopped.
[COMPUTER] Level 1, remaining: 44230ms, consistency: 176ms
[COMPUTER] Bestmove: f7f6, eval: -2215, took: 0ms
[COMPUTER] Move 'f7f6' confirmed after 0ms. Playing immediately.
[COMPUTER] Level 1: Move f7f6 failed unexpectedly: No piece at source
[DEBUG_MOVE] Triggering computer move! Retry: 1
[COMPUTER] Scheduling move for Black in 200ms
[COMPUTER] Starting multi-move ponder...
[SimpleEngine] getLegalMovesForBoard: found 27 moves for White from board:
[COMPUTER] Multi-pondering 8 moves: e5f6, g5f7, g5h7, g5e6, g5e4, g5f3, g5h3, c4c5
[COMPUTER] Time check - Game clock: 44230ms, Tournament: 3538388ms
[COMPUTER] Stopping ponder to start search
[COMPUTER] Ponder search stopped.
[COMPUTER] Level 1, remaining: 44230ms, consistency: 176ms
[COMPUTER] Bestmove: h6g5, eval: -555, took: 0ms
[COMPUTER] Move 'h6g5' confirmed after 0ms. Playing immediately.
[DEBUG_MOVE] Turn switch: isWhiteTurn=true, whiteType=computer, blackType=computer
[DEBUG_MOVE] nextPlayerType=computer, computerExists=true, isGameOver=false
[DEBUG_MOVE] computerPlayers.white=true, computerPlayers.black=true
[DEBUG_MOVE] Triggering computer move! Retry: 0
[COMPUTER] Scheduling move for White in 0ms
[COMPUTER] Starting multi-move ponder...
[SimpleEngine] getLegalMovesForBoard: found 20 moves for White from board:
[COMPUTER] Multi-pondering 8 moves: c4c5, a3b5, b2b7, b2b6, b2b5, b2b4, b2d4, b2b3
[COMPUTER] Time check - Game clock: 41601ms, Tournament: 3538266ms
[COMPUTER] Level 0: Using game's getLegalMoves, found 31 moves
[COMPUTER] Level 0: Selected move b2b6, thinking for 830ms
Game game_20 removed from active games after delay
[COMPUTER] Ponder c4c5 -> d7d5 (435ms total)
[COMPUTER] Ponder c4c5 -> d7d5 (871ms total)
[MATCHMAKING] Processing 1 offers. Computers: cpu1(busy=true), cpu0(busy=true), cpu0........i took a (pop)(busy=true), cpu-1(busy=true)
[MATCHMAKING] Offer 9 from hwan: 0 valid bots available
[COMPUTER] Ponder a3b5 -> h3g2 (315ms total)
[COMPUTER] Ponder a3b5 -> h3g2 (633ms total)
[DEBUG_MOVE] Turn switch: isWhiteTurn=false, whiteType=computer, blackType=computer
[DEBUG_MOVE] nextPlayerType=computer, computerExists=true, isGameOver=false
[DEBUG_MOVE] computerPlayers.white=true, computerPlayers.black=true
[DEBUG_MOVE] Triggering computer move! Retry: 0
[COMPUTER] Scheduling move for Black in 0ms
[COMPUTER] Time check - Game clock: 43822ms, Tournament: 3537289ms
[COMPUTER] Stopping ponder to start search
[COMPUTER] Ponder search stopped.
[COMPUTER] Level 1, remaining: 43822ms, consistency: 175ms
[COMPUTER] Bestmove: h3g2, eval: 600, took: 0ms
[COMPUTER] Move 'h3g2' confirmed after 0ms. Playing immediately.
[COMPUTER] Level 1: Move h3g2 failed unexpectedly: Invalid move
[DEBUG_MOVE] Triggering computer move! Retry: 1
[COMPUTER] Scheduling move for Black in 200ms
[COMPUTER] Starting multi-move ponder...
[SimpleEngine] getLegalMovesForBoard: found 27 moves for White from board:
[COMPUTER] Multi-pondering 8 moves: b6a7, b6b7, b6c7, b6a6, b6c6, b6a5, b6b5, b6c5
[COMPUTER] Time check - Game clock: 43822ms, Tournament: 3537070ms
[COMPUTER] Stopping ponder to start search
[COMPUTER] Ponder search stopped.
[COMPUTER] Level 1, remaining: 43822ms, consistency: 175ms
[COMPUTER] Bestmove: g2f1r, eval: 966, took: 0ms
[COMPUTER] Move 'g2f1r' confirmed after 0ms. Playing immediately.
[COMPUTER] Level 1: Move g2f1r failed unexpectedly: No piece at source
[DEBUG_MOVE] Triggering computer move! Retry: 2
[COMPUTER] Scheduling move for Black in 400ms
[COMPUTER] Starting multi-move ponder...
[COMPUTER] Multi-ponder failed: TypeError: Cannot set properties of undefined (setting '7')
    at SimpleEngine.parseFEN (/Users/chang/Anitgravity/chess/web/lib/SimpleEngine.js:51:42)
    at SimpleEngine.getLegalMoves (/Users/chang/Anitgravity/chess/web/lib/SimpleEngine.js:102:45)
    at ComputerPlayer.startMultiPondering (/Users/chang/Anitgravity/chess/web/lib/ComputerPlayer.js:302:53)
    at ComputerPlayer.handleStockfishOutput (/Users/chang/Anitgravity/chess/web/lib/ComputerPlayer.js:281:22)
    at ComputerPlayer.handleMessage (/Users/chang/Anitgravity/chess/web/lib/ComputerPlayer.js:160:18)
    at Worker.<anonymous> (/Users/chang/Anitgravity/chess/web/lib/ComputerPlayer.js:90:53)
    at Worker.emit (node:events:508:28)
    at MessagePort.<anonymous> (node:internal/worker:332:53)
    at [nodejs.internal.kHybridDispatch] (node:internal/event_target:843:20)
    at MessagePort.<anonymous> (node:internal/per_context/messageport:23:28)
[MATCHMAKING] Processing 1 offers. Computers: cpu1(busy=true), cpu0(busy=true), cpu0........i took a (pop)(busy=true), cpu-1(busy=true)
[MATCHMAKING] Offer 9 from hwan: 0 valid bots available
[COMPUTER] Time check - Game clock: 43822ms, Tournament: 3536597ms
[COMPUTER] Level 1, remaining: 43822ms, consistency: 175ms
[MATCHMAKING] Processing 1 offers. Computers: cpu1(busy=true), cpu0(busy=true), cpu0........i took a (pop)(busy=true), cpu-1(busy=true)
[MATCHMAKING] Offer 9 from hwan: 0 valid bots available
[COMPUTER] PV stable for 631ms: d8b6. Stopping search.
[COMPUTER] Move d8b6 accumulated 963ms (need 875ms). Choosing it.
[COMPUTER] PV stable for 963ms: d8b6. Stopping search.
[COMPUTER] Bestmove: a7b6, eval: 2681, took: 1234ms
[COMPUTER] Move 'a7b6' confirmed after 1234ms. Playing immediately.
[DEBUG_MOVE] Turn switch: isWhiteTurn=true, whiteType=computer, blackType=computer
[DEBUG_MOVE] nextPlayerType=computer, computerExists=true, isGameOver=false
[DEBUG_MOVE] computerPlayers.white=true, computerPlayers.black=true
[DEBUG_MOVE] Triggering computer move! Retry: 0
[COMPUTER] Scheduling move for White in 0ms
[COMPUTER] Starting multi-move ponder...
[SimpleEngine] getLegalMovesForBoard: found 15 moves for White from board:
[COMPUTER] Multi-pondering 8 moves: c4c5, a3b5, b2b4, b2b3, c2c3, d2d3, e2e4, e2e3
[COMPUTER] Ponder c4c5 -> a7b6 (0ms total)
[COMPUTER] Time check - Game clock: 40716ms, Tournament: 3535362ms
[COMPUTER] Level 0: Using game's getLegalMoves, found 17 moves
[COMPUTER] Level 0: Selected move d1b3, thinking for 810ms
[COMPUTER] Ponder c4c5 -> h3g2 (217ms total)
[COMPUTER] Ponder c4c5 -> h3g2 (442ms total)
[COMPUTER] Ponder a3b5 -> c6b5 (212ms total)
[COMPUTER] Ponder a3b5 -> c6b5 (424ms total)
[Matchmaking] 0 idle computers, 1 active offers, 1 available players
[MATCHMAKING] Processing 1 offers. Computers: cpu1(busy=true), cpu0(busy=true), cpu0........i took a (pop)(busy=true), cpu-1(busy=true)
[MATCHMAKING] Offer 9 from hwan: 0 valid bots available
[COMPUTER] Ponder b2b4 -> h3g2 (207ms total)
[COMPUTER] Ponder b2b4 -> h3g2 (414ms total)
[DEBUG_MOVE] Turn switch: isWhiteTurn=false, whiteType=computer, blackType=computer
[DEBUG_MOVE] nextPlayerType=computer, computerExists=true, isGameOver=false
[DEBUG_MOVE] computerPlayers.white=true, computerPlayers.black=true
[DEBUG_MOVE] Triggering computer move! Retry: 0
[COMPUTER] Scheduling move for Black in 0ms
[COMPUTER] Time check - Game clock: 41803ms, Tournament: 3534549ms
[COMPUTER] Stopping ponder to start search
[COMPUTER] Ponder search stopped.
[COMPUTER] Level 1, remaining: 41803ms, consistency: 167ms
[COMPUTER] Bestmove: f7f6, eval: 797, took: 0ms
[COMPUTER] Move 'f7f6' confirmed after 0ms. Playing immediately.
[COMPUTER] Level 1: Move f7f6 failed unexpectedly: No piece at source
[DEBUG_MOVE] Triggering computer move! Retry: 1
[COMPUTER] Scheduling move for Black in 200ms
[COMPUTER] Starting multi-move ponder...
[SimpleEngine] getLegalMovesForBoard: found 15 moves for White from board:
[COMPUTER] Multi-pondering 8 moves: e5f6, c4c5, a3b5, b3a4, c2c3, d2d3, e2e4, e2e3
[COMPUTER] Time check - Game clock: 41803ms, Tournament: 3534260ms
[COMPUTER] Stopping ponder to start search
[COMPUTER] Ponder search stopped.
[COMPUTER] Level 1, remaining: 41803ms, consistency: 167ms
[COMPUTER] Bestmove: g7f6, eval: -382, took: 0ms
[COMPUTER] Move 'g7f6' confirmed after 0ms. Playing immediately.
[COMPUTER] Level 1: Move g7f6 failed unexpectedly: No piece at source
[DEBUG_MOVE] Triggering computer move! Retry: 2
[COMPUTER] Scheduling move for Black in 400ms
[COMPUTER] Starting multi-move ponder...
[SimpleEngine] getLegalMovesForBoard: found 15 moves for White from board:
[COMPUTER] Multi-pondering 8 moves: e5f6, c4c5, a3b5, b3a4, c2c3, d2d3, e2e4, e2e3
[DEBUG_MOVE] Turn switch: isWhiteTurn=false, whiteType=computer, blackType=computer
[DEBUG_MOVE] nextPlayerType=computer, computerExists=true, isGameOver=false
[DEBUG_MOVE] computerPlayers.white=true, computerPlayers.black=true
[DEBUG_MOVE] Triggering computer move! Retry: 0
[COMPUTER] Scheduling move for Black in 0ms
[COMPUTER] Time check - Game clock: 587996ms, Tournament: 3534201ms
[COMPUTER] Level 0: Using game's getLegalMoves, found 29 moves
[COMPUTER] Level 0: Selected move a7a5, thinking for 11755ms
[COMPUTER] Ponder e5f6 -> h3g2 (224ms total)
[COMPUTER] Ponder e5f6 -> h3g2 (456ms total)
[COMPUTER] Time check - Game clock: 41803ms, Tournament: 3533834ms
[COMPUTER] Stopping ponder to start search
[MATCHMAKING] Processing 1 offers. Computers: cpu1(busy=true), cpu0(busy=true), cpu0........i took a (pop)(busy=true), cpu-1(busy=true)
[MATCHMAKING] Offer 9 from hwan: 0 valid bots available
[COMPUTER] Ponder search stopped.
[COMPUTER] Level 1, remaining: 41803ms, consistency: 167ms
[COMPUTER] Bestmove: g8h6, eval: -327, took: 1ms
[COMPUTER] Move 'g8h6' confirmed after 1ms. Playing immediately.
[COMPUTER] Level 1: Move g8h6 failed unexpectedly: No piece at source
[DEBUG_MOVE] Triggering computer move! Retry: 3
[COMPUTER] Scheduling move for Black in 600ms
[COMPUTER] Starting multi-move ponder...
[SimpleEngine] getLegalMovesForBoard: found 14 moves for White from board:
[COMPUTER] Multi-pondering 8 moves: c4c5, a3b5, b3a4, c2c3, d2d3, e2e4, e2e3, f2f4
[COMPUTER] Ponder c4c5 -> f7f6 (209ms total)
[COMPUTER] Ponder c4c5 -> f7f6 (420ms total)
[COMPUTER] Ponder a3b5 -> d7d6 (224ms total)
[COMPUTER] Ponder a3b5 -> d7d6 (448ms total)
[COMPUTER] Time check - Game clock: 41803ms, Tournament: 3533090ms
[COMPUTER] Stopping ponder to start search
[COMPUTER] Ponder search stopped.
[COMPUTER] Level 1, remaining: 41803ms, consistency: 167ms
[COMPUTER] Bestmove: d4d3, eval: -93, took: 1ms
[COMPUTER] Move 'd4d3' confirmed after 1ms. Playing immediately.
[DEBUG_MOVE] Turn switch: isWhiteTurn=true, whiteType=computer, blackType=computer
[DEBUG_MOVE] nextPlayerType=computer, computerExists=true, isGameOver=false
[DEBUG_MOVE] computerPlayers.white=true, computerPlayers.black=true
[DEBUG_MOVE] Triggering computer move! Retry: 0
[COMPUTER] Scheduling move for White in 0ms
[COMPUTER] Starting multi-move ponder...
[SimpleEngine] getLegalMovesForBoard: found 15 moves for White from board:
[COMPUTER] Multi-pondering 8 moves: c4c5, a3b5, b3a4, c2c3, c2d3, e2e4, e2d3, e2e3
[COMPUTER] Time check - Game clock: 39905ms, Tournament: 3533022ms
[COMPUTER] Level 0: Using game's getLegalMoves, found 16 moves
[COMPUTER] Level 0: Selected move a1c1, thinking for 795ms
[COMPUTER] Ponder c4c5 -> b6b5 (1ms total)
[COMPUTER] Ponder c4c5 -> f7f6 (5ms total)
[COMPUTER] Ponder a3b5 -> d3e2 (208ms total)
[COMPUTER] Ponder a3b5 -> d3e2 (417ms total)
[Matchmaking] 0 idle computers, 1 active offers, 1 available players
[MATCHMAKING] Processing 1 offers. Computers: cpu1(busy=true), cpu0(busy=true), cpu0........i took a (pop)(busy=true), cpu-1(busy=true)
[MATCHMAKING] Offer 9 from hwan: 0 valid bots available
[COMPUTER] Ponder c4c5 -> h3g2 (219ms total)
[COMPUTER] Ponder c4c5 -> h3g2 (434ms total)
[COMPUTER] Ponder b3a4 -> h3g2 (204ms total)
[COMPUTER] Ponder b3a4 -> h3g2 (410ms total)
[DEBUG_MOVE] Turn switch: isWhiteTurn=false, whiteType=computer, blackType=computer
[DEBUG_MOVE] nextPlayerType=computer, computerExists=true, isGameOver=false
[DEBUG_MOVE] computerPlayers.white=true, computerPlayers.black=true
[DEBUG_MOVE] Triggering computer move! Retry: 0
[COMPUTER] Scheduling move for Black in 0ms
[COMPUTER] Time check - Game clock: 40277ms, Tournament: 3532220ms
[COMPUTER] Stopping ponder to start search
[COMPUTER] Ponder search stopped.
[COMPUTER] Level 1, remaining: 40277ms, consistency: 161ms
[COMPUTER] Bestmove: g8h6, eval: -651, took: 0ms
[COMPUTER] Move 'g8h6' confirmed after 0ms. Playing immediately.
[COMPUTER] Level 1: Move g8h6 failed unexpectedly: No piece at source
[DEBUG_MOVE] Triggering computer move! Retry: 1
[COMPUTER] Scheduling move for Black in 200ms
[COMPUTER] Starting multi-move ponder...
[SimpleEngine] getLegalMovesForBoard: found 15 moves for White from board:
[COMPUTER] Multi-pondering 8 moves: c4c5, a3b5, b3a4, c2c3, c2d3, e2e4, e2d3, e2e3
[COMPUTER] Time check - Game clock: 40277ms, Tournament: 3531951ms
[COMPUTER] Stopping ponder to start search
[COMPUTER] Ponder search stopped.
[COMPUTER] Level 1, remaining: 40277ms, consistency: 161ms
[COMPUTER] Bestmove: d3d2, eval: -388, took: 2ms
[COMPUTER] Move 'd3d2' confirmed after 2ms. Playing immediately.
[DEBUG_MOVE] Turn switch: isWhiteTurn=true, whiteType=computer, blackType=computer
[DEBUG_MOVE] nextPlayerType=computer, computerExists=true, isGameOver=false
[DEBUG_MOVE] computerPlayers.white=true, computerPlayers.black=true
[DEBUG_MOVE] Triggering computer move! Retry: 0
[COMPUTER] Scheduling move for White in 0ms
[COMPUTER] Starting multi-move ponder...
[SimpleEngine] getLegalMovesForBoard: found 3 moves for White from board:
[COMPUTER] Multi-pondering 3 moves: b1d2, d1d2, e1d2
[COMPUTER] Time check - Game clock: 39103ms, Tournament: 3531938ms
[COMPUTER] Level 0: Using game's getLegalMoves, found 4 moves
[COMPUTER] Level 0: Selected move e1f2, thinking for 780ms
[COMPUTER] Ponder b1d2 -> b6b5 (2ms total)
[COMPUTER] Ponder b1d2 -> d7d6 (6ms total)
[MATCHMAKING] Processing 1 offers. Computers: cpu1(busy=true), cpu0(busy=true), cpu0........i took a (pop)(busy=true), cpu-1(busy=true)
[MATCHMAKING] Offer 9 from hwan: 0 valid bots available
[COMPUTER] Ponder d1d2 -> g8h6 (206ms total)
[COMPUTER] Ponder d1d2 -> g8h6 (412ms total)
[COMPUTER] Ponder b1d2 -> f7f6 (220ms total)
[COMPUTER] Ponder b1d2 -> f7f6 (434ms total)
[COMPUTER] Ponder e1d2 -> b8a6 (222ms total)
[COMPUTER] Ponder e1d2 -> b8a6 (447ms total)
[DEBUG_MOVE] Turn switch: isWhiteTurn=false, whiteType=computer, blackType=computer
[DEBUG_MOVE] nextPlayerType=computer, computerExists=true, isGameOver=false
[DEBUG_MOVE] computerPlayers.white=true, computerPlayers.black=true
[DEBUG_MOVE] Triggering computer move! Retry: 0
[COMPUTER] Scheduling move for Black in 0ms
[COMPUTER] Time check - Game clock: 39994ms, Tournament: 3531154ms
[COMPUTER] Stopping ponder to start search
[COMPUTER] Ponder search stopped.
[COMPUTER] Level 1, remaining: 39994ms, consistency: 159ms
[COMPUTER] Bestmove: h3g2, eval: -783, took: 1ms
[COMPUTER] Move 'h3g2' confirmed after 1ms. Playing immediately.
[COMPUTER] Level 1: Move h3g2 failed unexpectedly: Invalid move
[DEBUG_MOVE] Triggering computer move! Retry: 1
[COMPUTER] Scheduling move for Black in 200ms
[COMPUTER] Starting multi-move ponder...
[SimpleEngine] getLegalMovesForBoard: found 19 moves for White from board:
[COMPUTER] Multi-pondering 8 moves: c4c5, a3b5, b3a4, c2c3, e2e4, e2e3, f2e3, f2f3
[COMPUTER] Time check - Game clock: 39994ms, Tournament: 3530830ms
[COMPUTER] Stopping ponder to start search
[COMPUTER] Ponder search stopped.
[COMPUTER] Level 1, remaining: 39994ms, consistency: 159ms
[COMPUTER] Bestmove: d2c1q, eval: 1787, took: 0ms
[COMPUTER] Move 'd2c1q' confirmed after 0ms. Playing immediately.
[DEBUG_MOVE] Turn switch: isWhiteTurn=true, whiteType=computer, blackType=computer
[DEBUG_MOVE] nextPlayerType=computer, computerExists=true, isGameOver=false
[DEBUG_MOVE] computerPlayers.white=true, computerPlayers.black=true
[DEBUG_MOVE] Triggering computer move! Retry: 0
[COMPUTER] Scheduling move for White in 0ms
[COMPUTER] Starting multi-move ponder...
[COMPUTER] Multi-ponder failed: TypeError: Cannot set properties of undefined (setting '7')
    at SimpleEngine.parseFEN (/Users/chang/Anitgravity/chess/web/lib/SimpleEngine.js:51:42)
    at SimpleEngine.getLegalMoves (/Users/chang/Anitgravity/chess/web/lib/SimpleEngine.js:102:45)
    at ComputerPlayer.startMultiPondering (/Users/chang/Anitgravity/chess/web/lib/ComputerPlayer.js:302:53)
    at ComputerPlayer.handleStockfishOutput (/Users/chang/Anitgravity/chess/web/lib/ComputerPlayer.js:281:22)
    at ComputerPlayer.handleMessage (/Users/chang/Anitgravity/chess/web/lib/ComputerPlayer.js:160:18)
    at Worker.<anonymous> (/Users/chang/Anitgravity/chess/web/lib/ComputerPlayer.js:90:53)
    at Worker.emit (node:events:508:28)
    at MessagePort.<anonymous> (node:internal/worker:332:53)
    at [nodejs.internal.kHybridDispatch] (node:internal/event_target:843:20)
    at MessagePort.<anonymous> (node:internal/per_context/messageport:23:28)
[COMPUTER] Time check - Game clock: 38319ms, Tournament: 3530818ms
[COMPUTER] Level 0: Using game's getLegalMoves, found 15 moves
[COMPUTER] Level 0: Selected move f2e2, thinking for 765ms
[Matchmaking] 0 idle computers, 1 active offers, 1 available players
[MATCHMAKING] Processing 1 offers. Computers: cpu1(busy=true), cpu0(busy=true), cpu0........i took a (pop)(busy=true), cpu-1(busy=true)
[MATCHMAKING] Offer 9 from hwan: 0 valid bots available
[DEBUG_MOVE] Turn switch: isWhiteTurn=false, whiteType=computer, blackType=computer
[DEBUG_MOVE] nextPlayerType=computer, computerExists=true, isGameOver=false
[DEBUG_MOVE] computerPlayers.white=true, computerPlayers.black=true
[DEBUG_MOVE] Triggering computer move! Retry: 0
[COMPUTER] Scheduling move for Black in 0ms
[COMPUTER] Time check - Game clock: 39658ms, Tournament: 3530050ms
[COMPUTER] Level 1, remaining: 39658ms, consistency: 158ms
[COMPUTER] PV stable for 191ms: d8d2. Stopping search.
[COMPUTER] Bestmove: d8d2, eval: 10000, took: 297ms
[COMPUTER] Move 'd8d2' confirmed after 297ms. Playing immediately.
[DEBUG_MOVE] Turn switch: isWhiteTurn=true, whiteType=computer, blackType=computer
[DEBUG_MOVE] nextPlayerType=computer, computerExists=true, isGameOver=false
[DEBUG_MOVE] computerPlayers.white=true, computerPlayers.black=true
[DEBUG_MOVE] Triggering computer move! Retry: 0
[COMPUTER] Scheduling move for White in 0ms
[COMPUTER] Starting multi-move ponder...
[SimpleEngine] getLegalMovesForBoard: found 3 moves for White from board:
[COMPUTER] Multi-pondering 3 moves: e2f3, b1d2, d1d2
[COMPUTER] Ponder e2f3 -> d8d2 (0ms total)
[COMPUTER] Time check - Game clock: 37553ms, Tournament: 3529751ms
[COMPUTER] Level 0: Using game's getLegalMoves, found 1 moves
[COMPUTER] Level 0: Selected move e2f3, thinking for 750ms
[MATCHMAKING] Processing 1 offers. Computers: cpu1(busy=true), cpu0(busy=true), cpu0........i took a (pop)(busy=true), cpu-1(busy=true)
[MATCHMAKING] Offer 9 from hwan: 0 valid bots available
[COMPUTER] Ponder e2f3 -> d2f4 (206ms total)
[COMPUTER] Ponder e2f3 -> d2f4 (414ms total)
[COMPUTER] Ponder b1d2 -> c1b2 (207ms total)
[COMPUTER] Ponder b1d2 -> c1b2 (415ms total)
[COMPUTER] Ponder d1d2 -> h3g2 (215ms total)
[COMPUTER] Ponder d1d2 -> h3g2 (430ms total)
[DEBUG_MOVE] Turn switch: isWhiteTurn=false, whiteType=computer, blackType=computer
[DEBUG_MOVE] nextPlayerType=computer, computerExists=true, isGameOver=false
[DEBUG_MOVE] computerPlayers.white=true, computerPlayers.black=true
[DEBUG_MOVE] Triggering computer move! Retry: 0
[COMPUTER] Scheduling move for Black in 0ms
[COMPUTER] Time check - Game clock: 39359ms, Tournament: 3528998ms
[COMPUTER] Stopping ponder to start search
[COMPUTER] Ponder search stopped.
[COMPUTER] Level 1, remaining: 39359ms, consistency: 157ms
[COMPUTER] Bestmove: c1d1, eval: 10000, took: 0ms
[COMPUTER] Move 'c1d1' confirmed after 0ms. Playing immediately.
[DEBUG_MOVE] Turn switch: isWhiteTurn=true, whiteType=computer, blackType=computer
[DEBUG_MOVE] nextPlayerType=computer, computerExists=true, isGameOver=false
[DEBUG_MOVE] computerPlayers.white=true, computerPlayers.black=true
[DEBUG_MOVE] Triggering computer move! Retry: 0
[COMPUTER] Scheduling move for White in 0ms
[COMPUTER] Starting multi-move ponder...
[SimpleEngine] getLegalMovesForBoard: found 13 moves for White from board:
[COMPUTER] Multi-pondering 8 moves: c4c5, a3b5, b3a4, f3e4, f3g3, c2c3, g2g3, g2h3
[COMPUTER] Time check - Game clock: 36801ms, Tournament: 3528957ms
[COMPUTER] Level 0: Using game's getLegalMoves, found 4 moves
[COMPUTER] Level 0: Selected move b3d1, thinking for 735ms
[COMPUTER] Ponder c4c5 -> d2c1 (205ms total)
[COMPUTER] Ponder c4c5 -> d2c1 (410ms total)
[MATCHMAKING] Processing 1 offers. Computers: cpu1(busy=true), cpu0(busy=true), cpu0........i took a (pop)(busy=true), cpu-1(busy=true)
[MATCHMAKING] Offer 9 from hwan: 0 valid bots available
[COMPUTER] Ponder a3b5 -> h3g2 (204ms total)
[COMPUTER] Ponder a3b5 -> h3g2 (408ms total)
[COMPUTER] Ponder b3a4 -> h3g2 (203ms total)
[COMPUTER] Ponder b3a4 -> h3g2 (406ms total)
[DEBUG_MOVE] Turn switch: isWhiteTurn=false, whiteType=computer, blackType=computer
[DEBUG_MOVE] nextPlayerType=computer, computerExists=true, isGameOver=false
[DEBUG_MOVE] computerPlayers.white=true, computerPlayers.black=true
[DEBUG_MOVE] Triggering computer move! Retry: 0
[COMPUTER] Scheduling move for Black in 0ms
[COMPUTER] Time check - Game clock: 39319ms, Tournament: 3528213ms
[COMPUTER] Stopping ponder to start search
[COMPUTER] Ponder search stopped.
[COMPUTER] Level 1, remaining: 39319ms, consistency: 157ms
[COMPUTER] Bestmove: d7d5, eval: 4429, took: 0ms
[COMPUTER] Move 'd7d5' confirmed after 0ms. Playing immediately.
[COMPUTER] Level 1: Move d7d5 failed unexpectedly: No piece at source
[DEBUG_MOVE] Triggering computer move! Retry: 1
[COMPUTER] Scheduling move for Black in 200ms
[COMPUTER] Starting multi-move ponder...
[SimpleEngine] getLegalMovesForBoard: found 16 moves for White from board:
[COMPUTER] Multi-pondering 8 moves: c4c5, c4d5, a3b5, f3g3, b2b4, b2b3, c2c3, e2e4
[COMPUTER] Time check - Game clock: 39319ms, Tournament: 3527921ms
[COMPUTER] Stopping ponder to start search
[COMPUTER] Ponder search stopped.
[COMPUTER] Level 1, remaining: 39319ms, consistency: 157ms
[COMPUTER] Bestmove: b6b5, eval: 3311, took: 1ms
[COMPUTER] Move 'b6b5' confirmed after 1ms. Playing immediately.
[DEBUG_MOVE] Turn switch: isWhiteTurn=true, whiteType=computer, blackType=computer
[DEBUG_MOVE] nextPlayerType=computer, computerExists=true, isGameOver=false
[DEBUG_MOVE] computerPlayers.white=true, computerPlayers.black=true
[DEBUG_MOVE] Triggering computer move! Retry: 0
[COMPUTER] Scheduling move for White in 0ms
[COMPUTER] Starting multi-move ponder...
[SimpleEngine] getLegalMovesForBoard: found 17 moves for White from board:
[COMPUTER] Multi-pondering 8 moves: c4b5, c4c5, a3b5, f3e4, f3g3, b2b4, b2b3, c2c3
[COMPUTER] Time check - Game clock: 36058ms, Tournament: 3527918ms
[COMPUTER] Level 0: Using game's getLegalMoves, found 14 moves
[COMPUTER] Level 0: Selected move c4b5, thinking for 720ms
[MATCHMAKING] Processing 1 offers. Computers: cpu1(busy=true), cpu0(busy=true), cpu0........i took a (pop)(busy=true), cpu-1(busy=true)
[MATCHMAKING] Offer 9 from hwan: 0 valid bots available
[COMPUTER] Ponder c4b5 -> d2e1 (207ms total)
[COMPUTER] Ponder c4b5 -> d2e1 (414ms total)
[COMPUTER] Ponder c4c5 -> h3g2 (206ms total)
[COMPUTER] Ponder c4c5 -> h3g2 (414ms total)
[COMPUTER] Ponder a3b5 -> d2c1 (206ms total)
[COMPUTER] Ponder a3b5 -> d2c1 (414ms total)
[DEBUG_MOVE] Turn switch: isWhiteTurn=false, whiteType=computer, blackType=computer
[DEBUG_MOVE] nextPlayerType=computer, computerExists=true, isGameOver=false
[DEBUG_MOVE] computerPlayers.white=true, computerPlayers.black=true
[DEBUG_MOVE] Triggering computer move! Retry: 0
[COMPUTER] Scheduling move for Black in 0ms
[COMPUTER] Time check - Game clock: 39021ms, Tournament: 3527195ms
[COMPUTER] Stopping ponder to start search
[COMPUTER] Ponder search stopped.
[COMPUTER] Level 1, remaining: 39021ms, consistency: 156ms
[COMPUTER] Bestmove: d2c1, eval: 3022, took: 0ms
[COMPUTER] Move 'd2c1' confirmed after 0ms. Playing immediately.
[DEBUG_MOVE] Turn switch: isWhiteTurn=true, whiteType=computer, blackType=computer
[DEBUG_MOVE] nextPlayerType=computer, computerExists=true, isGameOver=false
[DEBUG_MOVE] computerPlayers.white=true, computerPlayers.black=true
[DEBUG_MOVE] Triggering computer move! Retry: 0
[COMPUTER] Scheduling move for White in 0ms
[COMPUTER] Starting multi-move ponder...
[SimpleEngine] getLegalMovesForBoard: found 18 moves for White from board:
[COMPUTER] Multi-pondering 8 moves: b5b6, b5c6, a3c4, f3e4, f3e3, f3g3, b2b4, b2b3
[COMPUTER] Time check - Game clock: 35336ms, Tournament: 3527178ms
[COMPUTER] Level 0: Using game's getLegalMoves, found 16 moves
[COMPUTER] Level 0: Selected move h1g1, thinking for 705ms
[COMPUTER] Ponder b5b6 -> c1b2 (206ms total)
[COMPUTER] Ponder b5b6 -> c1b2 (412ms total)
[COMPUTER] Ponder b5c6 -> h3g2 (210ms total)
[COMPUTER] Ponder b5c6 -> h3g2 (420ms total)
[MATCHMAKING] Processing 1 offers. Computers: cpu1(busy=true), cpu0(busy=true), cpu0........i took a (pop)(busy=true), cpu-1(busy=true)
[MATCHMAKING] Offer 9 from hwan: 0 valid bots available
[COMPUTER] Ponder a3c4 -> c6b5 (204ms total)
[COMPUTER] Ponder a3c4 -> c6b5 (409ms total)
[DEBUG_MOVE] Turn switch: isWhiteTurn=false, whiteType=computer, blackType=computer
[DEBUG_MOVE] nextPlayerType=computer, computerExists=true, isGameOver=false
[DEBUG_MOVE] computerPlayers.white=true, computerPlayers.black=true
[DEBUG_MOVE] Triggering computer move! Retry: 0
[COMPUTER] Scheduling move for Black in 0ms
[COMPUTER] Time check - Game clock: 39004ms, Tournament: 3526470ms
[COMPUTER] Stopping ponder to start search
[COMPUTER] Ponder search stopped.
[COMPUTER] Level 1, remaining: 39004ms, consistency: 156ms
[COMPUTER] Bestmove: c1b2, eval: 2985, took: 0ms
[COMPUTER] Move 'c1b2' confirmed after 0ms. Playing immediately.
[DEBUG_MOVE] Turn switch: isWhiteTurn=true, whiteType=computer, blackType=computer
[DEBUG_MOVE] nextPlayerType=computer, computerExists=true, isGameOver=false
[DEBUG_MOVE] computerPlayers.white=true, computerPlayers.black=true
[DEBUG_MOVE] Triggering computer move! Retry: 0
[COMPUTER] Scheduling move for White in 0ms
[COMPUTER] Starting multi-move ponder...
[SimpleEngine] getLegalMovesForBoard: found 15 moves for White from board:
[COMPUTER] Multi-pondering 8 moves: b5b6, b5c6, a3c4, f3e4, f3e3, f3g3, c2c4, c2c3
[COMPUTER] Time check - Game clock: 34629ms, Tournament: 3526452ms
[COMPUTER] Level 0: Using game's getLegalMoves, found 17 moves
[COMPUTER] Level 0: Selected move a3c4, thinking for 690ms
[COMPUTER] Ponder b5b6 -> b2a1 (205ms total)
[COMPUTER] Ponder b5b6 -> b2a1 (411ms total)
[COMPUTER] Ponder b5c6 -> b2a1 (203ms total)
[COMPUTER] Ponder b5c6 -> b2a1 (406ms total)
[COMPUTER] Ponder a3c4 -> b2c1 (207ms total)
[COMPUTER] Ponder a3c4 -> b2c1 (414ms total)
[DEBUG_MOVE] Turn switch: isWhiteTurn=false, whiteType=computer, blackType=computer
[DEBUG_MOVE] nextPlayerType=computer, computerExists=true, isGameOver=false
[DEBUG_MOVE] computerPlayers.white=true, computerPlayers.black=true
[DEBUG_MOVE] Triggering computer move! Retry: 0
[COMPUTER] Scheduling move for Black in 0ms
[COMPUTER] Time check - Game clock: 38986ms, Tournament: 3525758ms
[COMPUTER] Stopping ponder to start search
[MATCHMAKING] Processing 1 offers. Computers: cpu1(busy=true), cpu0(busy=true), cpu0........i took a (pop)(busy=true), cpu-1(busy=true)
[MATCHMAKING] Offer 9 from hwan: 0 valid bots available
[COMPUTER] Ponder search stopped.
[COMPUTER] Level 1, remaining: 38986ms, consistency: 155ms
[COMPUTER] Bestmove: f7f5, eval: 2452, took: 1ms
[COMPUTER] Move 'f7f5' confirmed after 1ms. Playing immediately.
[COMPUTER] Level 1: Move f7f5 failed unexpectedly: No piece at source
[DEBUG_MOVE] Triggering computer move! Retry: 1
[COMPUTER] Scheduling move for Black in 200ms
[COMPUTER] Starting multi-move ponder...
[SimpleEngine] getLegalMovesForBoard: found 23 moves for White from board:
[COMPUTER] Multi-pondering 8 moves: b5b6, b5c6, c4b6, c4d6, c4a5, c4a3, c4e3, c4b2
[COMPUTER] Time check - Game clock: 38986ms, Tournament: 3525502ms
[COMPUTER] Stopping ponder to start search
[COMPUTER] Ponder search stopped.
[COMPUTER] Level 1, remaining: 38986ms, consistency: 155ms
[COMPUTER] Bestmove: c6c5, eval: 2842, took: 1ms
[COMPUTER] Move 'c6c5' confirmed after 1ms. Playing immediately.
[DEBUG_MOVE] Turn switch: isWhiteTurn=true, whiteType=computer, blackType=computer
[DEBUG_MOVE] nextPlayerType=computer, computerExists=true, isGameOver=false
[DEBUG_MOVE] computerPlayers.white=true, computerPlayers.black=true
[DEBUG_MOVE] Triggering computer move! Retry: 0
[COMPUTER] Scheduling move for White in 0ms
[COMPUTER] Starting multi-move ponder...
[SimpleEngine] getLegalMovesForBoard: found 22 moves for White from board:
[COMPUTER] Multi-pondering 8 moves: b5b6, c4b6, c4d6, c4a5, c4a3, c4e3, c4b2, f3e4
[COMPUTER] Time check - Game clock: 33937ms, Tournament: 3525491ms
[COMPUTER] Level 0: Using game's getLegalMoves, found 22 moves
[COMPUTER] Level 0: Selected move b5b6, thinking for 675ms
[COMPUTER] Ponder b5b6 -> b2c1 (210ms total)
[COMPUTER] Ponder b5b6 -> b2c1 (420ms total)
[COMPUTER] Ponder c4b6 -> b2d4 (204ms total)
[COMPUTER] Ponder c4b6 -> b2d4 (408ms total)
[COMPUTER] Ponder c4d6 -> e7d6 (207ms total)
[COMPUTER] Ponder c4d6 -> e7d6 (415ms total)
[DEBUG_MOVE] Turn switch: isWhiteTurn=false, whiteType=computer, blackType=computer
[DEBUG_MOVE] nextPlayerType=computer, computerExists=true, isGameOver=false
[DEBUG_MOVE] computerPlayers.white=true, computerPlayers.black=true
[DEBUG_MOVE] Triggering computer move! Retry: 0
[COMPUTER] Scheduling move for Black in 0ms
[COMPUTER] Time check - Game clock: 38716ms, Tournament: 3524813ms
[COMPUTER] Stopping ponder to start search
[COMPUTER] Ponder search stopped.
[COMPUTER] Level 1, remaining: 38716ms, consistency: 154ms
[COMPUTER] Bestmove: b2a1, eval: 2762, took: 0ms
[COMPUTER] Move 'b2a1' confirmed after 0ms. Playing immediately.
[DEBUG_MOVE] Turn switch: isWhiteTurn=true, whiteType=computer, blackType=computer
[DEBUG_MOVE] nextPlayerType=computer, computerExists=true, isGameOver=false
[DEBUG_MOVE] computerPlayers.white=true, computerPlayers.black=true
[DEBUG_MOVE] Triggering computer move! Retry: 0
[COMPUTER] Scheduling move for White in 0ms
[COMPUTER] Starting multi-move ponder...
[SimpleEngine] getLegalMovesForBoard: found 23 moves for White from board:
[COMPUTER] Multi-pondering 8 moves: b6a7, b6c7, c4d6, c4a5, c4a3, c4e3, c4b2, f3e4
[COMPUTER] Time check - Game clock: 33260ms, Tournament: 3524802ms
[COMPUTER] Level 0: Using game's getLegalMoves, found 22 moves
[COMPUTER] Level 0: Selected move d1e2, thinking for 665ms
[MATCHMAKING] Processing 1 offers. Computers: cpu1(busy=true), cpu0(busy=true), cpu0........i took a (pop)(busy=true), cpu-1(busy=true)
[MATCHMAKING] Offer 9 from hwan: 0 valid bots available
[COMPUTER] Ponder b6a7 -> a8a7 (212ms total)
[COMPUTER] Ponder b6a7 -> a8a7 (426ms total)
[COMPUTER] Ponder b6c7 -> d8c7 (207ms total)
[COMPUTER] Ponder b6c7 -> d8c7 (415ms total)
[COMPUTER] Ponder c4d6 -> c7d6 (210ms total)
[COMPUTER] Ponder c4d6 -> c7d6 (420ms total)
[DEBUG_MOVE] Turn switch: isWhiteTurn=false, whiteType=computer, blackType=computer
[DEBUG_MOVE] nextPlayerType=computer, computerExists=true, isGameOver=false
[DEBUG_MOVE] computerPlayers.white=true, computerPlayers.black=true
[DEBUG_MOVE] Triggering computer move! Retry: 0
[COMPUTER] Scheduling move for Black in 0ms
[COMPUTER] Time check - Game clock: 38704ms, Tournament: 3524131ms
[COMPUTER] Stopping ponder to start search
[COMPUTER] Ponder search stopped.
[COMPUTER] Level 1, remaining: 38704ms, consistency: 154ms
[COMPUTER] Bestmove: h3g2, eval: 2797, took: 0ms
[COMPUTER] Move 'h3g2' confirmed after 0ms. Playing immediately.
[COMPUTER] Level 1: Move h3g2 failed unexpectedly: Invalid move
[DEBUG_MOVE] Triggering computer move! Retry: 1
[COMPUTER] Scheduling move for Black in 200ms
[COMPUTER] Starting multi-move ponder...
[SimpleEngine] getLegalMovesForBoard: found 24 moves for White from board:
[COMPUTER] Multi-pondering 8 moves: b6a7, b6c7, c4d6, c4a5, c4a3, c4e3, f3e4, f3e3
[COMPUTER] Time check - Game clock: 38704ms, Tournament: 3523926ms
[COMPUTER] Stopping ponder to start search
[COMPUTER] Ponder search stopped.
[COMPUTER] Level 1, remaining: 38704ms, consistency: 154ms
[COMPUTER] Bestmove: g2h1q, eval: 1700, took: 0ms
[COMPUTER] Move 'g2h1q' confirmed after 0ms. Playing immediately.
[COMPUTER] Level 1: Move g2h1q failed unexpectedly: No piece at source
[DEBUG_MOVE] Triggering computer move! Retry: 2
[COMPUTER] Scheduling move for Black in 400ms
[COMPUTER] Starting multi-move ponder...
[COMPUTER] Multi-ponder failed: TypeError: Cannot set properties of undefined (setting '7')
    at SimpleEngine.parseFEN (/Users/chang/Anitgravity/chess/web/lib/SimpleEngine.js:51:42)
    at SimpleEngine.getLegalMoves (/Users/chang/Anitgravity/chess/web/lib/SimpleEngine.js:102:45)
    at ComputerPlayer.startMultiPondering (/Users/chang/Anitgravity/chess/web/lib/ComputerPlayer.js:302:53)
    at ComputerPlayer.handleStockfishOutput (/Users/chang/Anitgravity/chess/web/lib/ComputerPlayer.js:281:22)
    at ComputerPlayer.handleMessage (/Users/chang/Anitgravity/chess/web/lib/ComputerPlayer.js:160:18)
    at Worker.<anonymous> (/Users/chang/Anitgravity/chess/web/lib/ComputerPlayer.js:90:53)
    at Worker.emit (node:events:508:28)
    at MessagePort.<anonymous> (node:internal/worker:332:53)
    at [nodejs.internal.kHybridDispatch] (node:internal/event_target:843:20)
    at MessagePort.<anonymous> (node:internal/per_context/messageport:23:28)
[MATCHMAKING] Processing 1 offers. Computers: cpu1(busy=true), cpu0(busy=true), cpu0........i took a (pop)(busy=true), cpu-1(busy=true)
[MATCHMAKING] Offer 9 from hwan: 0 valid bots available
[COMPUTER] Time check - Game clock: 38704ms, Tournament: 3523521ms
[COMPUTER] Level 1, remaining: 38704ms, consistency: 154ms
[COMPUTER] PV stable for 194ms: a1g1. Stopping search.
[COMPUTER] Bestmove: a1d4, eval: 3874, took: 763ms
[COMPUTER] Move 'a1d4' confirmed after 763ms. Playing immediately.
[DEBUG_MOVE] Turn switch: isWhiteTurn=true, whiteType=computer, blackType=computer
[DEBUG_MOVE] nextPlayerType=computer, computerExists=true, isGameOver=false
[DEBUG_MOVE] computerPlayers.white=true, computerPlayers.black=true
[DEBUG_MOVE] Triggering computer move! Retry: 0
[COMPUTER] Scheduling move for White in 0ms
[COMPUTER] Starting multi-move ponder...
[SimpleEngine] getLegalMovesForBoard: found 18 moves for White from board:
[COMPUTER] Multi-pondering 8 moves: b6a7, b6c7, c4d6, c4a5, c4a3, c4e3, f3g3, a2a4
[COMPUTER] Ponder b6a7 -> a1d4 (0ms total)
[COMPUTER] Time check - Game clock: 32593ms, Tournament: 3522756ms
[COMPUTER] Level 0: Using game's getLegalMoves, found 21 moves
[COMPUTER] Level 0: Selected move f3g3, thinking for 650ms
[Matchmaking] 0 idle computers, 1 active offers, 1 available players
[MATCHMAKING] Processing 1 offers. Computers: cpu1(busy=true), cpu0(busy=true), cpu0........i took a (pop)(busy=true), cpu-1(busy=true)
[MATCHMAKING] Offer 9 from hwan: 0 valid bots available
[COMPUTER] Ponder b6a7 -> d4f4 (214ms total)
[COMPUTER] Ponder b6a7 -> d4f4 (428ms total)
[DEBUG_MOVE] Turn switch: isWhiteTurn=true, whiteType=computer, blackType=computer
[DEBUG_MOVE] nextPlayerType=computer, computerExists=true, isGameOver=false
[DEBUG_MOVE] computerPlayers.white=true, computerPlayers.black=true
[DEBUG_MOVE] Triggering computer move! Retry: 0
[COMPUTER] Scheduling move for White in 0ms
[COMPUTER] Time check - Game clock: 588426ms, Tournament: 3522440ms
[COMPUTER] Level -1: Using game's getLegalMoves, found 22 moves
[COMPUTER] Level -1: Selected move e2e3, thinking for 5706ms
[COMPUTER] Ponder b6c7 -> d4f4 (206ms total)
[COMPUTER] Ponder b6c7 -> d4f4 (413ms total)
[DEBUG_MOVE] Turn switch: isWhiteTurn=false, whiteType=computer, blackType=computer
[DEBUG_MOVE] nextPlayerType=computer, computerExists=true, isGameOver=false
[DEBUG_MOVE] computerPlayers.white=true, computerPlayers.black=true
[DEBUG_MOVE] Triggering computer move! Retry: 0
[COMPUTER] Scheduling move for Black in 0ms
[COMPUTER] Time check - Game clock: 37328ms, Tournament: 3522101ms
[COMPUTER] Stopping ponder to start search
[COMPUTER] Ponder search stopped.
[COMPUTER] Level 1, remaining: 37328ms, consistency: 149ms
[COMPUTER] Bestmove: b8a6, eval: 1038, took: 1ms
[COMPUTER] Move 'b8a6' confirmed after 1ms. Playing immediately.
[DEBUG_MOVE] Turn switch: isWhiteTurn=true, whiteType=computer, blackType=computer
[DEBUG_MOVE] nextPlayerType=computer, computerExists=true, isGameOver=false
[DEBUG_MOVE] computerPlayers.white=true, computerPlayers.black=true
[DEBUG_MOVE] Triggering computer move! Retry: 0
[COMPUTER] Scheduling move for White in 0ms
[COMPUTER] Starting multi-move ponder...
[SimpleEngine] getLegalMovesForBoard: found 21 moves for White from board:
[COMPUTER] Multi-pondering 8 moves: b6a7, b6c7, c4d6, c4a5, c4a3, c4e3, g3f3, g3h3
[COMPUTER] Time check - Game clock: 31937ms, Tournament: 3522092ms
[COMPUTER] Level 0: Using game's getLegalMoves, found 21 moves
[COMPUTER] Level 0: Selected move g1g2, thinking for 635ms
[COMPUTER] Ponder b6a7 -> b8c6 (215ms total)
[COMPUTER] Ponder b6a7 -> b8c6 (431ms total)
[MATCHMAKING] Processing 1 offers. Computers: cpu1(busy=true), cpu0(busy=true), cpu0........i took a (pop)(busy=true), cpu-1(busy=true)
[MATCHMAKING] Offer 9 from hwan: 0 valid bots available
[COMPUTER] Ponder b6c7 -> d8c7 (213ms total)
[COMPUTER] Ponder b6c7 -> d8c7 (426ms total)
[DEBUG_MOVE] Turn switch: isWhiteTurn=false, whiteType=computer, blackType=computer
[DEBUG_MOVE] nextPlayerType=computer, computerExists=true, isGameOver=false
[DEBUG_MOVE] computerPlayers.white=true, computerPlayers.black=true
[DEBUG_MOVE] Triggering computer move! Retry: 0
[COMPUTER] Scheduling move for Black in 0ms
[COMPUTER] Time check - Game clock: 37318ms, Tournament: 3521455ms
[COMPUTER] Stopping ponder to start search
[COMPUTER] Ponder search stopped.
[COMPUTER] Level 1, remaining: 37318ms, consistency: 149ms
[COMPUTER] Bestmove: c7d6, eval: 1404, took: 0ms
[COMPUTER] Move 'c7d6' confirmed after 0ms. Playing immediately.
[COMPUTER] Level 1: Move c7d6 failed unexpectedly: No piece at source
[DEBUG_MOVE] Triggering computer move! Retry: 1
[COMPUTER] Scheduling move for Black in 200ms
[COMPUTER] Starting multi-move ponder...
[SimpleEngine] getLegalMovesForBoard: found 22 moves for White from board:
[COMPUTER] Multi-pondering 8 moves: b6a7, e5d6, c4d6, c4a5, c4a3, c4e3, g3f3, g3h3
[COMPUTER] Time check - Game clock: 37318ms, Tournament: 3521221ms
[COMPUTER] Stopping ponder to start search
[COMPUTER] Ponder search stopped.
[COMPUTER] Level 1, remaining: 37318ms, consistency: 149ms
[COMPUTER] Bestmove: h3g2, eval: 815, took: 0ms
[COMPUTER] Move 'h3g2' confirmed after 0ms. Playing immediately.
[DEBUG_MOVE] Turn switch: isWhiteTurn=true, whiteType=computer, blackType=computer
[DEBUG_MOVE] nextPlayerType=computer, computerExists=true, isGameOver=false
[DEBUG_MOVE] computerPlayers.white=true, computerPlayers.black=true
[DEBUG_MOVE] Triggering computer move! Retry: 0
[COMPUTER] Scheduling move for White in 0ms
[COMPUTER] Starting multi-move ponder...
[SimpleEngine] getLegalMovesForBoard: found 26 moves for White from board:
[COMPUTER] Multi-pondering 8 moves: b6a7, b6c7, c4d6, c4a5, c4a3, c4e3, g3f3, g3h3
[COMPUTER] Time check - Game clock: 31300ms, Tournament: 3521195ms
[COMPUTER] Level 0: Using game's getLegalMoves, found 16 moves
[COMPUTER] Level 0: Selected move c4d6, thinking for 625ms
[COMPUTER] Ponder b6a7 -> g2h1r (225ms total)
[COMPUTER] Ponder b6a7 -> g2h1r (459ms total)
[MATCHMAKING] Processing 1 offers. Computers: cpu1(busy=true), cpu0(busy=true), cpu0........i took a (pop)(busy=true), cpu-1(busy=true)
[MATCHMAKING] Offer 9 from hwan: 0 valid bots available
[COMPUTER] Ponder b6c7 -> g2h1n (223ms total)
[COMPUTER] Ponder b6c7 -> g2h1n (446ms total)
[DEBUG_MOVE] Turn switch: isWhiteTurn=false, whiteType=computer, blackType=computer
[DEBUG_MOVE] nextPlayerType=computer, computerExists=true, isGameOver=false
[DEBUG_MOVE] computerPlayers.white=true, computerPlayers.black=true
[DEBUG_MOVE] Triggering computer move! Retry: 0
[COMPUTER] Scheduling move for Black in 0ms
[COMPUTER] Time check - Game clock: 37058ms, Tournament: 3520566ms
[COMPUTER] Stopping ponder to start search
[COMPUTER] Ponder search stopped.
[COMPUTER] Level 1, remaining: 37058ms, consistency: 148ms
[COMPUTER] Bestmove: c7d6, eval: 1731, took: 1ms
[COMPUTER] Move 'c7d6' confirmed after 1ms. Playing immediately.
[COMPUTER] Level 1: Move c7d6 failed unexpectedly: No piece at source
[DEBUG_MOVE] Triggering computer move! Retry: 1
[COMPUTER] Scheduling move for Black in 200ms
[COMPUTER] Starting multi-move ponder...
[SimpleEngine] getLegalMovesForBoard: found 26 moves for White from board:
[COMPUTER] Multi-pondering 8 moves: b6a7, e5d6, g3f3, g3h3, g3g2, a2a4, a2a3, b2b4
[COMPUTER] Time check - Game clock: 37058ms, Tournament: 3520308ms
[COMPUTER] Stopping ponder to start search
[COMPUTER] Ponder search stopped.
[COMPUTER] Level 1, remaining: 37058ms, consistency: 148ms
[COMPUTER] Bestmove: e8d7, eval: 4017, took: 1ms
[COMPUTER] Move 'e8d7' confirmed after 1ms. Playing immediately.
[DEBUG_MOVE] Turn switch: isWhiteTurn=true, whiteType=computer, blackType=computer
[DEBUG_MOVE] nextPlayerType=computer, computerExists=true, isGameOver=false
[DEBUG_MOVE] computerPlayers.white=true, computerPlayers.black=true
[DEBUG_MOVE] Triggering computer move! Retry: 0
[COMPUTER] Scheduling move for White in 0ms
[COMPUTER] Starting multi-move ponder...
[SimpleEngine] getLegalMovesForBoard: found 34 moves for White from board:
[COMPUTER] Multi-pondering 8 moves: b6a7, b6c7, d6c8, d6e8, d6b7, d6f7, d6b5, d6f5
[COMPUTER] Time check - Game clock: 30674ms, Tournament: 3520295ms
[COMPUTER] Level 0: Using game's getLegalMoves, found 21 moves
[COMPUTER] Level 0: Selected move e2d1, thinking for 610ms
[COMPUTER] Ponder b6a7 -> e7d6 (224ms total)
[COMPUTER] Ponder b6a7 -> e7d6 (448ms total)
[COMPUTER] Ponder b6c7 -> e7d6 (209ms total)
[COMPUTER] Ponder b6c7 -> e7d6 (464ms total)
[MATCHMAKING] Processing 1 offers. Computers: cpu1(busy=true), cpu0(busy=true), cpu0........i took a (pop)(busy=true), cpu-1(busy=true)
[MATCHMAKING] Offer 9 from hwan: 0 valid bots available
[DEBUG_MOVE] Turn switch: isWhiteTurn=false, whiteType=computer, blackType=computer
[DEBUG_MOVE] nextPlayerType=computer, computerExists=true, isGameOver=false
[DEBUG_MOVE] computerPlayers.white=true, computerPlayers.black=true
[DEBUG_MOVE] Triggering computer move! Retry: 0
[COMPUTER] Scheduling move for Black in 0ms
[COMPUTER] Time check - Game clock: 36785ms, Tournament: 3519681ms
[COMPUTER] Stopping ponder to start search
[COMPUTER] Ponder search stopped.
[COMPUTER] Level 1, remaining: 36785ms, consistency: 147ms
[COMPUTER] Bestmove: g2h1r, eval: 2919, took: 0ms
[COMPUTER] Move 'g2h1r' confirmed after 0ms. Playing immediately.
[COMPUTER] Level 1: Move g2h1r failed unexpectedly: Invalid move
[DEBUG_MOVE] Triggering computer move! Retry: 1
[COMPUTER] Scheduling move for Black in 200ms
[COMPUTER] Starting multi-move ponder...
[COMPUTER] Multi-ponder failed: TypeError: Cannot set properties of undefined (setting '7')
    at SimpleEngine.parseFEN (/Users/chang/Anitgravity/chess/web/lib/SimpleEngine.js:51:42)
    at SimpleEngine.getLegalMoves (/Users/chang/Anitgravity/chess/web/lib/SimpleEngine.js:102:45)
    at ComputerPlayer.startMultiPondering (/Users/chang/Anitgravity/chess/web/lib/ComputerPlayer.js:302:53)
    at ComputerPlayer.handleStockfishOutput (/Users/chang/Anitgravity/chess/web/lib/ComputerPlayer.js:281:22)
    at ComputerPlayer.handleMessage (/Users/chang/Anitgravity/chess/web/lib/ComputerPlayer.js:160:18)
    at Worker.<anonymous> (/Users/chang/Anitgravity/chess/web/lib/ComputerPlayer.js:90:53)
    at Worker.emit (node:events:508:28)
    at MessagePort.<anonymous> (node:internal/worker:332:53)
    at [nodejs.internal.kHybridDispatch] (node:internal/event_target:843:20)
    at MessagePort.<anonymous> (node:internal/per_context/messageport:23:28)
[COMPUTER] Time check - Game clock: 36785ms, Tournament: 3519369ms
[COMPUTER] Level 1, remaining: 36785ms, consistency: 147ms
[COMPUTER] PV stable for 159ms: g2g1q. Stopping search.
[COMPUTER] Bestmove: d4f4, eval: 10000, took: 222ms
[COMPUTER] Move 'd4f4' confirmed after 222ms. Playing immediately.
[DEBUG_MOVE] Turn switch: isWhiteTurn=true, whiteType=computer, blackType=computer
[DEBUG_MOVE] nextPlayerType=computer, computerExists=true, isGameOver=false
[DEBUG_MOVE] computerPlayers.white=true, computerPlayers.black=true
[DEBUG_MOVE] Triggering computer move! Retry: 0
[COMPUTER] Scheduling move for White in 0ms
[COMPUTER] Starting multi-move ponder...
[SimpleEngine] getLegalMovesForBoard: found 2 moves for White from board:
[COMPUTER] Multi-pondering 2 moves: g3h3, g3g2
[COMPUTER] Ponder g3h3 -> d4f4 (1ms total)
[COMPUTER] Time check - Game clock: 30062ms, Tournament: 3519143ms
[COMPUTER] Level 0: Using game's getLegalMoves, found 1 moves
[COMPUTER] Level 0: Selected move g3g2, thinking for 600ms
[COMPUTER] Ponder g3h3 -> e7d6 (208ms total)
[COMPUTER] Ponder g3h3 -> e7d6 (415ms total)
[MATCHMAKING] Processing 1 offers. Computers: cpu1(busy=true), cpu0(busy=true), cpu0........i took a (pop)(busy=true), cpu-1(busy=true)
[MATCHMAKING] Offer 9 from hwan: 0 valid bots available
[COMPUTER] Ponder g3g2 -> c7d6 (204ms total)
[COMPUTER] Ponder g3g2 -> c7d6 (410ms total)
[DEBUG_MOVE] Turn switch: isWhiteTurn=false, whiteType=computer, blackType=computer
[DEBUG_MOVE] nextPlayerType=computer, computerExists=true, isGameOver=false
[DEBUG_MOVE] computerPlayers.white=true, computerPlayers.black=true
[DEBUG_MOVE] Triggering computer move! Retry: 0
[COMPUTER] Scheduling move for Black in 0ms
[COMPUTER] Time check - Game clock: 36247ms, Tournament: 3518538ms
[COMPUTER] Stopping ponder to start search
[COMPUTER] Ponder search stopped.
[COMPUTER] Level 1, remaining: 36247ms, consistency: 144ms
[COMPUTER] Bestmove: e7d6, eval: 3261, took: 1ms
[COMPUTER] Move 'e7d6' confirmed after 1ms. Playing immediately.
[COMPUTER] Level 1: Move e7d6 failed unexpectedly: No piece at source
[DEBUG_MOVE] Triggering computer move! Retry: 1
[COMPUTER] Scheduling move for Black in 200ms
[COMPUTER] Starting multi-move ponder...
[SimpleEngine] getLegalMovesForBoard: found 21 moves for White from board:
[COMPUTER] Multi-pondering 8 moves: b6a7, b6c7, e5d6, a2a4, a2a3, b2b4, b2b3, c2c4
[COMPUTER] Time check - Game clock: 36247ms, Tournament: 3518290ms
[COMPUTER] Stopping ponder to start search
[COMPUTER] Ponder search stopped.
[COMPUTER] Level 1, remaining: 36247ms, consistency: 144ms
[COMPUTER] Bestmove: c5c4, eval: 10000, took: 0ms
[COMPUTER] Move 'c5c4' confirmed after 0ms. Playing immediately.
[DEBUG_MOVE] Turn switch: isWhiteTurn=true, whiteType=computer, blackType=computer
[DEBUG_MOVE] nextPlayerType=computer, computerExists=true, isGameOver=false
[DEBUG_MOVE] computerPlayers.white=true, computerPlayers.black=true
[DEBUG_MOVE] Triggering computer move! Retry: 0
[COMPUTER] Scheduling move for White in 0ms
[COMPUTER] Starting multi-move ponder...
[SimpleEngine] getLegalMovesForBoard: found 27 moves for White from board:
[COMPUTER] Multi-pondering 8 moves: b6a7, b6c7, d6c8, d6e8, d6b7, d6f7, d6b5, d6f5
[COMPUTER] Time check - Game clock: 29459ms, Tournament: 3518284ms
[COMPUTER] Level 0: Using game's getLegalMoves, found 19 moves
[COMPUTER] Level 0: Selected move d1e2, thinking for 585ms
[COMPUTER] Ponder b6a7 -> c7d6 (208ms total)
[COMPUTER] Ponder b6a7 -> c7d6 (418ms total)
[COMPUTER] Ponder b6c7 -> e7d6 (210ms total)
[COMPUTER] Ponder b6c7 -> e7d6 (420ms total)
[Matchmaking] 0 idle computers, 1 active offers, 1 available players
[MATCHMAKING] Processing 1 offers. Computers: cpu1(busy=true), cpu0(busy=true), cpu0........i took a (pop)(busy=true), cpu-1(busy=true)
[MATCHMAKING] Offer 9 from hwan: 0 valid bots available
[DEBUG_MOVE] Turn switch: isWhiteTurn=false, whiteType=computer, blackType=computer
[DEBUG_MOVE] nextPlayerType=computer, computerExists=true, isGameOver=false
[DEBUG_MOVE] computerPlayers.white=true, computerPlayers.black=true
[DEBUG_MOVE] Triggering computer move! Retry: 0
[COMPUTER] Scheduling move for Black in 0ms
[COMPUTER] Time check - Game clock: 35989ms, Tournament: 3517693ms
[COMPUTER] Stopping ponder to start search
[COMPUTER] Ponder search stopped.
[COMPUTER] Level 1, remaining: 35989ms, consistency: 143ms
[COMPUTER] Bestmove: f4g4, eval: 10000, took: 0ms
[COMPUTER] Move 'f4g4' confirmed after 0ms. Playing immediately.
[DEBUG_MOVE] Turn switch: isWhiteTurn=true, whiteType=computer, blackType=computer
[DEBUG_MOVE] nextPlayerType=computer, computerExists=true, isGameOver=false
[DEBUG_MOVE] computerPlayers.white=true, computerPlayers.black=true
[DEBUG_MOVE] Triggering computer move! Retry: 0
[COMPUTER] Scheduling move for White in 0ms
[COMPUTER] Starting multi-move ponder...
[SimpleEngine] getLegalMovesForBoard: found 1 moves for White from board:
[COMPUTER] Multi-pondering 1 moves: e2g4
[COMPUTER] Time check - Game clock: 28872ms, Tournament: 3517661ms
[COMPUTER] Level 0: Using game's getLegalMoves, found 4 moves
[COMPUTER] Level 0: Selected move e2g4, thinking for 575ms
[COMPUTER] Ponder e2g4 -> c7d6 (364ms total)
[COMPUTER] Ponder e2g4 -> c7d6 (730ms total)
[DEBUG_MOVE] Turn switch: isWhiteTurn=false, whiteType=computer, blackType=computer
[DEBUG_MOVE] nextPlayerType=computer, computerExists=true, isGameOver=false
[DEBUG_MOVE] computerPlayers.white=true, computerPlayers.black=true
[DEBUG_MOVE] Triggering computer move! Retry: 0
[COMPUTER] Scheduling move for Black in 0ms
[COMPUTER] Time check - Game clock: 35956ms, Tournament: 3517074ms
[COMPUTER] Stopping ponder to start search
[COMPUTER] Ponder search stopped.
[COMPUTER] Level 1, remaining: 35956ms, consistency: 143ms
[COMPUTER] Bestmove: c4c3, eval: 154, took: 2ms
[COMPUTER] Move 'c4c3' confirmed after 2ms. Playing immediately.
[DEBUG_MOVE] Turn switch: isWhiteTurn=true, whiteType=computer, blackType=computer
[DEBUG_MOVE] nextPlayerType=computer, computerExists=true, isGameOver=false
[DEBUG_MOVE] computerPlayers.white=true, computerPlayers.black=true
[DEBUG_MOVE] Triggering computer move! Retry: 0
[COMPUTER] Scheduling move for White in 0ms
[COMPUTER] Starting multi-move ponder...
[SimpleEngine] getLegalMovesForBoard: found 36 moves for White from board:
[COMPUTER] Multi-pondering 8 moves: b6a7, b6c7, d6c8, d6e8, d6b7, d6f7, d6b5, d6f5
[COMPUTER] Time check - Game clock: 28291ms, Tournament: 3516886ms
[COMPUTER] Level 0: Using game's getLegalMoves, found 25 moves
[COMPUTER] Level 0: Selected move g2g3, thinking for 565ms
[DEBUG_MOVE] Turn switch: isWhiteTurn=false, whiteType=computer, blackType=computer
[DEBUG_MOVE] nextPlayerType=computer, computerExists=true, isGameOver=false
[DEBUG_MOVE] computerPlayers.white=true, computerPlayers.black=true
[DEBUG_MOVE] Triggering computer move! Retry: 0
[COMPUTER] Scheduling move for Black in 0ms
[COMPUTER] Time check - Game clock: 576234ms, Tournament: 3516731ms
[COMPUTER] Level 0: Using game's getLegalMoves, found 30 moves
[COMPUTER] Level 0: Selected move d5d4, thinking for 11520ms
[Matchmaking] 0 idle computers, 1 active offers, 1 available players
[MATCHMAKING] Processing 1 offers. Computers: cpu1(busy=true), cpu0(busy=true), cpu0........i took a (pop)(busy=true), cpu-1(busy=true)
[MATCHMAKING] Offer 9 from hwan: 0 valid bots available
[DEBUG_MOVE] Turn switch: isWhiteTurn=false, whiteType=computer, blackType=computer
[DEBUG_MOVE] nextPlayerType=computer, computerExists=true, isGameOver=false
[DEBUG_MOVE] computerPlayers.white=true, computerPlayers.black=true
[DEBUG_MOVE] Triggering computer move! Retry: 0
[COMPUTER] Scheduling move for Black in 0ms
[COMPUTER] Time check - Game clock: 35763ms, Tournament: 3516318ms
[COMPUTER] Stopping ponder to start search
[COMPUTER] Ponder search stopped.
[COMPUTER] Level 1, remaining: 35763ms, consistency: 143ms
[COMPUTER] Bestmove: c3c2, eval: -217, took: 47ms
[COMPUTER] Move 'c3c2' confirmed after 47ms. Playing immediately.
[DEBUG_MOVE] Turn switch: isWhiteTurn=true, whiteType=computer, blackType=computer
[DEBUG_MOVE] nextPlayerType=computer, computerExists=true, isGameOver=false
[DEBUG_MOVE] computerPlayers.white=true, computerPlayers.black=true
[DEBUG_MOVE] Triggering computer move! Retry: 0
[COMPUTER] Scheduling move for White in 0ms
[COMPUTER] Starting multi-move ponder...
[SimpleEngine] getLegalMovesForBoard: found 34 moves for White from board:
[COMPUTER] Multi-pondering 8 moves: b6a7, b6c7, d6c8, d6e8, d6b7, d6f7, d6b5, d6f5
[COMPUTER] Time check - Game clock: 27724ms, Tournament: 3516064ms
[COMPUTER] Level 0: Using game's getLegalMoves, found 22 moves
[COMPUTER] Level 0: Selected move d6b7, thinking for 550ms
[COMPUTER] Ponder b6a7 -> e7d6 (9ms total)
[COMPUTER] Ponder b6a7 -> c7d6 (24ms total)
[COMPUTER] Ponder b6c7 -> e7d6 (218ms total)
[COMPUTER] Ponder b6c7 -> e7d6 (437ms total)
[MATCHMAKING] Processing 1 offers. Computers: cpu1(busy=true), cpu0(busy=true), cpu0........i took a (pop)(busy=true), cpu-1(busy=true)
[MATCHMAKING] Offer 9 from hwan: 0 valid bots available
[DEBUG_MOVE] Turn switch: isWhiteTurn=false, whiteType=computer, blackType=computer
[DEBUG_MOVE] nextPlayerType=computer, computerExists=true, isGameOver=false
[DEBUG_MOVE] computerPlayers.white=true, computerPlayers.black=true
[DEBUG_MOVE] Triggering computer move! Retry: 0
[COMPUTER] Scheduling move for Black in 0ms
[COMPUTER] Time check - Game clock: 35512ms, Tournament: 3515510ms
[COMPUTER] Stopping ponder to start search
[COMPUTER] Ponder search stopped.
[COMPUTER] Level 1, remaining: 35512ms, consistency: 142ms
[COMPUTER] Bestmove: c2d1q, eval: 1801, took: 1ms
[COMPUTER] Move 'c2d1q' confirmed after 1ms. Playing immediately.
[COMPUTER] Level 1: Move c2d1q failed unexpectedly: Invalid move
[DEBUG_MOVE] Triggering computer move! Retry: 1
[COMPUTER] Scheduling move for Black in 200ms
[COMPUTER] Starting multi-move ponder...
[COMPUTER] Multi-ponder failed: TypeError: Cannot set properties of undefined (setting '7')
    at SimpleEngine.parseFEN (/Users/chang/Anitgravity/chess/web/lib/SimpleEngine.js:51:42)
    at SimpleEngine.getLegalMoves (/Users/chang/Anitgravity/chess/web/lib/SimpleEngine.js:102:45)
    at ComputerPlayer.startMultiPondering (/Users/chang/Anitgravity/chess/web/lib/ComputerPlayer.js:302:53)
    at ComputerPlayer.handleStockfishOutput (/Users/chang/Anitgravity/chess/web/lib/ComputerPlayer.js:281:22)
    at ComputerPlayer.handleMessage (/Users/chang/Anitgravity/chess/web/lib/ComputerPlayer.js:160:18)
    at Worker.<anonymous> (/Users/chang/Anitgravity/chess/web/lib/ComputerPlayer.js:90:53)
    at Worker.emit (node:events:508:28)
    at MessagePort.<anonymous> (node:internal/worker:332:53)
    at [nodejs.internal.kHybridDispatch] (node:internal/event_target:843:20)
    at MessagePort.<anonymous> (node:internal/per_context/messageport:23:28)
[COMPUTER] Time check - Game clock: 35512ms, Tournament: 3515017ms
[COMPUTER] Level 1, remaining: 35512ms, consistency: 142ms
[COMPUTER] PV stable for 209ms: c2c1q. Stopping search.
[COMPUTER] PV stable for 237ms: c2c1q. Stopping search.
[COMPUTER] Bestmove: c2c1q, eval: 3651, took: 272ms
[COMPUTER] Move 'c2c1q' confirmed after 272ms. Playing immediately.
[DEBUG_MOVE] Turn switch: isWhiteTurn=true, whiteType=computer, blackType=computer
[DEBUG_MOVE] nextPlayerType=computer, computerExists=true, isGameOver=false
[DEBUG_MOVE] computerPlayers.white=true, computerPlayers.black=true
[DEBUG_MOVE] Triggering computer move! Retry: 0
[COMPUTER] Scheduling move for White in 0ms
[COMPUTER] Starting multi-move ponder...
[COMPUTER] Multi-ponder failed: TypeError: Cannot set properties of undefined (setting '7')
    at SimpleEngine.parseFEN (/Users/chang/Anitgravity/chess/web/lib/SimpleEngine.js:51:42)
    at SimpleEngine.getLegalMoves (/Users/chang/Anitgravity/chess/web/lib/SimpleEngine.js:102:45)
    at ComputerPlayer.startMultiPondering (/Users/chang/Anitgravity/chess/web/lib/ComputerPlayer.js:302:53)
    at ComputerPlayer.handleStockfishOutput (/Users/chang/Anitgravity/chess/web/lib/ComputerPlayer.js:281:22)
    at ComputerPlayer.handleMessage (/Users/chang/Anitgravity/chess/web/lib/ComputerPlayer.js:160:18)
    at Worker.<anonymous> (/Users/chang/Anitgravity/chess/web/lib/ComputerPlayer.js:90:53)
    at Worker.emit (node:events:508:28)
    at MessagePort.<anonymous> (node:internal/worker:332:53)
    at [nodejs.internal.kHybridDispatch] (node:internal/event_target:843:20)
    at MessagePort.<anonymous> (node:internal/per_context/messageport:23:28)
[COMPUTER] Bestmove: c2c1q, eval: 3651, took: 273ms
[COMPUTER] Time check - Game clock: 27168ms, Tournament: 3514744ms
[COMPUTER] Level 0: Using game's getLegalMoves, found 18 moves
[COMPUTER] Level 0: Selected move g4f3, thinking for 540ms
[MATCHMAKING] Processing 1 offers. Computers: cpu1(busy=true), cpu0(busy=true), cpu0........i took a (pop)(busy=true), cpu-1(busy=true)
[MATCHMAKING] Offer 9 from hwan: 0 valid bots available
[DEBUG_MOVE] Turn switch: isWhiteTurn=false, whiteType=computer, blackType=computer
[DEBUG_MOVE] nextPlayerType=computer, computerExists=true, isGameOver=false
[DEBUG_MOVE] computerPlayers.white=true, computerPlayers.black=true
[DEBUG_MOVE] Triggering computer move! Retry: 0
[COMPUTER] Scheduling move for Black in 0ms
[COMPUTER] Time check - Game clock: 34745ms, Tournament: 3514201ms
[COMPUTER] Level 1, remaining: 34745ms, consistency: 138ms
[COMPUTER] PV stable for 143ms: c1g1. Stopping search.
[COMPUTER] PV stable for 168ms: c1g1. Stopping search.
[COMPUTER] Bestmove: c1f4, eval: 10000, took: 268ms
[COMPUTER] Move 'c1f4' confirmed after 268ms. Playing immediately.
[DEBUG_MOVE] Turn switch: isWhiteTurn=true, whiteType=computer, blackType=computer
[DEBUG_MOVE] nextPlayerType=computer, computerExists=true, isGameOver=false
[DEBUG_MOVE] computerPlayers.white=true, computerPlayers.black=true
[DEBUG_MOVE] Triggering computer move! Retry: 0
[COMPUTER] Scheduling move for White in 0ms
[COMPUTER] Starting multi-move ponder...
[SimpleEngine] getLegalMovesForBoard: found 1 moves for White from board:
[COMPUTER] Multi-pondering 1 moves: g3h3
[COMPUTER] Time check - Game clock: 26625ms, Tournament: 3513931ms
[COMPUTER] Level 0: Using game's getLegalMoves, found 2 moves
[COMPUTER] Level 0: Selected move g3g2, thinking for 530ms
[MATCHMAKING] Processing 1 offers. Computers: cpu1(busy=true), cpu0(busy=true), cpu0........i took a (pop)(busy=true), cpu-1(busy=true)
[MATCHMAKING] Offer 9 from hwan: 0 valid bots available
[COMPUTER] Ponder g3h3 -> f4h4 (214ms total)
[COMPUTER] Ponder g3h3 -> f4h4 (424ms total)
[DEBUG_MOVE] Turn switch: isWhiteTurn=false, whiteType=computer, blackType=computer
[DEBUG_MOVE] nextPlayerType=computer, computerExists=true, isGameOver=false
[DEBUG_MOVE] computerPlayers.white=true, computerPlayers.black=true
[DEBUG_MOVE] Triggering computer move! Retry: 0
[COMPUTER] Scheduling move for Black in 0ms
[COMPUTER] Time check - Game clock: 34476ms, Tournament: 3513399ms
[COMPUTER] Stopping ponder to start search
[COMPUTER] Ponder search stopped.
[COMPUTER] Level 1, remaining: 34476ms, consistency: 137ms
[COMPUTER] PV stable for 171ms: c8b7. Stopping search.
[COMPUTER] Bestmove: h8h2, eval: 10000, took: 181ms
[COMPUTER] Move 'h8h2' confirmed after 181ms. Playing immediately.
[DEBUG_MOVE] Turn switch: isWhiteTurn=true, whiteType=computer, blackType=computer
[DEBUG_MOVE] nextPlayerType=computer, computerExists=true, isGameOver=false
[DEBUG_MOVE] computerPlayers.white=true, computerPlayers.black=true
[DEBUG_MOVE] Triggering computer move! Retry: 0
[COMPUTER] Scheduling move for White in 0ms
[COMPUTER] Starting multi-move ponder...
[SimpleEngine] getLegalMovesForBoard: found 1 moves for White from board:
[COMPUTER] Multi-pondering 1 moves: h1h2
[COMPUTER] Time check - Game clock: 26093ms, Tournament: 3513160ms
[COMPUTER] Level 0: Using game's getLegalMoves, found 2 moves
[COMPUTER] Level 0: Selected move g2f1, thinking for 520ms
[COMPUTER] Ponder h1h2 -> c8b7 (208ms total)
[COMPUTER] Ponder h1h2 -> c8b7 (419ms total)
[MONITOR] Running: true, Remaining: 58.5m, ActiveGames: 2, Offers: 1
[MATCHMAKING] Processing 1 offers. Computers: cpu1(busy=true), cpu0(busy=true), cpu0........i took a (pop)(busy=true), cpu-1(busy=true)
[MATCHMAKING] Offer 9 from hwan: 0 valid bots available
[DEBUG_MOVE] Turn switch: isWhiteTurn=false, whiteType=computer, blackType=computer
[DEBUG_MOVE] nextPlayerType=computer, computerExists=true, isGameOver=false
[DEBUG_MOVE] computerPlayers.white=true, computerPlayers.black=true
[DEBUG_MOVE] Triggering computer move! Retry: 0
[COMPUTER] Scheduling move for Black in 0ms
[COMPUTER] Time check - Game clock: 34239ms, Tournament: 3512636ms
[COMPUTER] Stopping ponder to start search
[COMPUTER] Ponder search stopped.
[COMPUTER] Level 1, remaining: 34239ms, consistency: 136ms
[COMPUTER] PV stable for 137ms: f4f3. Stopping search.
[COMPUTER] Bestmove: f4f3, eval: 10000, took: 144ms
[COMPUTER] Move 'f4f3' confirmed after 144ms. Playing immediately.
[DEBUG_MOVE] Turn switch: isWhiteTurn=true, whiteType=computer, blackType=computer
[DEBUG_MOVE] nextPlayerType=computer, computerExists=true, isGameOver=false
[DEBUG_MOVE] computerPlayers.white=true, computerPlayers.black=true
[DEBUG_MOVE] Triggering computer move! Retry: 0
[COMPUTER] Scheduling move for White in 0ms
[COMPUTER] Starting multi-move ponder...
[SimpleEngine] getLegalMovesForBoard: found 25 moves for White from board:
[COMPUTER] Multi-pondering 8 moves: b7d8, b7d6, b7a5, b7c5, b6a7, b6c7, a2a4, a2a3
[COMPUTER] Time check - Game clock: 25570ms, Tournament: 3512432ms
[COMPUTER] Level 0: Using game's getLegalMoves, found 2 moves
[COMPUTER] Level 0: Selected move f1g1, thinking for 510ms
[COMPUTER] Ponder b7d8 -> f3g2 (206ms total)
[COMPUTER] Ponder b7d6 -> e7d6 (212ms total)
[DEBUG_MOVE] Turn switch: isWhiteTurn=false, whiteType=computer, blackType=computer
[DEBUG_MOVE] nextPlayerType=computer, computerExists=true, isGameOver=false
[DEBUG_MOVE] computerPlayers.white=true, computerPlayers.black=true
[DEBUG_MOVE] Triggering computer move! Retry: 0
[COMPUTER] Scheduling move for Black in 0ms
[COMPUTER] Time check - Game clock: 34033ms, Tournament: 3511919ms
[COMPUTER] Stopping ponder to start search
[COMPUTER] Ponder search stopped.
[COMPUTER] Level 1, remaining: 34033ms, consistency: 136ms
[COMPUTER] PV stable for 137ms: f3h1. Stopping search.
[COMPUTER] PV stable for 138ms: f3h1. Stopping search.
[COMPUTER] Bestmove: h2h1, eval: 10000, took: 143ms
[COMPUTER] Move 'h2h1' confirmed after 143ms. Playing immediately.
Checkmate! cpu1 wins!
Game game_21 ended. Winner: cpu1, Reason: checkmate
cpu1 wins! Gets 139343 ms (3× × 0.76 rank × 1.00 opp × 1.00 dur × 1.00 var = ×0.76)
[GAME] Stopping White engine search (shared — worker stays alive)
[GAME] Stopping Black engine search (shared — worker stays alive)
[GAME] Stopping White engine search (shared — worker stays alive)
[GAME] Stopping Black engine search (shared — worker stays alive)
[COMPUTER] Starting multi-move ponder...
[SimpleEngine] getLegalMovesForBoard: found 23 moves for White from board:
[COMPUTER] Multi-pondering 8 moves: b7d8, b7d6, b7a5, b7c5, b6a7, b6c7, a2a4, a2a3
[MATCHMAKING] Processing 1 offers. Computers: cpu1(busy=false), cpu0(busy=true), cpu0........i took a (pop)(busy=false), cpu-1(busy=true)
[MATCHMAKING] Offer 9 from hwan: 2 valid bots available
[MATCHMAKING] Evaluating cpu1 for offer from hwan: shouldAccept=true, reason=Good value: 175488 pts/min, 86% win / 5% draw
Auto-accept: cpu1 accepting offer from hwan (Reason: Good value: 175488 pts/min, 86% win / 5% draw)
[COLOR] Matchup: hwan vs cpu1 -> cpu1 (White), hwan (Black)
[ChessGame] Constructor called with variant: "freestyle", startPos: "random", cooldown: 10s
[ChessGame] Freestyle mode detected, generating 960 position...
[ChessGame] Generated position: [
  'bishop', 'bishop',
  'rook',   'king',
  'queen',  'knight',
  'knight', 'rook'
]
[ChessGame] Board setup complete with 960 position
[COMPUTER] Engine reset for new game — worker remains alive
[PLAYER] White using persistent engine (level 1) — already warm
Starting game game_23 (variant: freestyle, computers: W=true, B=false)
startGame called. White: computer, Black: human, Variant: freestyle
[COMPUTER] All workers ready after 0ms — scheduling first move
[DEBUG_MOVE] Triggering computer move! Retry: 0
[COMPUTER] Scheduling move for White in 0ms
[COMPUTER] Time check - Game clock: 1800000ms, Tournament: 3511718ms
[COMPUTER] Level 1, remaining: 1800000ms, consistency: 7200ms
[COMPUTER] Bestmove: f3f4, eval: 0, took: 0ms
[COMPUTER] Move 'f3f4' confirmed after 0ms. Playing immediately.
[COMPUTER] Level 1: Move f3f4 failed unexpectedly: No piece at source
[DEBUG_MOVE] Triggering computer move! Retry: 1
[COMPUTER] Scheduling move for White in 200ms
[COMPUTER] Starting multi-move ponder...
[SimpleEngine] getLegalMovesForBoard: found 20 moves for Black from board:
[COMPUTER] Multi-pondering 8 moves: f8e6, f8g6, g8f6, g8h6, a7a6, a7a5, b7b6, b7b5
[COMPUTER] Time check - Game clock: 1800000ms, Tournament: 3511517ms
[COMPUTER] Stopping ponder to start search
[COMPUTER] Ponder search stopped.
[COMPUTER] Level 1, remaining: 1800000ms, consistency: 7200ms
[COMPUTER] Bestmove: c2c4, eval: 19, took: 0ms
[COMPUTER] Move 'c2c4' confirmed after 0ms. Playing immediately.
[DEBUG_MOVE] Turn switch: isWhiteTurn=false, whiteType=computer, blackType=human
[DEBUG_MOVE] nextPlayerType=human, computerExists=false, isGameOver=false
[DEBUG_MOVE] computerPlayers.white=true, computerPlayers.black=false
[COMPUTER] Starting multi-move ponder...
[SimpleEngine] getLegalMovesForBoard: found 20 moves for Black from board:
[COMPUTER] Multi-pondering 8 moves: f8e6, f8g6, g8f6, g8h6, a7a6, a7a5, b7b6, b7b5
[COMPUTER] Setting UCI_Chess960 to true
[COMPUTER] Ponder f8e6 -> f2f3 (214ms total)
[COMPUTER] Ponder f8e6 -> f2f3 (430ms total)
[COMPUTER] Ponder f8g6 -> b2b3 (219ms total)
[COMPUTER] Ponder f8g6 -> b2b3 (439ms total)
[COMPUTER] Ponder g8f6 -> d2d3 (212ms total)
[COMPUTER] Ponder g8f6 -> d2d3 (424ms total)
[COMPUTER] Ponder g8h6 -> b2b3 (215ms total)
[COMPUTER] Ponder g8h6 -> b2b3 (431ms total)
[COMPUTER] Ponder a7a6 -> b2b3 (213ms total)
[COMPUTER] Ponder a7a6 -> b2b3 (426ms total)
[COMPUTER] Ponder a7a5 -> d2d4 (204ms total)
[COMPUTER] Ponder a7a5 -> d2d4 (408ms total)
[COMPUTER] Ponder b7b6 -> b2b3 (205ms total)
[COMPUTER] Ponder b7b6 -> b2b3 (411ms total)
[COMPUTER] Ponder b7b5 -> b2b3 (210ms total)
[COMPUTER] Ponder b7b5 -> b2b3 (422ms total)
[COMPUTER] Ponder f8e6 -> b2b3 (641ms total)
[COMPUTER] Ponder f8e6 -> b2b3 (853ms total)
[COMPUTER] Ponder f8e6 -> b2b3 (1062ms total)
[COMPUTER] Ponder f8e6 -> b2b3 (1271ms total)
[COMPUTER] Ponder f8e6 -> f2f3 (1477ms total)
[COMPUTER] Ponder f8e6 -> f2f3 (1683ms total)
[COMPUTER] Ponder f8e6 -> e2e4 (1894ms total)
[COMPUTER] Ponder f8e6 -> e2e4 (2105ms total)
[COMPUTER] Ponder f8g6 -> d2d4 (655ms total)
[COMPUTER] Ponder f8g6 -> d2d4 (872ms total)
[COMPUTER] Ponder f8e6 -> b2b3 (2325ms total)
[COMPUTER] Ponder f8e6 -> b2b3 (2546ms total)
[COMPUTER] Ponder f8e6 -> f2f3 (2754ms total)
[COMPUTER] Ponder f8e6 -> f2f3 (2962ms total)
[COMPUTER] Ponder f8e6 -> e2e4 (3175ms total)
[COMPUTER] Ponder f8e6 -> e2e4 (3388ms total)
[COMPUTER] Ponder f8e6 -> g1f3 (3599ms total)
[COMPUTER] Ponder f8e6 -> g1f3 (3812ms total)
[COMPUTER] Ponder f8g6 -> b2b4 (1078ms total)
[COMPUTER] Ponder f8g6 -> b2b4 (1284ms total)
[COMPUTER] Ponder f8e6 -> f2f3 (4023ms total)
[COMPUTER] Ponder f8e6 -> f2f3 (4235ms total)
[COMPUTER] Ponder g8f6 -> f2f3 (628ms total)
[COMPUTER] Ponder g8f6 -> f2f3 (833ms total)
[COMPUTER] Ponder f8e6 -> b2b3 (4446ms total)
[COMPUTER] Ponder f8e6 -> b2b3 (4657ms total)
[COMPUTER] Ponder f8e6 -> f2f3 (4863ms total)
[COMPUTER] Ponder f8e6 -> f2f3 (5069ms total)
[COMPUTER] Ponder f8e6 -> f2f3 (5284ms total)
[COMPUTER] Ponder f8e6 -> f2f3 (5500ms total)
[COMPUTER] Ponder f8g6 -> b2b3 (1496ms total)
[COMPUTER] Ponder f8g6 -> b2b3 (1709ms total)
[COMPUTER] Ponder f8e6 -> g1f3 (5704ms total)
[COMPUTER] Ponder f8e6 -> g1f3 (5909ms total)
[COMPUTER] Ponder f8e6 -> f2f3 (6131ms total)
[COMPUTER] Ponder f8e6 -> f2f3 (6355ms total)
[COMPUTER] Ponder f8e6 -> e2e4 (6558ms total)
[COMPUTER] Ponder f8e6 -> e2e4 (6761ms total)
[COMPUTER] Ponder f8e6 -> b2b3 (6969ms total)
[COMPUTER] Ponder f8e6 -> b2b3 (7179ms total)
[DEBUG_MOVE] Turn switch: isWhiteTurn=true, whiteType=computer, blackType=computer
[DEBUG_MOVE] nextPlayerType=computer, computerExists=true, isGameOver=false
[DEBUG_MOVE] computerPlayers.white=true, computerPlayers.black=true
[DEBUG_MOVE] Triggering computer move! Retry: 0
[COMPUTER] Scheduling move for White in 0ms
[COMPUTER] Time check - Game clock: 582717ms, Tournament: 3505205ms
[COMPUTER] Level -1: Using game's getLegalMoves, found 25 moves
[COMPUTER] Level -1: Selected move f1e2, thinking for 5660ms
[COMPUTER] Ponder f8g6 -> b2b3 (1934ms total)
[COMPUTER] Ponder f8g6 -> b2b3 (2161ms total)
[COMPUTER] Ponder g8h6 -> g1f3 (646ms total)
[COMPUTER] Ponder g8h6 -> g1f3 (861ms total)
[Matchmaking] 1 idle computers, 0 active offers, 1 available players
[COMPUTER] Ponder f8e6 -> f2f3 (7390ms total)
[COMPUTER] Ponder f8e6 -> f2f3 (7602ms total)
[COMPUTER] Ponder g8f6 -> f2f3 (1039ms total)
[COMPUTER] Ponder g8f6 -> f2f3 (1245ms total)
[COMPUTER] Ponder f8e6 -> e2e4 (7804ms total)
[COMPUTER] Ponder f8e6 -> e2e4 (8008ms total)
[COMPUTER] Ponder f8e6 -> b2b3 (8212ms total)
[COMPUTER] Ponder f8e6 -> b2b3 (8417ms total)
[COMPUTER] Ponder f8e6 -> g1f3 (8624ms total)
[COMPUTER] Ponder f8e6 -> g1f3 (8833ms total)
[COMPUTER] Ponder f8g6 -> b2b4 (2634ms total)
[COMPUTER] Ponder f8g6 -> b2b4 (3107ms total)
[COMPUTER] Ponder f8e6 -> b2b3 (9082ms total)
[COMPUTER] Ponder f8e6 -> b2b3 (9332ms total)
[COMPUTER] Ponder f8e6 -> e2e4 (9538ms total)
[COMPUTER] Ponder f8e6 -> e2e4 (9744ms total)
[COMPUTER] Ponder f8e6 -> g1f3 (9948ms total)
[COMPUTER] Ponder f8e6 -> g1f3 (10153ms total)
[COMPUTER] Ponder f8e6 -> g1f3 (10360ms total)
[COMPUTER] Ponder f8e6 -> g1f3 (10568ms total)
[COMPUTER] Ponder f8e6 -> e2e4 (10777ms total)
[COMPUTER] Ponder f8e6 -> e2e4 (10987ms total)
[COMPUTER] Ponder a7a6 -> b2b3 (641ms total)
[COMPUTER] Ponder a7a6 -> b2b3 (857ms total)
[COMPUTER] Ponder f8e6 -> f1e3 (11196ms total)
[COMPUTER] Ponder f8e6 -> f1e3 (11405ms total)
[COMPUTER] Ponder g8f6 -> e2e4 (1451ms total)
[COMPUTER] Ponder g8f6 -> e2e4 (1658ms total)
[COMPUTER] Ponder f8e6 -> e2e4 (11617ms total)
[COMPUTER] Ponder f8e6 -> e2e4 (11829ms total)
[COMPUTER] Ponder f8e6 -> b2b3 (12039ms total)
[COMPUTER] Ponder f8e6 -> b2b3 (12249ms total)
[COMPUTER] Ponder f8e6 -> f1e3 (12456ms total)
[COMPUTER] Ponder f8e6 -> f1e3 (12663ms total)
[COMPUTER] Ponder f8g6 -> f2f3 (3313ms total)
[COMPUTER] Ponder f8g6 -> f2f3 (3519ms total)
[COMPUTER] Ponder f8e6 -> g1f3 (12878ms total)
[COMPUTER] Ponder f8e6 -> g1f3 (13094ms total)
[COMPUTER] Ponder f8e6 -> b2b4 (13306ms total)
[COMPUTER] Ponder f8e6 -> b2b4 (13519ms total)
[COMPUTER] Ponder f8e6 -> f2f3 (13724ms total)
[COMPUTER] Ponder f8e6 -> f2f3 (13929ms total)
[COMPUTER] Ponder g8h6 -> f1e3 (1070ms total)
[COMPUTER] Ponder g8h6 -> f1e3 (1279ms total)
[DEBUG_MOVE] Turn switch: isWhiteTurn=false, whiteType=computer, blackType=computer
[DEBUG_MOVE] nextPlayerType=computer, computerExists=true, isGameOver=false
[DEBUG_MOVE] computerPlayers.white=true, computerPlayers.black=true
[DEBUG_MOVE] Triggering computer move! Retry: 0
[COMPUTER] Scheduling move for Black in 0ms
[COMPUTER] Time check - Game clock: 564712ms, Tournament: 3499542ms
[COMPUTER] Level 0: Using game's getLegalMoves, found 31 moves
[COMPUTER] Level 0: Selected move b8a6, thinking for 11290ms
[COMPUTER] Ponder f8e6 -> b2b3 (14133ms total)
[COMPUTER] Ponder f8e6 -> b2b3 (14337ms total)
[COMPUTER] Ponder f8g6 -> b2b3 (3733ms total)
[COMPUTER] Ponder f8g6 -> b2b3 (3948ms total)
[COMPUTER] Ponder f8e6 -> e2e4 (14544ms total)
[COMPUTER] Ponder f8e6 -> e2e4 (14751ms total)
[COMPUTER] Ponder a7a5 -> e2e4 (627ms total)
[COMPUTER] Ponder a7a5 -> e2e4 (847ms total)
[COMPUTER] Ponder f8e6 -> b2b4 (14955ms total)
[COMPUTER] Ponder f8e6 -> b2b4 (15159ms total)
[COMPUTER] Ponder g8f6 -> e2e4 (1861ms total)
[COMPUTER] Ponder g8f6 -> e2e4 (2064ms total)
[COMPUTER] Ponder f8e6 -> b2b4 (15375ms total)
[COMPUTER] Ponder f8e6 -> b2b4 (15591ms total)
[COMPUTER] Ponder f8e6 -> d2d3 (15802ms total)
[COMPUTER] Ponder f8e6 -> d2d3 (16015ms total)
[COMPUTER] Ponder f8g6 -> f2f3 (4165ms total)
[COMPUTER] Ponder f8g6 -> f2f3 (4382ms total)
[COMPUTER] Ponder f8e6 -> g1f3 (16220ms total)
[COMPUTER] Ponder f8e6 -> g1f3 (16427ms total)
[COMPUTER] Ponder f8e6 -> e2e4 (16633ms total)
[COMPUTER] Ponder f8e6 -> e2e4 (16839ms total)
[COMPUTER] Ponder f8e6 -> e2e4 (17056ms total)
[COMPUTER] Ponder f8e6 -> e2e4 (17273ms total)
[COMPUTER] Ponder f8e6 -> e2e4 (17482ms total)
[COMPUTER] Ponder f8e6 -> e2e4 (17692ms total)
[Matchmaking] 1 idle computers, 0 active offers, 1 available players
[COMPUTER] Ponder f8g6 -> b2b3 (4585ms total)
[COMPUTER] Ponder f8g6 -> b2b3 (4789ms total)
[COMPUTER] Ponder f8e6 -> e2e4 (17895ms total)
[COMPUTER] Ponder f8e6 -> e2e4 (18099ms total)
[COMPUTER] Ponder f8e6 -> f2f3 (18312ms total)
[COMPUTER] Ponder f8e6 -> f2f3 (18525ms total)
[COMPUTER] Ponder f8e6 -> b2b3 (18745ms total)
[COMPUTER] Ponder f8e6 -> b2b3 (18965ms total)
[COMPUTER] Ponder g8f6 -> d2d3 (2273ms total)
[COMPUTER] Ponder g8f6 -> d2d3 (2484ms total)
[COMPUTER] Ponder f8e6 -> g1f3 (19172ms total)
[COMPUTER] Ponder f8e6 -> g1f3 (19381ms total)
[COMPUTER] Ponder f8g6 -> b2b3 (4993ms total)
[COMPUTER] Ponder f8g6 -> b2b3 (5197ms total)
[COMPUTER] Ponder f8e6 -> b2b3 (19611ms total)
[COMPUTER] Ponder f8e6 -> b2b3 (19841ms total)
[COMPUTER] Ponder f8e6 -> b2b4 (20049ms total)
[COMPUTER] Ponder f8e6 -> b2b4 (20257ms total)
[COMPUTER] Ponder b7b6 -> g1f3 (622ms total)
[COMPUTER] Ponder b7b6 -> g1f3 (835ms total)
[COMPUTER] Ponder f8e6 -> g1f3 (20464ms total)
[COMPUTER] Ponder f8e6 -> g1f3 (20672ms total)
[COMPUTER] Ponder g8h6 -> f1e3 (1496ms total)
[COMPUTER] Ponder g8h6 -> f1e3 (1713ms total)
[COMPUTER] Ponder f8e6 -> g1f3 (20877ms total)
[COMPUTER] Ponder f8e6 -> g1f3 (21084ms total)
[COMPUTER] Ponder f8g6 -> e2e4 (5412ms total)
[COMPUTER] Ponder f8g6 -> e2e4 (5627ms total)
[COMPUTER] Ponder f8e6 -> b2b3 (21288ms total)
[COMPUTER] Ponder f8e6 -> b2b3 (21494ms total)
[COMPUTER] Ponder a7a6 -> b2b3 (1060ms total)
[COMPUTER] Ponder a7a6 -> b2b3 (1264ms total)
[COMPUTER] Ponder f8e6 -> e2e4 (21717ms total)
[COMPUTER] Ponder f8e6 -> e2e4 (21942ms total)
[COMPUTER] Ponder f8e6 -> f2f3 (22156ms total)
[COMPUTER] Ponder f8e6 -> f2f3 (22372ms total)
[COMPUTER] Ponder g8f6 -> e2e4 (2695ms total)
[COMPUTER] Ponder g8f6 -> e2e4 (2907ms total)
[COMPUTER] Ponder f8e6 -> f2f3 (22579ms total)
[COMPUTER] Ponder f8e6 -> f2f3 (22787ms total)
[COMPUTER] Ponder f8g6 -> e2e4 (5837ms total)
[COMPUTER] Ponder f8g6 -> e2e4 (6047ms total)
[COMPUTER] Ponder f8e6 -> g1f3 (22991ms total)
[COMPUTER] Ponder f8e6 -> g1f3 (23195ms total)
[COMPUTER] Ponder f8e6 -> b2b3 (23443ms total)
[COMPUTER] Ponder f8e6 -> b2b3 (23692ms total)
[COMPUTER] Ponder f8e6 -> b2b3 (23984ms total)
[COMPUTER] Ponder f8e6 -> b2b3 (24278ms total)
[COMPUTER] Ponder f8g6 -> e2e4 (6262ms total)
[COMPUTER] Ponder f8g6 -> e2e4 (6477ms total)
[COMPUTER] Ponder f8e6 -> b2b3 (24484ms total)
[COMPUTER] Ponder f8e6 -> b2b3 (24693ms total)
[COMPUTER] Ponder f8e6 -> e2e4 (24909ms total)
[COMPUTER] Ponder f8e6 -> e2e4 (25125ms total)
[COMPUTER] Ponder f8e6 -> e2e4 (25343ms total)
[COMPUTER] Ponder f8e6 -> e2e4 (25561ms total)
[COMPUTER] Ponder f8e6 -> b2b4 (25765ms total)
[COMPUTER] Ponder f8e6 -> b2b4 (25969ms total)
[COMPUTER] Ponder f8g6 -> b2b3 (6683ms total)
[COMPUTER] Ponder f8g6 -> b2b3 (6890ms total)
[COMPUTER] Ponder f8e6 -> g1f3 (26196ms total)
[COMPUTER] Ponder f8e6 -> g1f3 (26423ms total)
[COMPUTER] Ponder g8f6 -> e2e4 (3110ms total)
[COMPUTER] Ponder g8f6 -> e2e4 (3314ms total)
[COMPUTER] Ponder f8e6 -> f2f3 (26638ms total)
[COMPUTER] Ponder f8e6 -> f2f3 (26856ms total)
[COMPUTER] Ponder f8e6 -> e2e4 (27064ms total)
[COMPUTER] Ponder f8e6 -> e2e4 (27273ms total)
[COMPUTER] Ponder b7b5 -> e2e4 (631ms total)
[COMPUTER] Ponder b7b5 -> e2e4 (840ms total)
[COMPUTER] Ponder f8e6 -> e2e4 (27482ms total)
[COMPUTER] Ponder f8e6 -> e2e4 (27691ms total)
[COMPUTER] Ponder g8h6 -> d2d4 (1926ms total)
[COMPUTER] Ponder g8h6 -> d2d4 (2139ms total)
[DEBUG_MOVE] Turn switch: isWhiteTurn=true, whiteType=computer, blackType=computer
[DEBUG_MOVE] nextPlayerType=computer, computerExists=true, isGameOver=false
[DEBUG_MOVE] computerPlayers.white=true, computerPlayers.black=true
[DEBUG_MOVE] Triggering computer move! Retry: 0
[COMPUTER] Scheduling move for White in 0ms
[COMPUTER] Time check - Game clock: 577053ms, Tournament: 3488248ms
[COMPUTER] Level -1: Using game's getLegalMoves, found 23 moves
[COMPUTER] Level -1: Selected move e1f2, thinking for 5616ms
[COMPUTER] Ponder f8g6 -> b2b3 (7105ms total)
[COMPUTER] Ponder f8g6 -> b2b3 (7320ms total)
[COMPUTER] Ponder f8e6 -> e2e4 (27894ms total)
[COMPUTER] Ponder f8e6 -> e2e4 (28097ms total)
[COMPUTER] Ponder f8e6 -> e2e4 (28304ms total)
[COMPUTER] Ponder f8e6 -> e2e4 (28513ms total)
[COMPUTER] Ponder f8e6 -> e2e4 (28728ms total)
[COMPUTER] Ponder f8e6 -> e2e4 (28943ms total)
[COMPUTER] Ponder f8e6 -> e2e4 (29160ms total)
[COMPUTER] Ponder f8e6 -> e2e4 (29378ms total)
[COMPUTER] Ponder f8g6 -> b2b3 (7526ms total)
[COMPUTER] Ponder f8g6 -> b2b3 (7733ms total)
[COMPUTER] Ponder f8e6 -> f2f3 (29629ms total)
[COMPUTER] Ponder f8e6 -> f2f3 (29888ms total)
[COMPUTER] Ponder g8f6 -> b2b3 (3551ms total)
[COMPUTER] Ponder g8f6 -> b2b3 (3789ms total)
[COMPUTER] Ponder f8e6 -> f2f3 (30172ms total)
[COMPUTER] Ponder f8e6 -> f2f3 (30456ms total)
[COMPUTER] Ponder f8e6 -> b2b4 (30719ms total)
[COMPUTER] Ponder f8e6 -> b2b4 (30995ms total)
[COMPUTER] Ponder a7a5 -> g1f3 (1054ms total)
[COMPUTER] Ponder a7a5 -> g1f3 (1262ms total)
[COMPUTER] Ponder f8g6 -> f1e3 (7995ms total)
[COMPUTER] Ponder f8g6 -> f1e3 (8258ms total)
[COMPUTER] Ponder f8e6 -> f2f3 (31212ms total)
[COMPUTER] Ponder f8e6 -> f2f3 (31429ms total)
[COMPUTER] Ponder f8e6 -> b2b3 (31633ms total)
[COMPUTER] Ponder f8e6 -> b2b3 (31837ms total)
[COMPUTER] Ponder a7a6 -> b2b4 (1472ms total)
[COMPUTER] Ponder a7a6 -> b2b4 (1680ms total)
[COMPUTER] Ponder f8e6 -> f2f3 (32041ms total)
[COMPUTER] Ponder f8e6 -> f2f3 (32245ms total)
[COMPUTER] Ponder f8e6 -> d2d3 (32469ms total)
[COMPUTER] Ponder f8e6 -> d2d3 (32695ms total)
[COMPUTER] Ponder f8e6 -> b2b3 (32923ms total)
[COMPUTER] Ponder f8e6 -> b2b3 (33151ms total)
[COMPUTER] Ponder f8g6 -> b2b4 (8471ms total)
[COMPUTER] Ponder f8g6 -> b2b4 (8684ms total)
[COMPUTER] Ponder f8e6 -> e2e4 (33359ms total)
[COMPUTER] Ponder f8e6 -> e2e4 (33567ms total)
[Matchmaking] 1 idle computers, 0 active offers, 1 available players
[COMPUTER] Ponder f8e6 -> f2f3 (33776ms total)
[COMPUTER] Ponder f8e6 -> f2f3 (33985ms total)
[COMPUTER] Ponder f8e6 -> f2f3 (34202ms total)
[COMPUTER] Ponder f8e6 -> f2f3 (34419ms total)
[COMPUTER] Ponder g8f6 -> f2f3 (3991ms total)
[COMPUTER] Ponder g8f6 -> f2f3 (4195ms total)
[COMPUTER] Ponder g8h6 -> b2b3 (2345ms total)
[COMPUTER] Ponder g8h6 -> b2b3 (2552ms total)
[DEBUG_MOVE] Turn switch: isWhiteTurn=false, whiteType=computer, blackType=computer
[DEBUG_MOVE] nextPlayerType=computer, computerExists=true, isGameOver=false
[DEBUG_MOVE] computerPlayers.white=true, computerPlayers.black=true
[DEBUG_MOVE] Triggering computer move! Retry: 0
[COMPUTER] Scheduling move for Black in 0ms
[COMPUTER] Time check - Game clock: 553419ms, Tournament: 3482629ms
[COMPUTER] Level 0: Using game's getLegalMoves, found 31 moves
[COMPUTER] Level 0: Selected move c8h3, thinking for 11065ms
[COMPUTER] Ponder f8e6 -> g1f3 (34632ms total)
[COMPUTER] Ponder f8e6 -> g1f3 (34845ms total)
[COMPUTER] Ponder f8g6 -> f2f3 (8900ms total)
[COMPUTER] Ponder f8g6 -> f2f3 (9116ms total)
[COMPUTER] Ponder f8e6 -> g1f3 (35059ms total)
[COMPUTER] Ponder f8e6 -> g1f3 (35274ms total)
[COMPUTER] Ponder f8e6 -> b2b4 (35481ms total)
[COMPUTER] Ponder f8e6 -> b2b4 (35689ms total)
Game game_21 removed from active games after delay
[COMPUTER] Ponder f8e6 -> b2b3 (35892ms total)
[COMPUTER] Ponder f8e6 -> b2b3 (36096ms total)
[Matchmaking] 1 idle computers, 0 active offers, 1 available players
[COMPUTER] Ponder f8e6 -> e2e4 (36565ms total)
[COMPUTER] Ponder f8e6 -> e2e4 (37034ms total)
[COMPUTER] Ponder f8g6 -> b2b3 (9423ms total)
[COMPUTER] Ponder f8g6 -> b2b3 (9732ms total)
[COMPUTER] Ponder f8e6 -> b2b4 (37258ms total)
[COMPUTER] Ponder f8e6 -> b2b4 (37482ms total)
[COMPUTER] Ponder f8e6 -> b2b3 (37687ms total)
[COMPUTER] Ponder f8e6 -> b2b3 (37892ms total)
[COMPUTER] Ponder g8f6 -> f2f3 (4402ms total)
[COMPUTER] Ponder g8f6 -> f2f3 (4610ms total)
[COMPUTER] Ponder f8e6 -> d2d3 (38098ms total)
[COMPUTER] Ponder f8e6 -> d2d3 (38304ms total)
[COMPUTER] Ponder f8e6 -> e2e4 (38515ms total)
[COMPUTER] Ponder f8e6 -> e2e4 (38727ms total)
[COMPUTER] Ponder f8e6 -> e2e4 (38946ms total)
[COMPUTER] Ponder f8e6 -> e2e4 (39165ms total)
[COMPUTER] Ponder f8g6 -> b2b4 (9943ms total)
[COMPUTER] Ponder f8g6 -> b2b4 (10160ms total)
Saving state...
[SERVER EXIT] Process exiting with code: 0
