[GLOBAL_ANALYZER] Initialized (material+PST evaluator)
[STATE_LOAD] Loading tournament state...
[STATE_LOAD] File timestamp: 2026-06-21T02:24:01.537Z
[STATE_LOAD] Tournament isRunning: true
[STATE_LOAD] StartTime: 2026-06-21T01:32:51.424Z
[STATE_LOAD] Duration limit: 60.0 minutes
[STATE_LOAD] Elapsed since start: 51.2 minutes
[STATE_LOAD] Remaining time: 8.8 minutes
[PLAYER] Persistent engine created for cpu-1 (level -1)
[PLAYER] Persistent engine created for cpu-0.5 (level -0.5)
[COMPUTER] Initializing Stockfish level 0
[PLAYER] Persistent engine created for cpu0 (level 0)
[COMPUTER] Initializing Stockfish level 0.5
[PLAYER] Persistent engine created for cpu0.5 (level 0.5)
State loaded successfully.
[STARTUP] Tournament is running, starting monitor intervals...

╔══════════════════════════════════════════════════════════════╗
║           Chess Tournament Server Started!                   ║
╚══════════════════════════════════════════════════════════════╝

Local:    http://localhost:3000

LAN Access (for other devices on same WiFi):
          http://192.168.1.71:3000

Share these URLs with other players!

────────────────────────────────────────────────────────────────
[SF_WORKER] Starting...
[SF_WORKER] Starting...
[Self-Healing] Clearing stuck busy state for hwan
[Self-Healing] Clearing stuck busy state for cpu-1
[Self-Healing] Clearing stuck busy state for cpu-0.5
[Self-Healing] Clearing stuck busy state for cpu0.5
Auto-offer: cpu-1 offering 1m+0s [crazyhouse]
Auto-offer: cpu-0.5 offering 1m+0s [freestyle]
[MATCHMAKING] Processing 3 offers. Computers: cpu-1(busy=false), cpu-0.5(busy=false), cpu0(busy=false), cpu0.5(busy=false)
[MATCHMAKING] Offer 8 from cpu-0.5 waiting (0s/10s)
[MATCHMAKING] Offer 7 from cpu-1 waiting (0s/10s)
[MATCHMAKING] Offer 6 from cpu0: 3 valid bots
[MATCHMAKING] cpu-1 eval: shouldAccept=true, reason=Good value: 45481 pts/min, 22% win / 10% draw
Auto-accept: cpu-1 accepting offer from cpu0
[COLOR] Matchup: cpu0 vs cpu-1 -> cpu0 (White), cpu-1 (Black)
[ChessGame] Constructor called with variant: "kingofthehill", startPos: "random", cooldown: 10s
[COMPUTER] Engine reset for new game — worker remains alive
[PLAYER] White using persistent engine (level 0) — already warm
[COMPUTER] Engine reset for new game — worker remains alive
[PLAYER] Black using persistent engine (level -1) — already warm
Starting game game_1 (variant: kingofthehill, computers: W=true, B=true)
startGame called. White: computer, Black: computer, Variant: kingofthehill
[COMPUTER] Stockfish ready
[SF_WORKER] Stockfish loaded
[SF_WORKER] Ready
[COMPUTER] Stockfish ready
[SF_WORKER] Stockfish loaded
[SF_WORKER] Ready
[MATCHMAKING] Processing 1 offers. Computers: cpu-1(busy=true), cpu-0.5(busy=false), cpu0(busy=true), cpu0.5(busy=false)
[MATCHMAKING] Offer 8 from cpu-0.5 waiting (1s/10s)
[COMPUTER] All workers ready after 1100ms — scheduling first move
[DEBUG_MOVE] Triggering computer move! Retry: 0
[COMPUTER] Scheduling move for White in 0ms
[COMPUTER] Time check - Game clock: 600000ms, Tournament: 526347ms
[COMPUTER] Using tournament time (526347ms) instead of game clock (600000ms)
[COMPUTER] Level 0: Using game's getLegalMoves, found 20 moves
[COMPUTER] Level 0: Selected move e2e4, thinking for 10525ms
[MATCHMAKING] Processing 1 offers. Computers: cpu-1(busy=true), cpu-0.5(busy=false), cpu0(busy=true), cpu0.5(busy=false)
[MATCHMAKING] Offer 8 from cpu-0.5 waiting (2s/10s)
Auto-offer: cpu0.5 offering 1m+0s [kingofthehill]
[MATCHMAKING] Processing 2 offers. Computers: cpu-1(busy=true), cpu-0.5(busy=false), cpu0(busy=true), cpu0.5(busy=false)
[MATCHMAKING] Offer 9 from cpu0.5 waiting (0s/10s)
[MATCHMAKING] Offer 8 from cpu-0.5 waiting (3s/10s)
[MATCHMAKING] Processing 2 offers. Computers: cpu-1(busy=true), cpu-0.5(busy=false), cpu0(busy=true), cpu0.5(busy=false)
[MATCHMAKING] Offer 9 from cpu0.5 waiting (1s/10s)
[MATCHMAKING] Offer 8 from cpu-0.5 waiting (4s/10s)
[MATCHMAKING] Processing 2 offers. Computers: cpu-1(busy=true), cpu-0.5(busy=false), cpu0(busy=true), cpu0.5(busy=false)
[MATCHMAKING] Offer 9 from cpu0.5 waiting (2s/10s)
[MATCHMAKING] Offer 8 from cpu-0.5 waiting (5s/10s)
[MATCHMAKING] Processing 2 offers. Computers: cpu-1(busy=true), cpu-0.5(busy=false), cpu0(busy=true), cpu0.5(busy=false)
[MATCHMAKING] Offer 9 from cpu0.5 waiting (3s/10s)
[MATCHMAKING] Offer 8 from cpu-0.5 waiting (6s/10s)
[MATCHMAKING] Processing 2 offers. Computers: cpu-1(busy=true), cpu-0.5(busy=false), cpu0(busy=true), cpu0.5(busy=false)
[MATCHMAKING] Offer 9 from cpu0.5 waiting (4s/10s)
[MATCHMAKING] Offer 8 from cpu-0.5 waiting (7s/10s)
[MATCHMAKING] Processing 2 offers. Computers: cpu-1(busy=true), cpu-0.5(busy=false), cpu0(busy=true), cpu0.5(busy=false)
[MATCHMAKING] Offer 9 from cpu0.5 waiting (5s/10s)
[MATCHMAKING] Offer 8 from cpu-0.5 waiting (8s/10s)
[MATCHMAKING] Processing 2 offers. Computers: cpu-1(busy=true), cpu-0.5(busy=false), cpu0(busy=true), cpu0.5(busy=false)
[MATCHMAKING] Offer 9 from cpu0.5 waiting (6s/10s)
[MATCHMAKING] Offer 8 from cpu-0.5 waiting (9s/10s)
[MATCHMAKING] Processing 2 offers. Computers: cpu-1(busy=true), cpu-0.5(busy=false), cpu0(busy=true), cpu0.5(busy=false)
[MATCHMAKING] Offer 9 from cpu0.5 waiting (7s/10s)
[MATCHMAKING] Offer 8 from cpu-0.5 waiting (10s/10s)
[MATCHMAKING] Processing 2 offers. Computers: cpu-1(busy=true), cpu-0.5(busy=false), cpu0(busy=true), cpu0.5(busy=false)
[MATCHMAKING] Offer 9 from cpu0.5 waiting (8s/10s)
[MATCHMAKING] Offer 8 from cpu-0.5: 1 valid bots
[MATCHMAKING] cpu0.5 eval: shouldAccept=true, reason=Good value: 148201 pts/min, 81% win / 5% draw
Auto-accept: cpu0.5 accepting offer from cpu-0.5
[COLOR] Matchup: cpu-0.5 vs cpu0.5 -> cpu0.5 (White), cpu-0.5 (Black)
[ChessGame] Constructor called with variant: "freestyle", startPos: "random", cooldown: 10s
[Chess960] Freestyle mode detected, generating 960 position...
[Chess960] Generated position: [
  'queen',  'rook',
  'knight', 'bishop',
  'king',   'rook',
  'bishop', 'knight'
]
[Chess960] Board setup complete with 960 position
[COMPUTER] Engine reset for new game — worker remains alive
[PLAYER] White using persistent engine (level 0.5) — already warm
[COMPUTER] Engine reset for new game — worker remains alive
[PLAYER] Black using persistent engine (level -0.5) — already warm
Starting game game_2 (variant: freestyle, computers: W=true, B=true)
startGame called. White: computer, Black: computer, Variant: freestyle
[COMPUTER] All workers ready after 0ms — scheduling first move
[DEBUG_MOVE] Triggering computer move! Retry: 0
[COMPUTER] Scheduling move for White in 0ms
[COMPUTER] Time check - Game clock: 60000ms, Tournament: 516517ms
[COMPUTER] Level 0.5, remaining: 60000ms, consistency: 240ms
[COMPUTER] Setting UCI_Chess960 to true
<<<<<<< HEAD
[MATCHMAKING] Processing 1 offers. Computers: cpu-1(busy=true), cpu-0.5(busy=true), cpu0(busy=false), cpu0.5(busy=true)
[MATCHMAKING] Offer 6 from cpu0: 0 valid bots
[COMPUTER] Stockfish ready
[SF_WORKER] Stockfish loaded
[SF_WORKER] Ready
[COMPUTER] Stockfish ready
[SF_WORKER] Stockfish loaded
[SF_WORKER] Ready
[MATCHMAKING] Processing 1 offers. Computers: cpu-1(busy=true), cpu-0.5(busy=true), cpu0(busy=false), cpu0.5(busy=true)
[MATCHMAKING] Offer 6 from cpu0: 0 valid bots
[MATCHMAKING] Processing 1 offers. Computers: cpu-1(busy=true), cpu-0.5(busy=true), cpu0(busy=false), cpu0.5(busy=true)
[MATCHMAKING] Offer 6 from cpu0: 0 valid bots
[MATCHMAKING] Processing 1 offers. Computers: cpu-1(busy=true), cpu-0.5(busy=true), cpu0(busy=false), cpu0.5(busy=true)
[MATCHMAKING] Offer 6 from cpu0: 0 valid bots
[MATCHMAKING] Processing 1 offers. Computers: cpu-1(busy=true), cpu-0.5(busy=true), cpu0(busy=false), cpu0.5(busy=true)
[MATCHMAKING] Offer 6 from cpu0: 0 valid bots
[MATCHMAKING] Processing 1 offers. Computers: cpu-1(busy=true), cpu-0.5(busy=true), cpu0(busy=false), cpu0.5(busy=true)
[MATCHMAKING] Offer 6 from cpu0: 0 valid bots
[MATCHMAKING] Processing 1 offers. Computers: cpu-1(busy=true), cpu-0.5(busy=true), cpu0(busy=false), cpu0.5(busy=true)
[MATCHMAKING] Offer 6 from cpu0: 0 valid bots
[MATCHMAKING] Processing 1 offers. Computers: cpu-1(busy=true), cpu-0.5(busy=true), cpu0(busy=false), cpu0.5(busy=true)
[MATCHMAKING] Offer 6 from cpu0: 0 valid bots
[Matchmaking] 0 idle computers, 1 active offers, 1 available players
[MATCHMAKING] Processing 1 offers. Computers: cpu-1(busy=true), cpu-0.5(busy=true), cpu0(busy=false), cpu0.5(busy=true)
[MATCHMAKING] Offer 6 from cpu0: 0 valid bots
[MATCHMAKING] Processing 1 offers. Computers: cpu-1(busy=true), cpu-0.5(busy=true), cpu0(busy=false), cpu0.5(busy=true)
[MATCHMAKING] Offer 6 from cpu0: 0 valid bots
[MONITOR] Running: true, Remaining: 44.4m, ActiveGames: 0, Offers: 1
[MATCHMAKING] Processing 1 offers. Computers: cpu-1(busy=true), cpu-0.5(busy=true), cpu0(busy=false), cpu0.5(busy=true)
[MATCHMAKING] Offer 6 from cpu0: 0 valid bots
[MATCHMAKING] Processing 1 offers. Computers: cpu-1(busy=true), cpu-0.5(busy=true), cpu0(busy=false), cpu0.5(busy=true)
[MATCHMAKING] Offer 6 from cpu0: 0 valid bots
[MATCHMAKING] Processing 1 offers. Computers: cpu-1(busy=true), cpu-0.5(busy=true), cpu0(busy=false), cpu0.5(busy=true)
[MATCHMAKING] Offer 6 from cpu0: 0 valid bots
[MATCHMAKING] Processing 1 offers. Computers: cpu-1(busy=true), cpu-0.5(busy=true), cpu0(busy=false), cpu0.5(busy=true)
[MATCHMAKING] Offer 6 from cpu0: 0 valid bots
[Matchmaking] 0 idle computers, 1 active offers, 1 available players
[MATCHMAKING] Processing 1 offers. Computers: cpu-1(busy=true), cpu-0.5(busy=true), cpu0(busy=false), cpu0.5(busy=true)
[MATCHMAKING] Offer 6 from cpu0: 0 valid bots
[MATCHMAKING] Processing 1 offers. Computers: cpu-1(busy=true), cpu-0.5(busy=true), cpu0(busy=false), cpu0.5(busy=true)
[MATCHMAKING] Offer 6 from cpu0: 0 valid bots
[Matchmaking] 0 idle computers, 1 active offers, 1 available players
[MATCHMAKING] Processing 1 offers. Computers: cpu-1(busy=true), cpu-0.5(busy=true), cpu0(busy=false), cpu0.5(busy=true)
[MATCHMAKING] Offer 6 from cpu0: 0 valid bots
[MATCHMAKING] Processing 1 offers. Computers: cpu-1(busy=true), cpu-0.5(busy=true), cpu0(busy=false), cpu0.5(busy=true)
[MATCHMAKING] Offer 6 from cpu0: 0 valid bots
[Matchmaking] 0 idle computers, 1 active offers, 1 available players
[MATCHMAKING] Processing 1 offers. Computers: cpu-1(busy=true), cpu-0.5(busy=true), cpu0(busy=false), cpu0.5(busy=true)
[MATCHMAKING] Offer 6 from cpu0: 0 valid bots
[MONITOR] Running: true, Remaining: 44.3m, ActiveGames: 0, Offers: 1
[MATCHMAKING] Processing 1 offers. Computers: cpu-1(busy=true), cpu-0.5(busy=true), cpu0(busy=false), cpu0.5(busy=true)
[MATCHMAKING] Offer 6 from cpu0: 0 valid bots
[Matchmaking] 0 idle computers, 1 active offers, 1 available players
[MATCHMAKING] Processing 1 offers. Computers: cpu-1(busy=true), cpu-0.5(busy=true), cpu0(busy=false), cpu0.5(busy=true)
[MATCHMAKING] Offer 6 from cpu0: 0 valid bots
[MATCHMAKING] Processing 1 offers. Computers: cpu-1(busy=true), cpu-0.5(busy=true), cpu0(busy=false), cpu0.5(busy=true)
[MATCHMAKING] Offer 6 from cpu0: 0 valid bots
[Matchmaking] 0 idle computers, 1 active offers, 1 available players
[MATCHMAKING] Processing 1 offers. Computers: cpu-1(busy=true), cpu-0.5(busy=true), cpu0(busy=false), cpu0.5(busy=true)
[MATCHMAKING] Offer 6 from cpu0: 0 valid bots
[MATCHMAKING] Processing 1 offers. Computers: cpu-1(busy=true), cpu-0.5(busy=true), cpu0(busy=false), cpu0.5(busy=true)
[MATCHMAKING] Offer 6 from cpu0: 0 valid bots
[MATCHMAKING] Processing 1 offers. Computers: cpu-1(busy=true), cpu-0.5(busy=true), cpu0(busy=false), cpu0.5(busy=true)
[MATCHMAKING] Offer 6 from cpu0: 0 valid bots
[MATCHMAKING] Processing 1 offers. Computers: cpu-1(busy=true), cpu-0.5(busy=true), cpu0(busy=false), cpu0.5(busy=true)
[MATCHMAKING] Offer 6 from cpu0: 0 valid bots
[Matchmaking] 0 idle computers, 1 active offers, 1 available players
[MATCHMAKING] Processing 1 offers. Computers: cpu-1(busy=true), cpu-0.5(busy=true), cpu0(busy=false), cpu0.5(busy=true)
[MATCHMAKING] Offer 6 from cpu0: 0 valid bots
[MATCHMAKING] Processing 1 offers. Computers: cpu-1(busy=true), cpu-0.5(busy=true), cpu0(busy=false), cpu0.5(busy=true)
[MATCHMAKING] Offer 6 from cpu0: 0 valid bots
[MATCHMAKING] Processing 1 offers. Computers: cpu-1(busy=true), cpu-0.5(busy=true), cpu0(busy=false), cpu0.5(busy=true)
[MATCHMAKING] Offer 6 from cpu0: 0 valid bots
[Matchmaking] 0 idle computers, 1 active offers, 1 available players
[MATCHMAKING] Processing 1 offers. Computers: cpu-1(busy=true), cpu-0.5(busy=true), cpu0(busy=false), cpu0.5(busy=true)
[MATCHMAKING] Offer 6 from cpu0: 0 valid bots
[MATCHMAKING] Processing 1 offers. Computers: cpu-1(busy=true), cpu-0.5(busy=true), cpu0(busy=false), cpu0.5(busy=true)
[MATCHMAKING] Offer 6 from cpu0: 0 valid bots
[MATCHMAKING] Processing 1 offers. Computers: cpu-1(busy=true), cpu-0.5(busy=true), cpu0(busy=false), cpu0.5(busy=true)
[MATCHMAKING] Offer 6 from cpu0: 0 valid bots
[MATCHMAKING] Processing 1 offers. Computers: cpu-1(busy=true), cpu-0.5(busy=true), cpu0(busy=false), cpu0.5(busy=true)
[MATCHMAKING] Offer 6 from cpu0: 0 valid bots
[MATCHMAKING] Processing 1 offers. Computers: cpu-1(busy=true), cpu-0.5(busy=true), cpu0(busy=false), cpu0.5(busy=true)
[MATCHMAKING] Offer 6 from cpu0: 0 valid bots
[MATCHMAKING] Processing 1 offers. Computers: cpu-1(busy=true), cpu-0.5(busy=true), cpu0(busy=false), cpu0.5(busy=true)
[MATCHMAKING] Offer 6 from cpu0: 0 valid bots
[MATCHMAKING] Processing 1 offers. Computers: cpu-1(busy=true), cpu-0.5(busy=true), cpu0(busy=false), cpu0.5(busy=true)
[MATCHMAKING] Offer 6 from cpu0: 0 valid bots
[MATCHMAKING] Processing 1 offers. Computers: cpu-1(busy=true), cpu-0.5(busy=true), cpu0(busy=false), cpu0.5(busy=true)
[MATCHMAKING] Offer 6 from cpu0: 0 valid bots
[MATCHMAKING] Processing 1 offers. Computers: cpu-1(busy=true), cpu-0.5(busy=true), cpu0(busy=false), cpu0.5(busy=true)
[MATCHMAKING] Offer 6 from cpu0: 0 valid bots
[MATCHMAKING] Processing 1 offers. Computers: cpu-1(busy=true), cpu-0.5(busy=true), cpu0(busy=false), cpu0.5(busy=true)
[MATCHMAKING] Offer 6 from cpu0: 0 valid bots
[MATCHMAKING] Processing 1 offers. Computers: cpu-1(busy=true), cpu-0.5(busy=true), cpu0(busy=false), cpu0.5(busy=true)
[MATCHMAKING] Offer 6 from cpu0: 0 valid bots
[MATCHMAKING] Processing 1 offers. Computers: cpu-1(busy=true), cpu-0.5(busy=true), cpu0(busy=false), cpu0.5(busy=true)
[MATCHMAKING] Offer 6 from cpu0: 0 valid bots
[MATCHMAKING] Processing 1 offers. Computers: cpu-1(busy=true), cpu-0.5(busy=true), cpu0(busy=false), cpu0.5(busy=true)
[MATCHMAKING] Offer 6 from cpu0: 0 valid bots
[Matchmaking] 0 idle computers, 1 active offers, 1 available players
[MATCHMAKING] Processing 1 offers. Computers: cpu-1(busy=true), cpu-0.5(busy=true), cpu0(busy=false), cpu0.5(busy=true)
[MATCHMAKING] Offer 6 from cpu0: 0 valid bots
[MATCHMAKING] Processing 1 offers. Computers: cpu-1(busy=true), cpu-0.5(busy=true), cpu0(busy=false), cpu0.5(busy=true)
[MATCHMAKING] Offer 6 from cpu0: 0 valid bots
[MATCHMAKING] Processing 1 offers. Computers: cpu-1(busy=true), cpu-0.5(busy=true), cpu0(busy=false), cpu0.5(busy=true)
[MATCHMAKING] Offer 6 from cpu0: 0 valid bots
[Matchmaking] 0 idle computers, 1 active offers, 1 available players
[MATCHMAKING] Processing 1 offers. Computers: cpu-1(busy=true), cpu-0.5(busy=true), cpu0(busy=false), cpu0.5(busy=true)
[MATCHMAKING] Offer 6 from cpu0: 0 valid bots
[MATCHMAKING] Processing 1 offers. Computers: cpu-1(busy=true), cpu-0.5(busy=true), cpu0(busy=false), cpu0.5(busy=true)
[MATCHMAKING] Offer 6 from cpu0: 0 valid bots
[MATCHMAKING] Processing 1 offers. Computers: cpu-1(busy=true), cpu-0.5(busy=true), cpu0(busy=false), cpu0.5(busy=true)
[MATCHMAKING] Offer 6 from cpu0: 0 valid bots
[Matchmaking] 0 idle computers, 1 active offers, 1 available players
[MATCHMAKING] Processing 1 offers. Computers: cpu-1(busy=true), cpu-0.5(busy=true), cpu0(busy=false), cpu0.5(busy=true)
[MATCHMAKING] Offer 6 from cpu0: 0 valid bots
[Matchmaking] 0 idle computers, 1 active offers, 1 available players
[MATCHMAKING] Processing 1 offers. Computers: cpu-1(busy=true), cpu-0.5(busy=true), cpu0(busy=false), cpu0.5(busy=true)
[MATCHMAKING] Offer 6 from cpu0: 0 valid bots
[MATCHMAKING] Processing 1 offers. Computers: cpu-1(busy=true), cpu-0.5(busy=true), cpu0(busy=false), cpu0.5(busy=true)
[MATCHMAKING] Offer 6 from cpu0: 0 valid bots
[Matchmaking] 0 idle computers, 1 active offers, 1 available players
[MATCHMAKING] Processing 1 offers. Computers: cpu-1(busy=true), cpu-0.5(busy=true), cpu0(busy=false), cpu0.5(busy=true)
[MATCHMAKING] Offer 6 from cpu0: 0 valid bots
[MATCHMAKING] Processing 1 offers. Computers: cpu-1(busy=true), cpu-0.5(busy=true), cpu0(busy=false), cpu0.5(busy=true)
[MATCHMAKING] Offer 6 from cpu0: 0 valid bots
[MATCHMAKING] Processing 1 offers. Computers: cpu-1(busy=true), cpu-0.5(busy=true), cpu0(busy=false), cpu0.5(busy=true)
[MATCHMAKING] Offer 6 from cpu0: 0 valid bots
[MATCHMAKING] Processing 1 offers. Computers: cpu-1(busy=true), cpu-0.5(busy=true), cpu0(busy=false), cpu0.5(busy=true)
[MATCHMAKING] Offer 6 from cpu0: 0 valid bots
[MATCHMAKING] Processing 1 offers. Computers: cpu-1(busy=true), cpu-0.5(busy=true), cpu0(busy=false), cpu0.5(busy=true)
[MATCHMAKING] Offer 6 from cpu0: 0 valid bots
[MATCHMAKING] Processing 1 offers. Computers: cpu-1(busy=true), cpu-0.5(busy=true), cpu0(busy=false), cpu0.5(busy=true)
[MATCHMAKING] Offer 6 from cpu0: 0 valid bots
[MATCHMAKING] Processing 1 offers. Computers: cpu-1(busy=true), cpu-0.5(busy=true), cpu0(busy=false), cpu0.5(busy=true)
[MATCHMAKING] Offer 6 from cpu0: 0 valid bots
[MATCHMAKING] Processing 1 offers. Computers: cpu-1(busy=true), cpu-0.5(busy=true), cpu0(busy=false), cpu0.5(busy=true)
[MATCHMAKING] Offer 6 from cpu0: 0 valid bots
[MONITOR] Running: true, Remaining: 43.6m, ActiveGames: 0, Offers: 1
[Matchmaking] 0 idle computers, 1 active offers, 1 available players
[MATCHMAKING] Processing 1 offers. Computers: cpu-1(busy=true), cpu-0.5(busy=true), cpu0(busy=false), cpu0.5(busy=true)
[MATCHMAKING] Offer 6 from cpu0: 0 valid bots
[Matchmaking] 0 idle computers, 1 active offers, 1 available players
[MATCHMAKING] Processing 1 offers. Computers: cpu-1(busy=true), cpu-0.5(busy=true), cpu0(busy=false), cpu0.5(busy=true)
[MATCHMAKING] Offer 6 from cpu0: 0 valid bots
[MATCHMAKING] Processing 1 offers. Computers: cpu-1(busy=true), cpu-0.5(busy=true), cpu0(busy=false), cpu0.5(busy=true)
[MATCHMAKING] Offer 6 from cpu0: 0 valid bots
[MATCHMAKING] Processing 1 offers. Computers: cpu-1(busy=true), cpu-0.5(busy=true), cpu0(busy=false), cpu0.5(busy=true)
[MATCHMAKING] Offer 6 from cpu0: 0 valid bots
[MATCHMAKING] Processing 1 offers. Computers: cpu-1(busy=true), cpu-0.5(busy=true), cpu0(busy=false), cpu0.5(busy=true)
[MATCHMAKING] Offer 6 from cpu0: 0 valid bots
[MATCHMAKING] Processing 1 offers. Computers: cpu-1(busy=true), cpu-0.5(busy=true), cpu0(busy=false), cpu0.5(busy=true)
[MATCHMAKING] Offer 6 from cpu0: 0 valid bots
[MATCHMAKING] Processing 1 offers. Computers: cpu-1(busy=true), cpu-0.5(busy=true), cpu0(busy=false), cpu0.5(busy=true)
[MATCHMAKING] Offer 6 from cpu0: 0 valid bots
[MATCHMAKING] Processing 1 offers. Computers: cpu-1(busy=true), cpu-0.5(busy=true), cpu0(busy=false), cpu0.5(busy=true)
[MATCHMAKING] Offer 6 from cpu0: 0 valid bots
[MATCHMAKING] Processing 1 offers. Computers: cpu-1(busy=true), cpu-0.5(busy=true), cpu0(busy=false), cpu0.5(busy=true)
[MATCHMAKING] Offer 6 from cpu0: 0 valid bots
[MATCHMAKING] Processing 1 offers. Computers: cpu-1(busy=true), cpu-0.5(busy=true), cpu0(busy=false), cpu0.5(busy=true)
[MATCHMAKING] Offer 6 from cpu0: 0 valid bots
[MATCHMAKING] Processing 1 offers. Computers: cpu-1(busy=true), cpu-0.5(busy=true), cpu0(busy=false), cpu0.5(busy=true)
[MATCHMAKING] Offer 6 from cpu0: 0 valid bots
[MATCHMAKING] Processing 1 offers. Computers: cpu-1(busy=true), cpu-0.5(busy=true), cpu0(busy=false), cpu0.5(busy=true)
[MATCHMAKING] Offer 6 from cpu0: 0 valid bots
[MATCHMAKING] Processing 1 offers. Computers: cpu-1(busy=true), cpu-0.5(busy=true), cpu0(busy=false), cpu0.5(busy=true)
[MATCHMAKING] Offer 6 from cpu0: 0 valid bots
[MATCHMAKING] Processing 1 offers. Computers: cpu-1(busy=true), cpu-0.5(busy=true), cpu0(busy=false), cpu0.5(busy=true)
[MATCHMAKING] Offer 6 from cpu0: 0 valid bots
[MATCHMAKING] Processing 1 offers. Computers: cpu-1(busy=true), cpu-0.5(busy=true), cpu0(busy=false), cpu0.5(busy=true)
[MATCHMAKING] Offer 6 from cpu0: 0 valid bots
[MATCHMAKING] Processing 1 offers. Computers: cpu-1(busy=true), cpu-0.5(busy=true), cpu0(busy=false), cpu0.5(busy=true)
[MATCHMAKING] Offer 6 from cpu0: 0 valid bots
[Matchmaking] 0 idle computers, 1 active offers, 1 available players
[MATCHMAKING] Processing 1 offers. Computers: cpu-1(busy=true), cpu-0.5(busy=true), cpu0(busy=false), cpu0.5(busy=true)
[MATCHMAKING] Offer 6 from cpu0: 0 valid bots
[MATCHMAKING] Processing 1 offers. Computers: cpu-1(busy=true), cpu-0.5(busy=true), cpu0(busy=false), cpu0.5(busy=true)
[MATCHMAKING] Offer 6 from cpu0: 0 valid bots
[MATCHMAKING] Processing 1 offers. Computers: cpu-1(busy=true), cpu-0.5(busy=true), cpu0(busy=false), cpu0.5(busy=true)
[MATCHMAKING] Offer 6 from cpu0: 0 valid bots
[MATCHMAKING] Processing 1 offers. Computers: cpu-1(busy=true), cpu-0.5(busy=true), cpu0(busy=false), cpu0.5(busy=true)
[MATCHMAKING] Offer 6 from cpu0: 0 valid bots
[MATCHMAKING] Processing 1 offers. Computers: cpu-1(busy=true), cpu-0.5(busy=true), cpu0(busy=false), cpu0.5(busy=true)
[MATCHMAKING] Offer 6 from cpu0: 0 valid bots
[MATCHMAKING] Processing 1 offers. Computers: cpu-1(busy=true), cpu-0.5(busy=true), cpu0(busy=false), cpu0.5(busy=true)
[MATCHMAKING] Offer 6 from cpu0: 0 valid bots
[MATCHMAKING] Processing 1 offers. Computers: cpu-1(busy=true), cpu-0.5(busy=true), cpu0(busy=false), cpu0.5(busy=true)
[MATCHMAKING] Offer 6 from cpu0: 0 valid bots
[MATCHMAKING] Processing 1 offers. Computers: cpu-1(busy=true), cpu-0.5(busy=true), cpu0(busy=false), cpu0.5(busy=true)
[MATCHMAKING] Offer 6 from cpu0: 0 valid bots
[MATCHMAKING] Processing 1 offers. Computers: cpu-1(busy=true), cpu-0.5(busy=true), cpu0(busy=false), cpu0.5(busy=true)
[MATCHMAKING] Offer 6 from cpu0: 0 valid bots
[MATCHMAKING] Processing 1 offers. Computers: cpu-1(busy=true), cpu-0.5(busy=true), cpu0(busy=false), cpu0.5(busy=true)
[MATCHMAKING] Offer 6 from cpu0: 0 valid bots
[MATCHMAKING] Processing 1 offers. Computers: cpu-1(busy=true), cpu-0.5(busy=true), cpu0(busy=false), cpu0.5(busy=true)
[MATCHMAKING] Offer 6 from cpu0: 0 valid bots
[Matchmaking] 0 idle computers, 1 active offers, 1 available players
[MATCHMAKING] Processing 1 offers. Computers: cpu-1(busy=true), cpu-0.5(busy=true), cpu0(busy=false), cpu0.5(busy=true)
[MATCHMAKING] Offer 6 from cpu0: 0 valid bots
[MATCHMAKING] Processing 1 offers. Computers: cpu-1(busy=true), cpu-0.5(busy=true), cpu0(busy=false), cpu0.5(busy=true)
[MATCHMAKING] Offer 6 from cpu0: 0 valid bots
[MATCHMAKING] Processing 1 offers. Computers: cpu-1(busy=true), cpu-0.5(busy=true), cpu0(busy=false), cpu0.5(busy=true)
[MATCHMAKING] Offer 6 from cpu0: 0 valid bots
[Matchmaking] 0 idle computers, 1 active offers, 1 available players
[MATCHMAKING] Processing 1 offers. Computers: cpu-1(busy=true), cpu-0.5(busy=true), cpu0(busy=false), cpu0.5(busy=true)
[MATCHMAKING] Offer 6 from cpu0: 0 valid bots
[MATCHMAKING] Processing 1 offers. Computers: cpu-1(busy=true), cpu-0.5(busy=true), cpu0(busy=false), cpu0.5(busy=true)
[MATCHMAKING] Offer 6 from cpu0: 0 valid bots
[Matchmaking] 0 idle computers, 1 active offers, 1 available players
[MATCHMAKING] Processing 1 offers. Computers: cpu-1(busy=true), cpu-0.5(busy=true), cpu0(busy=false), cpu0.5(busy=true)
[MATCHMAKING] Offer 6 from cpu0: 0 valid bots
[MATCHMAKING] Processing 1 offers. Computers: cpu-1(busy=true), cpu-0.5(busy=true), cpu0(busy=false), cpu0.5(busy=true)
[MATCHMAKING] Offer 6 from cpu0: 0 valid bots
[MATCHMAKING] Processing 1 offers. Computers: cpu-1(busy=true), cpu-0.5(busy=true), cpu0(busy=false), cpu0.5(busy=true)
[MATCHMAKING] Offer 6 from cpu0: 0 valid bots
[MATCHMAKING] Processing 1 offers. Computers: cpu-1(busy=true), cpu-0.5(busy=true), cpu0(busy=false), cpu0.5(busy=true)
[MATCHMAKING] Offer 6 from cpu0: 0 valid bots
[MATCHMAKING] Processing 1 offers. Computers: cpu-1(busy=true), cpu-0.5(busy=true), cpu0(busy=false), cpu0.5(busy=true)
[MATCHMAKING] Offer 6 from cpu0: 0 valid bots
[Matchmaking] 0 idle computers, 1 active offers, 1 available players
[MATCHMAKING] Processing 1 offers. Computers: cpu-1(busy=true), cpu-0.5(busy=true), cpu0(busy=false), cpu0.5(busy=true)
[MATCHMAKING] Offer 6 from cpu0: 0 valid bots
[MATCHMAKING] Processing 1 offers. Computers: cpu-1(busy=true), cpu-0.5(busy=true), cpu0(busy=false), cpu0.5(busy=true)
[MATCHMAKING] Offer 6 from cpu0: 0 valid bots
[MATCHMAKING] Processing 1 offers. Computers: cpu-1(busy=true), cpu-0.5(busy=true), cpu0(busy=false), cpu0.5(busy=true)
[MATCHMAKING] Offer 6 from cpu0: 0 valid bots
[MATCHMAKING] Processing 1 offers. Computers: cpu-1(busy=true), cpu-0.5(busy=true), cpu0(busy=false), cpu0.5(busy=true)
[MATCHMAKING] Offer 6 from cpu0: 0 valid bots
[MATCHMAKING] Processing 1 offers. Computers: cpu-1(busy=true), cpu-0.5(busy=true), cpu0(busy=false), cpu0.5(busy=true)
[MATCHMAKING] Offer 6 from cpu0: 0 valid bots
[MATCHMAKING] Processing 1 offers. Computers: cpu-1(busy=true), cpu-0.5(busy=true), cpu0(busy=false), cpu0.5(busy=true)
[MATCHMAKING] Offer 6 from cpu0: 0 valid bots
[MATCHMAKING] Processing 1 offers. Computers: cpu-1(busy=true), cpu-0.5(busy=true), cpu0(busy=false), cpu0.5(busy=true)
[MATCHMAKING] Offer 6 from cpu0: 0 valid bots
[MATCHMAKING] Processing 1 offers. Computers: cpu-1(busy=true), cpu-0.5(busy=true), cpu0(busy=false), cpu0.5(busy=true)
[MATCHMAKING] Offer 6 from cpu0: 0 valid bots
[MATCHMAKING] Processing 1 offers. Computers: cpu-1(busy=true), cpu-0.5(busy=true), cpu0(busy=false), cpu0.5(busy=true)
[MATCHMAKING] Offer 6 from cpu0: 0 valid bots
[MATCHMAKING] Processing 1 offers. Computers: cpu-1(busy=true), cpu-0.5(busy=true), cpu0(busy=false), cpu0.5(busy=true)
[MATCHMAKING] Offer 6 from cpu0: 0 valid bots
[MATCHMAKING] Processing 1 offers. Computers: cpu-1(busy=true), cpu-0.5(busy=true), cpu0(busy=false), cpu0.5(busy=true)
[MATCHMAKING] Offer 6 from cpu0: 0 valid bots
[MATCHMAKING] Processing 1 offers. Computers: cpu-1(busy=true), cpu-0.5(busy=true), cpu0(busy=false), cpu0.5(busy=true)
[MATCHMAKING] Offer 6 from cpu0: 0 valid bots
[Matchmaking] 0 idle computers, 1 active offers, 1 available players
[MATCHMAKING] Processing 1 offers. Computers: cpu-1(busy=true), cpu-0.5(busy=true), cpu0(busy=false), cpu0.5(busy=true)
[MATCHMAKING] Offer 6 from cpu0: 0 valid bots
[MATCHMAKING] Processing 1 offers. Computers: cpu-1(busy=true), cpu-0.5(busy=true), cpu0(busy=false), cpu0.5(busy=true)
[MATCHMAKING] Offer 6 from cpu0: 0 valid bots
[MATCHMAKING] Processing 1 offers. Computers: cpu-1(busy=true), cpu-0.5(busy=true), cpu0(busy=false), cpu0.5(busy=true)
[MATCHMAKING] Offer 6 from cpu0: 0 valid bots
[MATCHMAKING] Processing 1 offers. Computers: cpu-1(busy=true), cpu-0.5(busy=true), cpu0(busy=false), cpu0.5(busy=true)
[MATCHMAKING] Offer 6 from cpu0: 0 valid bots
[MATCHMAKING] Processing 1 offers. Computers: cpu-1(busy=true), cpu-0.5(busy=true), cpu0(busy=false), cpu0.5(busy=true)
[MATCHMAKING] Offer 6 from cpu0: 0 valid bots
[Matchmaking] 0 idle computers, 1 active offers, 1 available players
[MATCHMAKING] Processing 1 offers. Computers: cpu-1(busy=true), cpu-0.5(busy=true), cpu0(busy=false), cpu0.5(busy=true)
[MATCHMAKING] Offer 6 from cpu0: 0 valid bots
[MATCHMAKING] Processing 1 offers. Computers: cpu-1(busy=true), cpu-0.5(busy=true), cpu0(busy=false), cpu0.5(busy=true)
[MATCHMAKING] Offer 6 from cpu0: 0 valid bots
[MATCHMAKING] Processing 1 offers. Computers: cpu-1(busy=true), cpu-0.5(busy=true), cpu0(busy=false), cpu0.5(busy=true)
[MATCHMAKING] Offer 6 from cpu0: 0 valid bots
[Matchmaking] 0 idle computers, 1 active offers, 1 available players
[MATCHMAKING] Processing 1 offers. Computers: cpu-1(busy=true), cpu-0.5(busy=true), cpu0(busy=false), cpu0.5(busy=true)
[MATCHMAKING] Offer 6 from cpu0: 0 valid bots
[MATCHMAKING] Processing 1 offers. Computers: cpu-1(busy=true), cpu-0.5(busy=true), cpu0(busy=false), cpu0.5(busy=true)
[MATCHMAKING] Offer 6 from cpu0: 0 valid bots
[MATCHMAKING] Processing 1 offers. Computers: cpu-1(busy=true), cpu-0.5(busy=true), cpu0(busy=false), cpu0.5(busy=true)
[MATCHMAKING] Offer 6 from cpu0: 0 valid bots
[MATCHMAKING] Processing 1 offers. Computers: cpu-1(busy=true), cpu-0.5(busy=true), cpu0(busy=false), cpu0.5(busy=true)
[MATCHMAKING] Offer 6 from cpu0: 0 valid bots
[MATCHMAKING] Processing 1 offers. Computers: cpu-1(busy=true), cpu-0.5(busy=true), cpu0(busy=false), cpu0.5(busy=true)
[MATCHMAKING] Offer 6 from cpu0: 0 valid bots
[MATCHMAKING] Processing 1 offers. Computers: cpu-1(busy=true), cpu-0.5(busy=true), cpu0(busy=false), cpu0.5(busy=true)
[MATCHMAKING] Offer 6 from cpu0: 0 valid bots
[MATCHMAKING] Processing 1 offers. Computers: cpu-1(busy=true), cpu-0.5(busy=true), cpu0(busy=false), cpu0.5(busy=true)
[MATCHMAKING] Offer 6 from cpu0: 0 valid bots
[MATCHMAKING] Processing 1 offers. Computers: cpu-1(busy=true), cpu-0.5(busy=true), cpu0(busy=false), cpu0.5(busy=true)
[MATCHMAKING] Offer 6 from cpu0: 0 valid bots
[MATCHMAKING] Processing 1 offers. Computers: cpu-1(busy=true), cpu-0.5(busy=true), cpu0(busy=false), cpu0.5(busy=true)
[MATCHMAKING] Offer 6 from cpu0: 0 valid bots
[MATCHMAKING] Processing 1 offers. Computers: cpu-1(busy=true), cpu-0.5(busy=true), cpu0(busy=false), cpu0.5(busy=true)
[MATCHMAKING] Offer 6 from cpu0: 0 valid bots
[MATCHMAKING] Processing 1 offers. Computers: cpu-1(busy=true), cpu-0.5(busy=true), cpu0(busy=false), cpu0.5(busy=true)
[MATCHMAKING] Offer 6 from cpu0: 0 valid bots
[Matchmaking] 0 idle computers, 1 active offers, 1 available players
[MATCHMAKING] Processing 1 offers. Computers: cpu-1(busy=true), cpu-0.5(busy=true), cpu0(busy=false), cpu0.5(busy=true)
[MATCHMAKING] Offer 6 from cpu0: 0 valid bots
[MATCHMAKING] Processing 1 offers. Computers: cpu-1(busy=true), cpu-0.5(busy=true), cpu0(busy=false), cpu0.5(busy=true)
[MATCHMAKING] Offer 6 from cpu0: 0 valid bots
[MATCHMAKING] Processing 1 offers. Computers: cpu-1(busy=true), cpu-0.5(busy=true), cpu0(busy=false), cpu0.5(busy=true)
[MATCHMAKING] Offer 6 from cpu0: 0 valid bots
[MATCHMAKING] Processing 1 offers. Computers: cpu-1(busy=true), cpu-0.5(busy=true), cpu0(busy=false), cpu0.5(busy=true)
[MATCHMAKING] Offer 6 from cpu0: 0 valid bots
[Matchmaking] 0 idle computers, 1 active offers, 1 available players
[MATCHMAKING] Processing 1 offers. Computers: cpu-1(busy=true), cpu-0.5(busy=true), cpu0(busy=false), cpu0.5(busy=true)
[MATCHMAKING] Offer 6 from cpu0: 0 valid bots
[Matchmaking] 0 idle computers, 1 active offers, 1 available players
[MATCHMAKING] Processing 1 offers. Computers: cpu-1(busy=true), cpu-0.5(busy=true), cpu0(busy=false), cpu0.5(busy=true)
[MATCHMAKING] Offer 6 from cpu0: 0 valid bots
[MATCHMAKING] Processing 1 offers. Computers: cpu-1(busy=true), cpu-0.5(busy=true), cpu0(busy=false), cpu0.5(busy=true)
[MATCHMAKING] Offer 6 from cpu0: 0 valid bots
[MATCHMAKING] Processing 1 offers. Computers: cpu-1(busy=true), cpu-0.5(busy=true), cpu0(busy=false), cpu0.5(busy=true)
[MATCHMAKING] Offer 6 from cpu0: 0 valid bots
[Matchmaking] 0 idle computers, 1 active offers, 1 available players
[MATCHMAKING] Processing 1 offers. Computers: cpu-1(busy=true), cpu-0.5(busy=true), cpu0(busy=false), cpu0.5(busy=true)
[MATCHMAKING] Offer 6 from cpu0: 0 valid bots
[MATCHMAKING] Processing 1 offers. Computers: cpu-1(busy=true), cpu-0.5(busy=true), cpu0(busy=false), cpu0.5(busy=true)
[MATCHMAKING] Offer 6 from cpu0: 0 valid bots
[MATCHMAKING] Processing 1 offers. Computers: cpu-1(busy=true), cpu-0.5(busy=true), cpu0(busy=false), cpu0.5(busy=true)
[MATCHMAKING] Offer 6 from cpu0: 0 valid bots
[MATCHMAKING] Processing 1 offers. Computers: cpu-1(busy=true), cpu-0.5(busy=true), cpu0(busy=false), cpu0.5(busy=true)
[MATCHMAKING] Offer 6 from cpu0: 0 valid bots
[MATCHMAKING] Processing 1 offers. Computers: cpu-1(busy=true), cpu-0.5(busy=true), cpu0(busy=false), cpu0.5(busy=true)
[MATCHMAKING] Offer 6 from cpu0: 0 valid bots
[MATCHMAKING] Processing 1 offers. Computers: cpu-1(busy=true), cpu-0.5(busy=true), cpu0(busy=false), cpu0.5(busy=true)
[MATCHMAKING] Offer 6 from cpu0: 0 valid bots
[MATCHMAKING] Processing 1 offers. Computers: cpu-1(busy=true), cpu-0.5(busy=true), cpu0(busy=false), cpu0.5(busy=true)
[MATCHMAKING] Offer 6 from cpu0: 0 valid bots
[MATCHMAKING] Processing 1 offers. Computers: cpu-1(busy=true), cpu-0.5(busy=true), cpu0(busy=false), cpu0.5(busy=true)
[MATCHMAKING] Offer 6 from cpu0: 0 valid bots
[MATCHMAKING] Processing 1 offers. Computers: cpu-1(busy=true), cpu-0.5(busy=true), cpu0(busy=false), cpu0.5(busy=true)
[MATCHMAKING] Offer 6 from cpu0: 0 valid bots
[MATCHMAKING] Processing 1 offers. Computers: cpu-1(busy=true), cpu-0.5(busy=true), cpu0(busy=false), cpu0.5(busy=true)
[MATCHMAKING] Offer 6 from cpu0: 0 valid bots
[Matchmaking] 0 idle computers, 1 active offers, 1 available players
[MATCHMAKING] Processing 1 offers. Computers: cpu-1(busy=true), cpu-0.5(busy=true), cpu0(busy=false), cpu0.5(busy=true)
[MATCHMAKING] Offer 6 from cpu0: 0 valid bots
[MATCHMAKING] Processing 1 offers. Computers: cpu-1(busy=true), cpu-0.5(busy=true), cpu0(busy=false), cpu0.5(busy=true)
[MATCHMAKING] Offer 6 from cpu0: 0 valid bots
[MATCHMAKING] Processing 1 offers. Computers: cpu-1(busy=true), cpu-0.5(busy=true), cpu0(busy=false), cpu0.5(busy=true)
[MATCHMAKING] Offer 6 from cpu0: 0 valid bots
[Matchmaking] 0 idle computers, 1 active offers, 1 available players
[MATCHMAKING] Processing 1 offers. Computers: cpu-1(busy=true), cpu-0.5(busy=true), cpu0(busy=false), cpu0.5(busy=true)
[MATCHMAKING] Offer 6 from cpu0: 0 valid bots
[Matchmaking] 0 idle computers, 1 active offers, 1 available players
[MATCHMAKING] Processing 1 offers. Computers: cpu-1(busy=true), cpu-0.5(busy=true), cpu0(busy=false), cpu0.5(busy=true)
[MATCHMAKING] Offer 6 from cpu0: 0 valid bots
[MATCHMAKING] Processing 1 offers. Computers: cpu-1(busy=true), cpu-0.5(busy=true), cpu0(busy=false), cpu0.5(busy=true)
[MATCHMAKING] Offer 6 from cpu0: 0 valid bots
[MATCHMAKING] Processing 1 offers. Computers: cpu-1(busy=true), cpu-0.5(busy=true), cpu0(busy=false), cpu0.5(busy=true)
[MATCHMAKING] Offer 6 from cpu0: 0 valid bots
[Matchmaking] 0 idle computers, 1 active offers, 1 available players
[MATCHMAKING] Processing 1 offers. Computers: cpu-1(busy=true), cpu-0.5(busy=true), cpu0(busy=false), cpu0.5(busy=true)
[MATCHMAKING] Offer 6 from cpu0: 0 valid bots
[MATCHMAKING] Processing 1 offers. Computers: cpu-1(busy=true), cpu-0.5(busy=true), cpu0(busy=false), cpu0.5(busy=true)
[MATCHMAKING] Offer 6 from cpu0: 0 valid bots
[MATCHMAKING] Processing 1 offers. Computers: cpu-1(busy=true), cpu-0.5(busy=true), cpu0(busy=false), cpu0.5(busy=true)
[MATCHMAKING] Offer 6 from cpu0: 0 valid bots
[MATCHMAKING] Processing 1 offers. Computers: cpu-1(busy=true), cpu-0.5(busy=true), cpu0(busy=false), cpu0.5(busy=true)
[MATCHMAKING] Offer 6 from cpu0: 0 valid bots
[MATCHMAKING] Processing 1 offers. Computers: cpu-1(busy=true), cpu-0.5(busy=true), cpu0(busy=false), cpu0.5(busy=true)
[MATCHMAKING] Offer 6 from cpu0: 0 valid bots
[MATCHMAKING] Processing 1 offers. Computers: cpu-1(busy=true), cpu-0.5(busy=true), cpu0(busy=false), cpu0.5(busy=true)
[MATCHMAKING] Offer 6 from cpu0: 0 valid bots
[Matchmaking] 0 idle computers, 1 active offers, 1 available players
[MATCHMAKING] Processing 1 offers. Computers: cpu-1(busy=true), cpu-0.5(busy=true), cpu0(busy=false), cpu0.5(busy=true)
[MATCHMAKING] Offer 6 from cpu0: 0 valid bots
[MATCHMAKING] Processing 1 offers. Computers: cpu-1(busy=true), cpu-0.5(busy=true), cpu0(busy=false), cpu0.5(busy=true)
[MATCHMAKING] Offer 6 from cpu0: 0 valid bots
[MATCHMAKING] Processing 1 offers. Computers: cpu-1(busy=true), cpu-0.5(busy=true), cpu0(busy=false), cpu0.5(busy=true)
[MATCHMAKING] Offer 6 from cpu0: 0 valid bots
[MONITOR] Running: true, Remaining: 41.9m, ActiveGames: 0, Offers: 1
[MATCHMAKING] Processing 1 offers. Computers: cpu-1(busy=true), cpu-0.5(busy=true), cpu0(busy=false), cpu0.5(busy=true)
[MATCHMAKING] Offer 6 from cpu0: 0 valid bots
[MATCHMAKING] Processing 1 offers. Computers: cpu-1(busy=true), cpu-0.5(busy=true), cpu0(busy=false), cpu0.5(busy=true)
[MATCHMAKING] Offer 6 from cpu0: 0 valid bots
[MATCHMAKING] Processing 1 offers. Computers: cpu-1(busy=true), cpu-0.5(busy=true), cpu0(busy=false), cpu0.5(busy=true)
[MATCHMAKING] Offer 6 from cpu0: 0 valid bots
[MATCHMAKING] Processing 1 offers. Computers: cpu-1(busy=true), cpu-0.5(busy=true), cpu0(busy=false), cpu0.5(busy=true)
[MATCHMAKING] Offer 6 from cpu0: 0 valid bots
[MATCHMAKING] Processing 1 offers. Computers: cpu-1(busy=true), cpu-0.5(busy=true), cpu0(busy=false), cpu0.5(busy=true)
[MATCHMAKING] Offer 6 from cpu0: 0 valid bots
[MATCHMAKING] Processing 1 offers. Computers: cpu-1(busy=true), cpu-0.5(busy=true), cpu0(busy=false), cpu0.5(busy=true)
[MATCHMAKING] Offer 6 from cpu0: 0 valid bots
[MATCHMAKING] Processing 1 offers. Computers: cpu-1(busy=true), cpu-0.5(busy=true), cpu0(busy=false), cpu0.5(busy=true)
[MATCHMAKING] Offer 6 from cpu0: 0 valid bots
[Matchmaking] 0 idle computers, 1 active offers, 1 available players
[MATCHMAKING] Processing 1 offers. Computers: cpu-1(busy=true), cpu-0.5(busy=true), cpu0(busy=false), cpu0.5(busy=true)
[MATCHMAKING] Offer 6 from cpu0: 0 valid bots
[MATCHMAKING] Processing 1 offers. Computers: cpu-1(busy=true), cpu-0.5(busy=true), cpu0(busy=false), cpu0.5(busy=true)
[MATCHMAKING] Offer 6 from cpu0: 0 valid bots
[MATCHMAKING] Processing 1 offers. Computers: cpu-1(busy=true), cpu-0.5(busy=true), cpu0(busy=false), cpu0.5(busy=true)
[MATCHMAKING] Offer 6 from cpu0: 0 valid bots
[Matchmaking] 0 idle computers, 1 active offers, 1 available players
[MATCHMAKING] Processing 1 offers. Computers: cpu-1(busy=true), cpu-0.5(busy=true), cpu0(busy=false), cpu0.5(busy=true)
[MATCHMAKING] Offer 6 from cpu0: 0 valid bots
[MATCHMAKING] Processing 1 offers. Computers: cpu-1(busy=true), cpu-0.5(busy=true), cpu0(busy=false), cpu0.5(busy=true)
[MATCHMAKING] Offer 6 from cpu0: 0 valid bots
[Matchmaking] 0 idle computers, 1 active offers, 1 available players
[MATCHMAKING] Processing 1 offers. Computers: cpu-1(busy=true), cpu-0.5(busy=true), cpu0(busy=false), cpu0.5(busy=true)
[MATCHMAKING] Offer 6 from cpu0: 0 valid bots
[MATCHMAKING] Processing 1 offers. Computers: cpu-1(busy=true), cpu-0.5(busy=true), cpu0(busy=false), cpu0.5(busy=true)
[MATCHMAKING] Offer 6 from cpu0: 0 valid bots
[MATCHMAKING] Processing 1 offers. Computers: cpu-1(busy=true), cpu-0.5(busy=true), cpu0(busy=false), cpu0.5(busy=true)
[MATCHMAKING] Offer 6 from cpu0: 0 valid bots
[MATCHMAKING] Processing 1 offers. Computers: cpu-1(busy=true), cpu-0.5(busy=true), cpu0(busy=false), cpu0.5(busy=true)
[MATCHMAKING] Offer 6 from cpu0: 0 valid bots
[MATCHMAKING] Processing 1 offers. Computers: cpu-1(busy=true), cpu-0.5(busy=true), cpu0(busy=false), cpu0.5(busy=true)
[MATCHMAKING] Offer 6 from cpu0: 0 valid bots
[MATCHMAKING] Processing 1 offers. Computers: cpu-1(busy=true), cpu-0.5(busy=true), cpu0(busy=false), cpu0.5(busy=true)
[MATCHMAKING] Offer 6 from cpu0: 0 valid bots
[Matchmaking] 0 idle computers, 1 active offers, 1 available players
[MATCHMAKING] Processing 1 offers. Computers: cpu-1(busy=true), cpu-0.5(busy=true), cpu0(busy=false), cpu0.5(busy=true)
[MATCHMAKING] Offer 6 from cpu0: 0 valid bots
[Matchmaking] 0 idle computers, 1 active offers, 1 available players
[MATCHMAKING] Processing 1 offers. Computers: cpu-1(busy=true), cpu-0.5(busy=true), cpu0(busy=false), cpu0.5(busy=true)
[MATCHMAKING] Offer 6 from cpu0: 0 valid bots
[MATCHMAKING] Processing 1 offers. Computers: cpu-1(busy=true), cpu-0.5(busy=true), cpu0(busy=false), cpu0.5(busy=true)
[MATCHMAKING] Offer 6 from cpu0: 0 valid bots
[MATCHMAKING] Processing 1 offers. Computers: cpu-1(busy=true), cpu-0.5(busy=true), cpu0(busy=false), cpu0.5(busy=true)
[MATCHMAKING] Offer 6 from cpu0: 0 valid bots
[MATCHMAKING] Processing 1 offers. Computers: cpu-1(busy=true), cpu-0.5(busy=true), cpu0(busy=false), cpu0.5(busy=true)
[MATCHMAKING] Offer 6 from cpu0: 0 valid bots
[MATCHMAKING] Processing 1 offers. Computers: cpu-1(busy=true), cpu-0.5(busy=true), cpu0(busy=false), cpu0.5(busy=true)
[MATCHMAKING] Offer 6 from cpu0: 0 valid bots
[MATCHMAKING] Processing 1 offers. Computers: cpu-1(busy=true), cpu-0.5(busy=true), cpu0(busy=false), cpu0.5(busy=true)
[MATCHMAKING] Offer 6 from cpu0: 0 valid bots
[Matchmaking] 0 idle computers, 1 active offers, 1 available players
[MATCHMAKING] Processing 1 offers. Computers: cpu-1(busy=true), cpu-0.5(busy=true), cpu0(busy=false), cpu0.5(busy=true)
[MATCHMAKING] Offer 6 from cpu0: 0 valid bots
[Matchmaking] 0 idle computers, 1 active offers, 1 available players
[MATCHMAKING] Processing 1 offers. Computers: cpu-1(busy=true), cpu-0.5(busy=true), cpu0(busy=false), cpu0.5(busy=true)
[MATCHMAKING] Offer 6 from cpu0: 0 valid bots
[MATCHMAKING] Processing 1 offers. Computers: cpu-1(busy=true), cpu-0.5(busy=true), cpu0(busy=false), cpu0.5(busy=true)
[MATCHMAKING] Offer 6 from cpu0: 0 valid bots
[MATCHMAKING] Processing 1 offers. Computers: cpu-1(busy=true), cpu-0.5(busy=true), cpu0(busy=false), cpu0.5(busy=true)
[MATCHMAKING] Offer 6 from cpu0: 0 valid bots
[MATCHMAKING] Processing 1 offers. Computers: cpu-1(busy=true), cpu-0.5(busy=true), cpu0(busy=false), cpu0.5(busy=true)
[MATCHMAKING] Offer 6 from cpu0: 0 valid bots
[MATCHMAKING] Processing 1 offers. Computers: cpu-1(busy=true), cpu-0.5(busy=true), cpu0(busy=false), cpu0.5(busy=true)
[MATCHMAKING] Offer 6 from cpu0: 0 valid bots
[MATCHMAKING] Processing 1 offers. Computers: cpu-1(busy=true), cpu-0.5(busy=true), cpu0(busy=false), cpu0.5(busy=true)
[MATCHMAKING] Offer 6 from cpu0: 0 valid bots
[MONITOR] Running: true, Remaining: 41.4m, ActiveGames: 0, Offers: 1
[MATCHMAKING] Processing 1 offers. Computers: cpu-1(busy=true), cpu-0.5(busy=true), cpu0(busy=false), cpu0.5(busy=true)
[MATCHMAKING] Offer 6 from cpu0: 0 valid bots
[MATCHMAKING] Processing 1 offers. Computers: cpu-1(busy=true), cpu-0.5(busy=true), cpu0(busy=false), cpu0.5(busy=true)
[MATCHMAKING] Offer 6 from cpu0: 0 valid bots
[MATCHMAKING] Processing 1 offers. Computers: cpu-1(busy=true), cpu-0.5(busy=true), cpu0(busy=false), cpu0.5(busy=true)
[MATCHMAKING] Offer 6 from cpu0: 0 valid bots
[MATCHMAKING] Processing 1 offers. Computers: cpu-1(busy=true), cpu-0.5(busy=true), cpu0(busy=false), cpu0.5(busy=true)
[MATCHMAKING] Offer 6 from cpu0: 0 valid bots
[MONITOR] Running: true, Remaining: 41.3m, ActiveGames: 0, Offers: 1
[Matchmaking] 0 idle computers, 1 active offers, 1 available players
[MATCHMAKING] Processing 1 offers. Computers: cpu-1(busy=true), cpu-0.5(busy=true), cpu0(busy=false), cpu0.5(busy=true)
[MATCHMAKING] Offer 6 from cpu0: 0 valid bots
[MATCHMAKING] Processing 1 offers. Computers: cpu-1(busy=true), cpu-0.5(busy=true), cpu0(busy=false), cpu0.5(busy=true)
[MATCHMAKING] Offer 6 from cpu0: 0 valid bots
[MATCHMAKING] Processing 1 offers. Computers: cpu-1(busy=true), cpu-0.5(busy=true), cpu0(busy=false), cpu0.5(busy=true)
[MATCHMAKING] Offer 6 from cpu0: 0 valid bots
[MATCHMAKING] Processing 1 offers. Computers: cpu-1(busy=true), cpu-0.5(busy=true), cpu0(busy=false), cpu0.5(busy=true)
[MATCHMAKING] Offer 6 from cpu0: 0 valid bots
[MATCHMAKING] Processing 1 offers. Computers: cpu-1(busy=true), cpu-0.5(busy=true), cpu0(busy=false), cpu0.5(busy=true)
[MATCHMAKING] Offer 6 from cpu0: 0 valid bots
[MATCHMAKING] Processing 1 offers. Computers: cpu-1(busy=true), cpu-0.5(busy=true), cpu0(busy=false), cpu0.5(busy=true)
[MATCHMAKING] Offer 6 from cpu0: 0 valid bots
[Matchmaking] 0 idle computers, 1 active offers, 1 available players
[MATCHMAKING] Processing 1 offers. Computers: cpu-1(busy=true), cpu-0.5(busy=true), cpu0(busy=false), cpu0.5(busy=true)
[MATCHMAKING] Offer 6 from cpu0: 0 valid bots
[Matchmaking] 0 idle computers, 1 active offers, 1 available players
[MATCHMAKING] Processing 1 offers. Computers: cpu-1(busy=true), cpu-0.5(busy=true), cpu0(busy=false), cpu0.5(busy=true)
[MATCHMAKING] Offer 6 from cpu0: 0 valid bots
[MATCHMAKING] Processing 1 offers. Computers: cpu-1(busy=true), cpu-0.5(busy=true), cpu0(busy=false), cpu0.5(busy=true)
[MATCHMAKING] Offer 6 from cpu0: 0 valid bots
[MATCHMAKING] Processing 1 offers. Computers: cpu-1(busy=true), cpu-0.5(busy=true), cpu0(busy=false), cpu0.5(busy=true)
[MATCHMAKING] Offer 6 from cpu0: 0 valid bots
[Matchmaking] 0 idle computers, 1 active offers, 1 available players
[MATCHMAKING] Processing 1 offers. Computers: cpu-1(busy=true), cpu-0.5(busy=true), cpu0(busy=false), cpu0.5(busy=true)
[MATCHMAKING] Offer 6 from cpu0: 0 valid bots
[MATCHMAKING] Processing 1 offers. Computers: cpu-1(busy=true), cpu-0.5(busy=true), cpu0(busy=false), cpu0.5(busy=true)
[MATCHMAKING] Offer 6 from cpu0: 0 valid bots
[Matchmaking] 0 idle computers, 1 active offers, 1 available players
[MATCHMAKING] Processing 1 offers. Computers: cpu-1(busy=true), cpu-0.5(busy=true), cpu0(busy=false), cpu0.5(busy=true)
[MATCHMAKING] Offer 6 from cpu0: 0 valid bots
[MATCHMAKING] Processing 1 offers. Computers: cpu-1(busy=true), cpu-0.5(busy=true), cpu0(busy=false), cpu0.5(busy=true)
[MATCHMAKING] Offer 6 from cpu0: 0 valid bots
[MATCHMAKING] Processing 1 offers. Computers: cpu-1(busy=true), cpu-0.5(busy=true), cpu0(busy=false), cpu0.5(busy=true)
[MATCHMAKING] Offer 6 from cpu0: 0 valid bots
[MATCHMAKING] Processing 1 offers. Computers: cpu-1(busy=true), cpu-0.5(busy=true), cpu0(busy=false), cpu0.5(busy=true)
[MATCHMAKING] Offer 6 from cpu0: 0 valid bots
[MONITOR] Running: true, Remaining: 41.0m, ActiveGames: 0, Offers: 1
[MATCHMAKING] Processing 1 offers. Computers: cpu-1(busy=true), cpu-0.5(busy=true), cpu0(busy=false), cpu0.5(busy=true)
[MATCHMAKING] Offer 6 from cpu0: 0 valid bots
[MATCHMAKING] Processing 1 offers. Computers: cpu-1(busy=true), cpu-0.5(busy=true), cpu0(busy=false), cpu0.5(busy=true)
[MATCHMAKING] Offer 6 from cpu0: 0 valid bots
[MATCHMAKING] Processing 1 offers. Computers: cpu-1(busy=true), cpu-0.5(busy=true), cpu0(busy=false), cpu0.5(busy=true)
[MATCHMAKING] Offer 6 from cpu0: 0 valid bots
[MATCHMAKING] Processing 1 offers. Computers: cpu-1(busy=true), cpu-0.5(busy=true), cpu0(busy=false), cpu0.5(busy=true)
[MATCHMAKING] Offer 6 from cpu0: 0 valid bots
[MATCHMAKING] Processing 1 offers. Computers: cpu-1(busy=true), cpu-0.5(busy=true), cpu0(busy=false), cpu0.5(busy=true)
[MATCHMAKING] Offer 6 from cpu0: 0 valid bots
[Matchmaking] 0 idle computers, 1 active offers, 1 available players
[MATCHMAKING] Processing 1 offers. Computers: cpu-1(busy=true), cpu-0.5(busy=true), cpu0(busy=false), cpu0.5(busy=true)
[MATCHMAKING] Offer 6 from cpu0: 0 valid bots
[Matchmaking] 0 idle computers, 1 active offers, 1 available players
[MATCHMAKING] Processing 1 offers. Computers: cpu-1(busy=true), cpu-0.5(busy=true), cpu0(busy=false), cpu0.5(busy=true)
[MATCHMAKING] Offer 6 from cpu0: 0 valid bots
[MATCHMAKING] Processing 1 offers. Computers: cpu-1(busy=true), cpu-0.5(busy=true), cpu0(busy=false), cpu0.5(busy=true)
[MATCHMAKING] Offer 6 from cpu0: 0 valid bots
[MATCHMAKING] Processing 1 offers. Computers: cpu-1(busy=true), cpu-0.5(busy=true), cpu0(busy=false), cpu0.5(busy=true)
[MATCHMAKING] Offer 6 from cpu0: 0 valid bots
[MATCHMAKING] Processing 1 offers. Computers: cpu-1(busy=true), cpu-0.5(busy=true), cpu0(busy=false), cpu0.5(busy=true)
[MATCHMAKING] Offer 6 from cpu0: 0 valid bots
[MATCHMAKING] Processing 1 offers. Computers: cpu-1(busy=true), cpu-0.5(busy=true), cpu0(busy=false), cpu0.5(busy=true)
[MATCHMAKING] Offer 6 from cpu0: 0 valid bots
[MATCHMAKING] Processing 1 offers. Computers: cpu-1(busy=true), cpu-0.5(busy=true), cpu0(busy=false), cpu0.5(busy=true)
[MATCHMAKING] Offer 6 from cpu0: 0 valid bots
[MATCHMAKING] Processing 1 offers. Computers: cpu-1(busy=true), cpu-0.5(busy=true), cpu0(busy=false), cpu0.5(busy=true)
[MATCHMAKING] Offer 6 from cpu0: 0 valid bots
[Matchmaking] 0 idle computers, 1 active offers, 1 available players
[MATCHMAKING] Processing 1 offers. Computers: cpu-1(busy=true), cpu-0.5(busy=true), cpu0(busy=false), cpu0.5(busy=true)
[MATCHMAKING] Offer 6 from cpu0: 0 valid bots
[MATCHMAKING] Processing 1 offers. Computers: cpu-1(busy=true), cpu-0.5(busy=true), cpu0(busy=false), cpu0.5(busy=true)
[MATCHMAKING] Offer 6 from cpu0: 0 valid bots
[MATCHMAKING] Processing 1 offers. Computers: cpu-1(busy=true), cpu-0.5(busy=true), cpu0(busy=false), cpu0.5(busy=true)
[MATCHMAKING] Offer 6 from cpu0: 0 valid bots
[Matchmaking] 0 idle computers, 1 active offers, 1 available players
[MATCHMAKING] Processing 1 offers. Computers: cpu-1(busy=true), cpu-0.5(busy=true), cpu0(busy=false), cpu0.5(busy=true)
[MATCHMAKING] Offer 6 from cpu0: 0 valid bots
[MATCHMAKING] Processing 1 offers. Computers: cpu-1(busy=true), cpu-0.5(busy=true), cpu0(busy=false), cpu0.5(busy=true)
[MATCHMAKING] Offer 6 from cpu0: 0 valid bots
[Matchmaking] 0 idle computers, 1 active offers, 1 available players
[MATCHMAKING] Processing 1 offers. Computers: cpu-1(busy=true), cpu-0.5(busy=true), cpu0(busy=false), cpu0.5(busy=true)
[MATCHMAKING] Offer 6 from cpu0: 0 valid bots
[MONITOR] Running: true, Remaining: 40.7m, ActiveGames: 0, Offers: 1
[MATCHMAKING] Processing 1 offers. Computers: cpu-1(busy=true), cpu-0.5(busy=true), cpu0(busy=false), cpu0.5(busy=true)
[MATCHMAKING] Offer 6 from cpu0: 0 valid bots
[MATCHMAKING] Processing 1 offers. Computers: cpu-1(busy=true), cpu-0.5(busy=true), cpu0(busy=false), cpu0.5(busy=true)
[MATCHMAKING] Offer 6 from cpu0: 0 valid bots
[Matchmaking] 0 idle computers, 1 active offers, 1 available players
[MATCHMAKING] Processing 1 offers. Computers: cpu-1(busy=true), cpu-0.5(busy=true), cpu0(busy=false), cpu0.5(busy=true)
[MATCHMAKING] Offer 6 from cpu0: 0 valid bots
[MATCHMAKING] Processing 1 offers. Computers: cpu-1(busy=true), cpu-0.5(busy=true), cpu0(busy=false), cpu0.5(busy=true)
[MATCHMAKING] Offer 6 from cpu0: 0 valid bots
[MATCHMAKING] Processing 1 offers. Computers: cpu-1(busy=true), cpu-0.5(busy=true), cpu0(busy=false), cpu0.5(busy=true)
[MATCHMAKING] Offer 6 from cpu0: 0 valid bots
[MATCHMAKING] Processing 1 offers. Computers: cpu-1(busy=true), cpu-0.5(busy=true), cpu0(busy=false), cpu0.5(busy=true)
[MATCHMAKING] Offer 6 from cpu0: 0 valid bots
[MATCHMAKING] Processing 1 offers. Computers: cpu-1(busy=true), cpu-0.5(busy=true), cpu0(busy=false), cpu0.5(busy=true)
[MATCHMAKING] Offer 6 from cpu0: 0 valid bots
[Matchmaking] 0 idle computers, 1 active offers, 1 available players
[MATCHMAKING] Processing 1 offers. Computers: cpu-1(busy=true), cpu-0.5(busy=true), cpu0(busy=false), cpu0.5(busy=true)
[MATCHMAKING] Offer 6 from cpu0: 0 valid bots
[MATCHMAKING] Processing 1 offers. Computers: cpu-1(busy=true), cpu-0.5(busy=true), cpu0(busy=false), cpu0.5(busy=true)
[MATCHMAKING] Offer 6 from cpu0: 0 valid bots
[MATCHMAKING] Processing 1 offers. Computers: cpu-1(busy=true), cpu-0.5(busy=true), cpu0(busy=false), cpu0.5(busy=true)
[MATCHMAKING] Offer 6 from cpu0: 0 valid bots
[MATCHMAKING] Processing 1 offers. Computers: cpu-1(busy=true), cpu-0.5(busy=true), cpu0(busy=false), cpu0.5(busy=true)
[MATCHMAKING] Offer 6 from cpu0: 0 valid bots
[MATCHMAKING] Processing 1 offers. Computers: cpu-1(busy=true), cpu-0.5(busy=true), cpu0(busy=false), cpu0.5(busy=true)
[MATCHMAKING] Offer 6 from cpu0: 0 valid bots
[MATCHMAKING] Processing 1 offers. Computers: cpu-1(busy=true), cpu-0.5(busy=true), cpu0(busy=false), cpu0.5(busy=true)
[MATCHMAKING] Offer 6 from cpu0: 0 valid bots
[MATCHMAKING] Processing 1 offers. Computers: cpu-1(busy=true), cpu-0.5(busy=true), cpu0(busy=false), cpu0.5(busy=true)
[MATCHMAKING] Offer 6 from cpu0: 0 valid bots
[MATCHMAKING] Processing 1 offers. Computers: cpu-1(busy=true), cpu-0.5(busy=true), cpu0(busy=false), cpu0.5(busy=true)
[MATCHMAKING] Offer 6 from cpu0: 0 valid bots
[MATCHMAKING] Processing 1 offers. Computers: cpu-1(busy=true), cpu-0.5(busy=true), cpu0(busy=false), cpu0.5(busy=true)
[MATCHMAKING] Offer 6 from cpu0: 0 valid bots
[MONITOR] Running: true, Remaining: 40.4m, ActiveGames: 0, Offers: 1
[Matchmaking] 0 idle computers, 1 active offers, 1 available players
[MATCHMAKING] Processing 1 offers. Computers: cpu-1(busy=true), cpu-0.5(busy=true), cpu0(busy=false), cpu0.5(busy=true)
[MATCHMAKING] Offer 6 from cpu0: 0 valid bots
[MATCHMAKING] Processing 1 offers. Computers: cpu-1(busy=true), cpu-0.5(busy=true), cpu0(busy=false), cpu0.5(busy=true)
[MATCHMAKING] Offer 6 from cpu0: 0 valid bots
[MATCHMAKING] Processing 1 offers. Computers: cpu-1(busy=true), cpu-0.5(busy=true), cpu0(busy=false), cpu0.5(busy=true)
[MATCHMAKING] Offer 6 from cpu0: 0 valid bots
[MATCHMAKING] Processing 1 offers. Computers: cpu-1(busy=true), cpu-0.5(busy=true), cpu0(busy=false), cpu0.5(busy=true)
[MATCHMAKING] Offer 6 from cpu0: 0 valid bots
[MATCHMAKING] Processing 1 offers. Computers: cpu-1(busy=true), cpu-0.5(busy=true), cpu0(busy=false), cpu0.5(busy=true)
[MATCHMAKING] Offer 6 from cpu0: 0 valid bots
[MATCHMAKING] Processing 1 offers. Computers: cpu-1(busy=true), cpu-0.5(busy=true), cpu0(busy=false), cpu0.5(busy=true)
[MATCHMAKING] Offer 6 from cpu0: 0 valid bots
[MATCHMAKING] Processing 1 offers. Computers: cpu-1(busy=true), cpu-0.5(busy=true), cpu0(busy=false), cpu0.5(busy=true)
[MATCHMAKING] Offer 6 from cpu0: 0 valid bots
[Matchmaking] 0 idle computers, 1 active offers, 1 available players
[MATCHMAKING] Processing 1 offers. Computers: cpu-1(busy=true), cpu-0.5(busy=true), cpu0(busy=false), cpu0.5(busy=true)
[MATCHMAKING] Offer 6 from cpu0: 0 valid bots
[MATCHMAKING] Processing 1 offers. Computers: cpu-1(busy=true), cpu-0.5(busy=true), cpu0(busy=false), cpu0.5(busy=true)
[MATCHMAKING] Offer 6 from cpu0: 0 valid bots
[MATCHMAKING] Processing 1 offers. Computers: cpu-1(busy=true), cpu-0.5(busy=true), cpu0(busy=false), cpu0.5(busy=true)
[MATCHMAKING] Offer 6 from cpu0: 0 valid bots
[Matchmaking] 0 idle computers, 1 active offers, 1 available players
[MATCHMAKING] Processing 1 offers. Computers: cpu-1(busy=true), cpu-0.5(busy=true), cpu0(busy=false), cpu0.5(busy=true)
[MATCHMAKING] Offer 6 from cpu0: 0 valid bots
[MATCHMAKING] Processing 1 offers. Computers: cpu-1(busy=true), cpu-0.5(busy=true), cpu0(busy=false), cpu0.5(busy=true)
[MATCHMAKING] Offer 6 from cpu0: 0 valid bots
[MATCHMAKING] Processing 1 offers. Computers: cpu-1(busy=true), cpu-0.5(busy=true), cpu0(busy=false), cpu0.5(busy=true)
[MATCHMAKING] Offer 6 from cpu0: 0 valid bots
[MATCHMAKING] Processing 1 offers. Computers: cpu-1(busy=true), cpu-0.5(busy=true), cpu0(busy=false), cpu0.5(busy=true)
[MATCHMAKING] Offer 6 from cpu0: 0 valid bots
[MATCHMAKING] Processing 1 offers. Computers: cpu-1(busy=true), cpu-0.5(busy=true), cpu0(busy=false), cpu0.5(busy=true)
[MATCHMAKING] Offer 6 from cpu0: 0 valid bots
[MATCHMAKING] Processing 1 offers. Computers: cpu-1(busy=true), cpu-0.5(busy=true), cpu0(busy=false), cpu0.5(busy=true)
[MATCHMAKING] Offer 6 from cpu0: 0 valid bots
[MATCHMAKING] Processing 1 offers. Computers: cpu-1(busy=true), cpu-0.5(busy=true), cpu0(busy=false), cpu0.5(busy=true)
[MATCHMAKING] Offer 6 from cpu0: 0 valid bots
[MATCHMAKING] Processing 1 offers. Computers: cpu-1(busy=true), cpu-0.5(busy=true), cpu0(busy=false), cpu0.5(busy=true)
[MATCHMAKING] Offer 6 from cpu0: 0 valid bots
[Matchmaking] 0 idle computers, 1 active offers, 1 available players
[MATCHMAKING] Processing 1 offers. Computers: cpu-1(busy=true), cpu-0.5(busy=true), cpu0(busy=false), cpu0.5(busy=true)
[MATCHMAKING] Offer 6 from cpu0: 0 valid bots
[MATCHMAKING] Processing 1 offers. Computers: cpu-1(busy=true), cpu-0.5(busy=true), cpu0(busy=false), cpu0.5(busy=true)
[MATCHMAKING] Offer 6 from cpu0: 0 valid bots
[MATCHMAKING] Processing 1 offers. Computers: cpu-1(busy=true), cpu-0.5(busy=true), cpu0(busy=false), cpu0.5(busy=true)
[MATCHMAKING] Offer 6 from cpu0: 0 valid bots
[MATCHMAKING] Processing 1 offers. Computers: cpu-1(busy=true), cpu-0.5(busy=true), cpu0(busy=false), cpu0.5(busy=true)
[MATCHMAKING] Offer 6 from cpu0: 0 valid bots
[MATCHMAKING] Processing 1 offers. Computers: cpu-1(busy=true), cpu-0.5(busy=true), cpu0(busy=false), cpu0.5(busy=true)
[MATCHMAKING] Offer 6 from cpu0: 0 valid bots
[MATCHMAKING] Processing 1 offers. Computers: cpu-1(busy=true), cpu-0.5(busy=true), cpu0(busy=false), cpu0.5(busy=true)
[MATCHMAKING] Offer 6 from cpu0: 0 valid bots
[MATCHMAKING] Processing 1 offers. Computers: cpu-1(busy=true), cpu-0.5(busy=true), cpu0(busy=false), cpu0.5(busy=true)
[MATCHMAKING] Offer 6 from cpu0: 0 valid bots
[MATCHMAKING] Processing 1 offers. Computers: cpu-1(busy=true), cpu-0.5(busy=true), cpu0(busy=false), cpu0.5(busy=true)
[MATCHMAKING] Offer 6 from cpu0: 0 valid bots
[MATCHMAKING] Processing 1 offers. Computers: cpu-1(busy=true), cpu-0.5(busy=true), cpu0(busy=false), cpu0.5(busy=true)
[MATCHMAKING] Offer 6 from cpu0: 0 valid bots
[MATCHMAKING] Processing 1 offers. Computers: cpu-1(busy=true), cpu-0.5(busy=true), cpu0(busy=false), cpu0.5(busy=true)
[MATCHMAKING] Offer 6 from cpu0: 0 valid bots
[MATCHMAKING] Processing 1 offers. Computers: cpu-1(busy=true), cpu-0.5(busy=true), cpu0(busy=false), cpu0.5(busy=true)
[MATCHMAKING] Offer 6 from cpu0: 0 valid bots
[MATCHMAKING] Processing 1 offers. Computers: cpu-1(busy=true), cpu-0.5(busy=true), cpu0(busy=false), cpu0.5(busy=true)
[MATCHMAKING] Offer 6 from cpu0: 0 valid bots
[MATCHMAKING] Processing 1 offers. Computers: cpu-1(busy=true), cpu-0.5(busy=true), cpu0(busy=false), cpu0.5(busy=true)
[MATCHMAKING] Offer 6 from cpu0: 0 valid bots
[MATCHMAKING] Processing 1 offers. Computers: cpu-1(busy=true), cpu-0.5(busy=true), cpu0(busy=false), cpu0.5(busy=true)
[MATCHMAKING] Offer 6 from cpu0: 0 valid bots
[MATCHMAKING] Processing 1 offers. Computers: cpu-1(busy=true), cpu-0.5(busy=true), cpu0(busy=false), cpu0.5(busy=true)
[MATCHMAKING] Offer 6 from cpu0: 0 valid bots
[MATCHMAKING] Processing 1 offers. Computers: cpu-1(busy=true), cpu-0.5(busy=true), cpu0(busy=false), cpu0.5(busy=true)
[MATCHMAKING] Offer 6 from cpu0: 0 valid bots
[MATCHMAKING] Processing 1 offers. Computers: cpu-1(busy=true), cpu-0.5(busy=true), cpu0(busy=false), cpu0.5(busy=true)
[MATCHMAKING] Offer 6 from cpu0: 0 valid bots
[MATCHMAKING] Processing 1 offers. Computers: cpu-1(busy=true), cpu-0.5(busy=true), cpu0(busy=false), cpu0.5(busy=true)
[MATCHMAKING] Offer 6 from cpu0: 0 valid bots
[MATCHMAKING] Processing 1 offers. Computers: cpu-1(busy=true), cpu-0.5(busy=true), cpu0(busy=false), cpu0.5(busy=true)
[MATCHMAKING] Offer 6 from cpu0: 0 valid bots
[MATCHMAKING] Processing 1 offers. Computers: cpu-1(busy=true), cpu-0.5(busy=true), cpu0(busy=false), cpu0.5(busy=true)
[MATCHMAKING] Offer 6 from cpu0: 0 valid bots
[MATCHMAKING] Processing 1 offers. Computers: cpu-1(busy=true), cpu-0.5(busy=true), cpu0(busy=false), cpu0.5(busy=true)
[MATCHMAKING] Offer 6 from cpu0: 0 valid bots
[MATCHMAKING] Processing 1 offers. Computers: cpu-1(busy=true), cpu-0.5(busy=true), cpu0(busy=false), cpu0.5(busy=true)
[MATCHMAKING] Offer 6 from cpu0: 0 valid bots
[MATCHMAKING] Processing 1 offers. Computers: cpu-1(busy=true), cpu-0.5(busy=true), cpu0(busy=false), cpu0.5(busy=true)
[MATCHMAKING] Offer 6 from cpu0: 0 valid bots
[Matchmaking] 0 idle computers, 1 active offers, 1 available players
[MATCHMAKING] Processing 1 offers. Computers: cpu-1(busy=true), cpu-0.5(busy=true), cpu0(busy=false), cpu0.5(busy=true)
[MATCHMAKING] Offer 6 from cpu0: 0 valid bots
[Matchmaking] 0 idle computers, 1 active offers, 1 available players
[MATCHMAKING] Processing 1 offers. Computers: cpu-1(busy=true), cpu-0.5(busy=true), cpu0(busy=false), cpu0.5(busy=true)
[MATCHMAKING] Offer 6 from cpu0: 0 valid bots
[MATCHMAKING] Processing 1 offers. Computers: cpu-1(busy=true), cpu-0.5(busy=true), cpu0(busy=false), cpu0.5(busy=true)
[MATCHMAKING] Offer 6 from cpu0: 0 valid bots
[MATCHMAKING] Processing 1 offers. Computers: cpu-1(busy=true), cpu-0.5(busy=true), cpu0(busy=false), cpu0.5(busy=true)
[MATCHMAKING] Offer 6 from cpu0: 0 valid bots
[MATCHMAKING] Processing 1 offers. Computers: cpu-1(busy=true), cpu-0.5(busy=true), cpu0(busy=false), cpu0.5(busy=true)
[MATCHMAKING] Offer 6 from cpu0: 0 valid bots
[MATCHMAKING] Processing 1 offers. Computers: cpu-1(busy=true), cpu-0.5(busy=true), cpu0(busy=false), cpu0.5(busy=true)
[MATCHMAKING] Offer 6 from cpu0: 0 valid bots
[MATCHMAKING] Processing 1 offers. Computers: cpu-1(busy=true), cpu-0.5(busy=true), cpu0(busy=false), cpu0.5(busy=true)
[MATCHMAKING] Offer 6 from cpu0: 0 valid bots
[Matchmaking] 0 idle computers, 1 active offers, 1 available players
[MATCHMAKING] Processing 1 offers. Computers: cpu-1(busy=true), cpu-0.5(busy=true), cpu0(busy=false), cpu0.5(busy=true)
[MATCHMAKING] Offer 6 from cpu0: 0 valid bots
[Matchmaking] 0 idle computers, 1 active offers, 1 available players
[MATCHMAKING] Processing 1 offers. Computers: cpu-1(busy=true), cpu-0.5(busy=true), cpu0(busy=false), cpu0.5(busy=true)
[MATCHMAKING] Offer 6 from cpu0: 0 valid bots
[Matchmaking] 0 idle computers, 1 active offers, 1 available players
[MATCHMAKING] Processing 1 offers. Computers: cpu-1(busy=true), cpu-0.5(busy=true), cpu0(busy=false), cpu0.5(busy=true)
[MATCHMAKING] Offer 6 from cpu0: 0 valid bots
[MATCHMAKING] Processing 1 offers. Computers: cpu-1(busy=true), cpu-0.5(busy=true), cpu0(busy=false), cpu0.5(busy=true)
[MATCHMAKING] Offer 6 from cpu0: 0 valid bots
[MATCHMAKING] Processing 1 offers. Computers: cpu-1(busy=true), cpu-0.5(busy=true), cpu0(busy=false), cpu0.5(busy=true)
[MATCHMAKING] Offer 6 from cpu0: 0 valid bots
[Matchmaking] 0 idle computers, 1 active offers, 1 available players
[MATCHMAKING] Processing 1 offers. Computers: cpu-1(busy=true), cpu-0.5(busy=true), cpu0(busy=false), cpu0.5(busy=true)
[MATCHMAKING] Offer 6 from cpu0: 0 valid bots
[MATCHMAKING] Processing 1 offers. Computers: cpu-1(busy=true), cpu-0.5(busy=true), cpu0(busy=false), cpu0.5(busy=true)
[MATCHMAKING] Offer 6 from cpu0: 0 valid bots
[MATCHMAKING] Processing 1 offers. Computers: cpu-1(busy=true), cpu-0.5(busy=true), cpu0(busy=false), cpu0.5(busy=true)
[MATCHMAKING] Offer 6 from cpu0: 0 valid bots
[Matchmaking] 0 idle computers, 1 active offers, 1 available players
[MATCHMAKING] Processing 1 offers. Computers: cpu-1(busy=true), cpu-0.5(busy=true), cpu0(busy=false), cpu0.5(busy=true)
[MATCHMAKING] Offer 6 from cpu0: 0 valid bots
[Matchmaking] 0 idle computers, 1 active offers, 1 available players
[MATCHMAKING] Processing 1 offers. Computers: cpu-1(busy=true), cpu-0.5(busy=true), cpu0(busy=false), cpu0.5(busy=true)
[MATCHMAKING] Offer 6 from cpu0: 0 valid bots
[MATCHMAKING] Processing 1 offers. Computers: cpu-1(busy=true), cpu-0.5(busy=true), cpu0(busy=false), cpu0.5(busy=true)
[MATCHMAKING] Offer 6 from cpu0: 0 valid bots
[Matchmaking] 0 idle computers, 1 active offers, 1 available players
[MATCHMAKING] Processing 1 offers. Computers: cpu-1(busy=true), cpu-0.5(busy=true), cpu0(busy=false), cpu0.5(busy=true)
[MATCHMAKING] Offer 6 from cpu0: 0 valid bots
[MATCHMAKING] Processing 1 offers. Computers: cpu-1(busy=true), cpu-0.5(busy=true), cpu0(busy=false), cpu0.5(busy=true)
[MATCHMAKING] Offer 6 from cpu0: 0 valid bots
[MATCHMAKING] Processing 1 offers. Computers: cpu-1(busy=true), cpu-0.5(busy=true), cpu0(busy=false), cpu0.5(busy=true)
[MATCHMAKING] Offer 6 from cpu0: 0 valid bots
[Matchmaking] 0 idle computers, 1 active offers, 1 available players
[MATCHMAKING] Processing 1 offers. Computers: cpu-1(busy=true), cpu-0.5(busy=true), cpu0(busy=false), cpu0.5(busy=true)
[MATCHMAKING] Offer 6 from cpu0: 0 valid bots
[MATCHMAKING] Processing 1 offers. Computers: cpu-1(busy=true), cpu-0.5(busy=true), cpu0(busy=false), cpu0.5(busy=true)
[MATCHMAKING] Offer 6 from cpu0: 0 valid bots
[Matchmaking] 0 idle computers, 1 active offers, 1 available players
[MATCHMAKING] Processing 1 offers. Computers: cpu-1(busy=true), cpu-0.5(busy=true), cpu0(busy=false), cpu0.5(busy=true)
[MATCHMAKING] Offer 6 from cpu0: 0 valid bots
[MATCHMAKING] Processing 1 offers. Computers: cpu-1(busy=true), cpu-0.5(busy=true), cpu0(busy=false), cpu0.5(busy=true)
[MATCHMAKING] Offer 6 from cpu0: 0 valid bots
[MATCHMAKING] Processing 1 offers. Computers: cpu-1(busy=true), cpu-0.5(busy=true), cpu0(busy=false), cpu0.5(busy=true)
[MATCHMAKING] Offer 6 from cpu0: 0 valid bots
[MATCHMAKING] Processing 1 offers. Computers: cpu-1(busy=true), cpu-0.5(busy=true), cpu0(busy=false), cpu0.5(busy=true)
[MATCHMAKING] Offer 6 from cpu0: 0 valid bots
[MATCHMAKING] Processing 1 offers. Computers: cpu-1(busy=true), cpu-0.5(busy=true), cpu0(busy=false), cpu0.5(busy=true)
[MATCHMAKING] Offer 6 from cpu0: 0 valid bots
[MATCHMAKING] Processing 1 offers. Computers: cpu-1(busy=true), cpu-0.5(busy=true), cpu0(busy=false), cpu0.5(busy=true)
[MATCHMAKING] Offer 6 from cpu0: 0 valid bots
[MATCHMAKING] Processing 1 offers. Computers: cpu-1(busy=true), cpu-0.5(busy=true), cpu0(busy=false), cpu0.5(busy=true)
[MATCHMAKING] Offer 6 from cpu0: 0 valid bots
[MATCHMAKING] Processing 1 offers. Computers: cpu-1(busy=true), cpu-0.5(busy=true), cpu0(busy=false), cpu0.5(busy=true)
[MATCHMAKING] Offer 6 from cpu0: 0 valid bots
[MATCHMAKING] Processing 1 offers. Computers: cpu-1(busy=true), cpu-0.5(busy=true), cpu0(busy=false), cpu0.5(busy=true)
[MATCHMAKING] Offer 6 from cpu0: 0 valid bots
[MATCHMAKING] Processing 1 offers. Computers: cpu-1(busy=true), cpu-0.5(busy=true), cpu0(busy=false), cpu0.5(busy=true)
[MATCHMAKING] Offer 6 from cpu0: 0 valid bots
[MATCHMAKING] Processing 1 offers. Computers: cpu-1(busy=true), cpu-0.5(busy=true), cpu0(busy=false), cpu0.5(busy=true)
[MATCHMAKING] Offer 6 from cpu0: 0 valid bots
[Matchmaking] 0 idle computers, 1 active offers, 1 available players
[MATCHMAKING] Processing 1 offers. Computers: cpu-1(busy=true), cpu-0.5(busy=true), cpu0(busy=false), cpu0.5(busy=true)
[MATCHMAKING] Offer 6 from cpu0: 0 valid bots
[MATCHMAKING] Processing 1 offers. Computers: cpu-1(busy=true), cpu-0.5(busy=true), cpu0(busy=false), cpu0.5(busy=true)
[MATCHMAKING] Offer 6 from cpu0: 0 valid bots
[Matchmaking] 0 idle computers, 1 active offers, 1 available players
[MATCHMAKING] Processing 1 offers. Computers: cpu-1(busy=true), cpu-0.5(busy=true), cpu0(busy=false), cpu0.5(busy=true)
[MATCHMAKING] Offer 6 from cpu0: 0 valid bots
[MATCHMAKING] Processing 1 offers. Computers: cpu-1(busy=true), cpu-0.5(busy=true), cpu0(busy=false), cpu0.5(busy=true)
[MATCHMAKING] Offer 6 from cpu0: 0 valid bots
[MATCHMAKING] Processing 1 offers. Computers: cpu-1(busy=true), cpu-0.5(busy=true), cpu0(busy=false), cpu0.5(busy=true)
[MATCHMAKING] Offer 6 from cpu0: 0 valid bots
[MATCHMAKING] Processing 1 offers. Computers: cpu-1(busy=true), cpu-0.5(busy=true), cpu0(busy=false), cpu0.5(busy=true)
[MATCHMAKING] Offer 6 from cpu0: 0 valid bots
[Matchmaking] 0 idle computers, 1 active offers, 1 available players
[MATCHMAKING] Processing 1 offers. Computers: cpu-1(busy=true), cpu-0.5(busy=true), cpu0(busy=false), cpu0.5(busy=true)
[MATCHMAKING] Offer 6 from cpu0: 0 valid bots
[MATCHMAKING] Processing 1 offers. Computers: cpu-1(busy=true), cpu-0.5(busy=true), cpu0(busy=false), cpu0.5(busy=true)
[MATCHMAKING] Offer 6 from cpu0: 0 valid bots
[MATCHMAKING] Processing 1 offers. Computers: cpu-1(busy=true), cpu-0.5(busy=true), cpu0(busy=false), cpu0.5(busy=true)
[MATCHMAKING] Offer 6 from cpu0: 0 valid bots
[MATCHMAKING] Processing 1 offers. Computers: cpu-1(busy=true), cpu-0.5(busy=true), cpu0(busy=false), cpu0.5(busy=true)
[MATCHMAKING] Offer 6 from cpu0: 0 valid bots
[MATCHMAKING] Processing 1 offers. Computers: cpu-1(busy=true), cpu-0.5(busy=true), cpu0(busy=false), cpu0.5(busy=true)
[MATCHMAKING] Offer 6 from cpu0: 0 valid bots
[MATCHMAKING] Processing 1 offers. Computers: cpu-1(busy=true), cpu-0.5(busy=true), cpu0(busy=false), cpu0.5(busy=true)
[MATCHMAKING] Offer 6 from cpu0: 0 valid bots
[MATCHMAKING] Processing 1 offers. Computers: cpu-1(busy=true), cpu-0.5(busy=true), cpu0(busy=false), cpu0.5(busy=true)
[MATCHMAKING] Offer 6 from cpu0: 0 valid bots
[MONITOR] Running: true, Remaining: 39.0m, ActiveGames: 0, Offers: 1
[MATCHMAKING] Processing 1 offers. Computers: cpu-1(busy=true), cpu-0.5(busy=true), cpu0(busy=false), cpu0.5(busy=true)
[MATCHMAKING] Offer 6 from cpu0: 0 valid bots
[Matchmaking] 0 idle computers, 1 active offers, 1 available players
[MATCHMAKING] Processing 1 offers. Computers: cpu-1(busy=true), cpu-0.5(busy=true), cpu0(busy=false), cpu0.5(busy=true)
[MATCHMAKING] Offer 6 from cpu0: 0 valid bots
[Matchmaking] 0 idle computers, 1 active offers, 1 available players
[MATCHMAKING] Processing 1 offers. Computers: cpu-1(busy=true), cpu-0.5(busy=true), cpu0(busy=false), cpu0.5(busy=true)
[MATCHMAKING] Offer 6 from cpu0: 0 valid bots
[MATCHMAKING] Processing 1 offers. Computers: cpu-1(busy=true), cpu-0.5(busy=true), cpu0(busy=false), cpu0.5(busy=true)
[MATCHMAKING] Offer 6 from cpu0: 0 valid bots
=======
[COMPUTER] Setting UCI_Chess960 to true
[DEBUG_MOVE] Turn switch: isWhiteTurn=false, whiteType=computer, blackType=computer
[DEBUG_MOVE] nextPlayerType=computer, computerExists=true, isGameOver=false
[DEBUG_MOVE] computerPlayers.white=true, computerPlayers.black=true
[DEBUG_MOVE] Triggering computer move! Retry: 0
[COMPUTER] Scheduling move for Black in 0ms
[COMPUTER] Time check - Game clock: 600000ms, Tournament: 515803ms
[COMPUTER] Using tournament time (515803ms) instead of game clock (600000ms)
[COMPUTER] Level -1: Using game's getLegalMoves, found 20 moves
[COMPUTER] Level -1: Selected move b7b6, thinking for 5126ms
[COMPUTER] Bestmove: f2f4, eval: 163, took: 1228ms
[COMPUTER] Move 'f2f4' confirmed after 1228ms. Playing immediately.
[DEBUG_MOVE] Turn switch: isWhiteTurn=false, whiteType=computer, blackType=computer
[DEBUG_MOVE] nextPlayerType=computer, computerExists=true, isGameOver=false
[DEBUG_MOVE] computerPlayers.white=true, computerPlayers.black=true
[DEBUG_MOVE] Triggering computer move! Retry: 0
[COMPUTER] Scheduling move for Black in 0ms
[COMPUTER] Starting multi-move ponder...
[SimpleEngine] getLegalMovesForBoard: found 19 moves for Black from board:
[COMPUTER] Multi-pondering 8 moves: c8b6, c8d6, h8g6, a7a6, a7a5, b7b6, b7b5, c7c6
[COMPUTER] Time check - Game clock: 60000ms, Tournament: 515283ms
[SimpleEngine] getLegalMovesForBoard: found 19 moves for Black from board:
[SimpleEngine] getLegalMovesForBoard: found 19 moves for White from board:
[SimpleEngine] getLegalMovesForBoard: found 19 moves for White from board:
[SimpleEngine] getLegalMovesForBoard: found 19 moves for White from board:
[SimpleEngine] getLegalMovesForBoard: found 20 moves for White from board:
[SimpleEngine] getLegalMovesForBoard: found 18 moves for White from board:
[SimpleEngine] getLegalMovesForBoard: found 19 moves for White from board:
[SimpleEngine] getLegalMovesForBoard: found 19 moves for White from board:
[SimpleEngine] getLegalMovesForBoard: found 19 moves for White from board:
[SimpleEngine] getLegalMovesForBoard: found 19 moves for White from board:
[SimpleEngine] getLegalMovesForBoard: found 19 moves for White from board:
[SimpleEngine] getLegalMovesForBoard: found 20 moves for White from board:
[SimpleEngine] getLegalMovesForBoard: found 19 moves for White from board:
[SimpleEngine] getLegalMovesForBoard: found 19 moves for White from board:
[SimpleEngine] getLegalMovesForBoard: found 19 moves for White from board:
[SimpleEngine] getLegalMovesForBoard: found 19 moves for White from board:
[SimpleEngine] getLegalMovesForBoard: found 19 moves for White from board:
[SimpleEngine] getLegalMovesForBoard: found 19 moves for White from board:
[SimpleEngine] getLegalMovesForBoard: found 19 moves for White from board:
[SimpleEngine] getLegalMovesForBoard: found 19 moves for White from board:
[COMPUTER] Level -0.5 (minimax), calc took 67ms, waiting 3350ms (50x)
[COMPUTER] Ponder c8b6 -> e2e3 (206ms total)
[COMPUTER] Ponder c8d6 -> h1g3 (218ms total)
[COMPUTER] Ponder h8g6 -> e2e3 (220ms total)
[Matchmaking] 0 idle computers, 0 active offers, 1 available players
[COMPUTER] Ponder a7a6 -> h1g3 (217ms total)
[COMPUTER] Ponder a7a5 -> e2e3 (203ms total)
[COMPUTER] Ponder b7b6 -> h1g3 (217ms total)
[COMPUTER] Ponder b7b5 -> f2f3 (217ms total)
[COMPUTER] Ponder c7c6 -> f2f3 (208ms total)
[COMPUTER] Ponder c8b6 -> h1g3 (413ms total)
[COMPUTER] Ponder c8b6 -> h1g3 (623ms total)
[COMPUTER] Ponder c8b6 -> h1g3 (838ms total)
[COMPUTER] Ponder c8b6 -> b2b3 (1044ms total)
[Matchmaking] 0 idle computers, 0 active offers, 1 available players
[COMPUTER] Ponder c8d6 -> f2f3 (467ms total)
[COMPUTER] Ponder c8b6 -> b2b3 (1249ms total)
[COMPUTER] Ponder c8b6 -> b2b3 (1457ms total)
[DEBUG_MOVE] Turn switch: isWhiteTurn=true, whiteType=computer, blackType=computer
[DEBUG_MOVE] nextPlayerType=computer, computerExists=true, isGameOver=false
[DEBUG_MOVE] computerPlayers.white=true, computerPlayers.black=true
[DEBUG_MOVE] Triggering computer move! Retry: 0
[COMPUTER] Scheduling move for White in 0ms
[COMPUTER] Time check - Game clock: 58768ms, Tournament: 511865ms
[COMPUTER] Stopping ponder to start search
[COMPUTER] Ponder search stopped.
[COMPUTER] Level 0.5, remaining: 58768ms, consistency: 235ms
[COMPUTER] Bestmove: f4f5, eval: 180, took: 5ms
[COMPUTER] Move 'f4f5' confirmed after 5ms. Playing immediately.
[DEBUG_MOVE] Turn switch: isWhiteTurn=false, whiteType=computer, blackType=computer
[DEBUG_MOVE] nextPlayerType=computer, computerExists=true, isGameOver=false
[DEBUG_MOVE] computerPlayers.white=true, computerPlayers.black=true
[DEBUG_MOVE] Triggering computer move! Retry: 0
[COMPUTER] Scheduling move for Black in 0ms
[COMPUTER] Starting multi-move ponder...
[SimpleEngine] getLegalMovesForBoard: found 18 moves for Black from board:
[COMPUTER] Multi-pondering 8 moves: c8b6, c8d6, a7a6, a7a5, b7b6, b7b5, c7c6, c7c5
[COMPUTER] Time check - Game clock: 56579ms, Tournament: 511841ms
[SimpleEngine] getLegalMovesForBoard: found 19 moves for Black from board:
[SimpleEngine] getLegalMovesForBoard: found 21 moves for White from board:
[SimpleEngine] getLegalMovesForBoard: found 21 moves for White from board:
[SimpleEngine] getLegalMovesForBoard: found 22 moves for White from board:
[SimpleEngine] getLegalMovesForBoard: found 20 moves for White from board:
[SimpleEngine] getLegalMovesForBoard: found 21 moves for White from board:
[SimpleEngine] getLegalMovesForBoard: found 21 moves for White from board:
[SimpleEngine] getLegalMovesForBoard: found 21 moves for White from board:
[SimpleEngine] getLegalMovesForBoard: found 21 moves for White from board:
[SimpleEngine] getLegalMovesForBoard: found 21 moves for White from board:
[SimpleEngine] getLegalMovesForBoard: found 21 moves for White from board:
[SimpleEngine] getLegalMovesForBoard: found 19 moves for White from board:
[SimpleEngine] getLegalMovesForBoard: found 21 moves for White from board:
[SimpleEngine] getLegalMovesForBoard: found 21 moves for White from board:
[SimpleEngine] getLegalMovesForBoard: found 19 moves for White from board:
[SimpleEngine] getLegalMovesForBoard: found 20 moves for White from board:
[SimpleEngine] getLegalMovesForBoard: found 21 moves for White from board:
[SimpleEngine] getLegalMovesForBoard: found 21 moves for White from board:
[SimpleEngine] getLegalMovesForBoard: found 21 moves for White from board:
[SimpleEngine] getLegalMovesForBoard: found 20 moves for White from board:
[COMPUTER] Level -0.5 (minimax), calc took 50ms, waiting 2500ms (50x)
[COMPUTER] Ponder c8b6 -> e2e4 (208ms total)
[COMPUTER] Ponder c8d6 -> g2g4 (218ms total)
[COMPUTER] Ponder a7a6 -> f5g6 (218ms total)
[COMPUTER] Ponder a7a5 -> e2e4 (212ms total)
[COMPUTER] Ponder b7b6 -> f2f4 (214ms total)
[DEBUG_MOVE] Turn switch: isWhiteTurn=true, whiteType=computer, blackType=computer
[DEBUG_MOVE] nextPlayerType=computer, computerExists=true, isGameOver=false
[DEBUG_MOVE] computerPlayers.white=true, computerPlayers.black=true
[DEBUG_MOVE] Triggering computer move! Retry: 0
[COMPUTER] Scheduling move for White in 0ms
[COMPUTER] Time check - Game clock: 588337ms, Tournament: 510674ms
[COMPUTER] Using tournament time (510674ms) instead of game clock (588337ms)
[COMPUTER] Level 0: Using game's getLegalMoves, found 30 moves
[COMPUTER] Level 0: Selected move e4e5, thinking for 10210ms
[COMPUTER] Ponder b7b5 -> f5g6 (209ms total)
[COMPUTER] Ponder c7c6 -> f2f3 (215ms total)
[COMPUTER] Ponder c7c5 -> f2f4 (219ms total)
[COMPUTER] Ponder c8b6 -> f2f4 (426ms total)
[COMPUTER] Ponder c8b6 -> b2b3 (669ms total)
[COMPUTER] Ponder c8b6 -> b2b3 (884ms total)
[DEBUG_MOVE] Turn switch: isWhiteTurn=true, whiteType=computer, blackType=computer
[DEBUG_MOVE] nextPlayerType=computer, computerExists=true, isGameOver=false
[DEBUG_MOVE] computerPlayers.white=true, computerPlayers.black=true
[DEBUG_MOVE] Triggering computer move! Retry: 0
[COMPUTER] Scheduling move for White in 0ms
[COMPUTER] Time check - Game clock: 58752ms, Tournament: 509290ms
[COMPUTER] Stopping ponder to start search
[COMPUTER] Ponder search stopped.
[COMPUTER] Level 0.5, remaining: 58752ms, consistency: 235ms
[COMPUTER] Bestmove: b2b3, eval: 275, took: 10ms
[COMPUTER] Move 'b2b3' confirmed after 10ms. Playing immediately.
[DEBUG_MOVE] Turn switch: isWhiteTurn=false, whiteType=computer, blackType=computer
[DEBUG_MOVE] nextPlayerType=computer, computerExists=true, isGameOver=false
[DEBUG_MOVE] computerPlayers.white=true, computerPlayers.black=true
[DEBUG_MOVE] Triggering computer move! Retry: 0
[COMPUTER] Scheduling move for Black in 0ms
[COMPUTER] Starting multi-move ponder...
[SimpleEngine] getLegalMovesForBoard: found 17 moves for Black from board:
[COMPUTER] Multi-pondering 8 moves: a7a6, a7a5, c7c6, c7c5, d7d6, d7d5, e7e6, e7e5
[COMPUTER] Time check - Game clock: 54019ms, Tournament: 509272ms
[SimpleEngine] getLegalMovesForBoard: found 20 moves for Black from board:
[SimpleEngine] getLegalMovesForBoard: found 19 moves for White from board:
[SimpleEngine] getLegalMovesForBoard: found 18 moves for White from board:
[SimpleEngine] getLegalMovesForBoard: found 19 moves for White from board:
[SimpleEngine] getLegalMovesForBoard: found 19 moves for White from board:
[SimpleEngine] getLegalMovesForBoard: found 19 moves for White from board:
[SimpleEngine] getLegalMovesForBoard: found 19 moves for White from board:
[SimpleEngine] getLegalMovesForBoard: found 19 moves for White from board:
[SimpleEngine] getLegalMovesForBoard: found 19 moves for White from board:
[SimpleEngine] getLegalMovesForBoard: found 19 moves for White from board:
[SimpleEngine] getLegalMovesForBoard: found 19 moves for White from board:
[SimpleEngine] getLegalMovesForBoard: found 19 moves for White from board:
[SimpleEngine] getLegalMovesForBoard: found 19 moves for White from board:
[SimpleEngine] getLegalMovesForBoard: found 19 moves for White from board:
[SimpleEngine] getLegalMovesForBoard: found 18 moves for White from board:
[SimpleEngine] getLegalMovesForBoard: found 17 moves for White from board:
[SimpleEngine] getLegalMovesForBoard: found 19 moves for White from board:
[SimpleEngine] getLegalMovesForBoard: found 17 moves for White from board:
[SimpleEngine] getLegalMovesForBoard: found 20 moves for White from board:
[SimpleEngine] getLegalMovesForBoard: found 19 moves for White from board:
[SimpleEngine] getLegalMovesForBoard: found 18 moves for White from board:
[COMPUTER] Level -0.5 (minimax), calc took 6ms, waiting 300ms (50x)
[COMPUTER] Ponder a7a6 -> e2e4 (214ms total)
[DEBUG_MOVE] Turn switch: isWhiteTurn=true, whiteType=computer, blackType=computer
[DEBUG_MOVE] nextPlayerType=computer, computerExists=true, isGameOver=false
[DEBUG_MOVE] computerPlayers.white=true, computerPlayers.black=true
[DEBUG_MOVE] Triggering computer move! Retry: 0
[COMPUTER] Scheduling move for White in 0ms
[COMPUTER] Time check - Game clock: 58735ms, Tournament: 508958ms
[COMPUTER] Stopping ponder to start search
[COMPUTER] Ponder search stopped.
[COMPUTER] Level 0.5, remaining: 58735ms, consistency: 234ms
[COMPUTER] Bestmove: f1f4, eval: 622, took: 6ms
[COMPUTER] Move 'f1f4' confirmed after 6ms. Playing immediately.
[DEBUG_MOVE] Turn switch: isWhiteTurn=false, whiteType=computer, blackType=computer
[DEBUG_MOVE] nextPlayerType=computer, computerExists=true, isGameOver=false
[DEBUG_MOVE] computerPlayers.white=true, computerPlayers.black=true
[DEBUG_MOVE] Triggering computer move! Retry: 0
[COMPUTER] Scheduling move for Black in 0ms
[COMPUTER] Starting multi-move ponder...
[SimpleEngine] getLegalMovesForBoard: found 16 moves for Black from board:
[COMPUTER] Multi-pondering 8 moves: a7a6, a7a5, c7c6, c7c5, d7d6, d7d5, e7e6, e7e5
[COMPUTER] Time check - Game clock: 53705ms, Tournament: 508882ms
[SimpleEngine] getLegalMovesForBoard: found 18 moves for Black from board:
[SimpleEngine] getLegalMovesForBoard: found 26 moves for White from board:
[SimpleEngine] getLegalMovesForBoard: found 25 moves for White from board:
[SimpleEngine] getLegalMovesForBoard: found 25 moves for White from board:
[SimpleEngine] getLegalMovesForBoard: found 25 moves for White from board:
[SimpleEngine] getLegalMovesForBoard: found 24 moves for White from board:
[SimpleEngine] getLegalMovesForBoard: found 25 moves for White from board:
[SimpleEngine] getLegalMovesForBoard: found 26 moves for White from board:
[SimpleEngine] getLegalMovesForBoard: found 23 moves for White from board:
[SimpleEngine] getLegalMovesForBoard: found 25 moves for White from board:
[SimpleEngine] getLegalMovesForBoard: found 25 moves for White from board:
[SimpleEngine] getLegalMovesForBoard: found 25 moves for White from board:
[SimpleEngine] getLegalMovesForBoard: found 25 moves for White from board:
[SimpleEngine] getLegalMovesForBoard: found 25 moves for White from board:
[SimpleEngine] getLegalMovesForBoard: found 25 moves for White from board:
[SimpleEngine] getLegalMovesForBoard: found 25 moves for White from board:
[SimpleEngine] getLegalMovesForBoard: found 25 moves for White from board:
[SimpleEngine] getLegalMovesForBoard: found 25 moves for White from board:
[SimpleEngine] getLegalMovesForBoard: found 25 moves for White from board:
[COMPUTER] Level -0.5 (minimax), calc took 31ms, waiting 1550ms (50x)
[COMPUTER] Ponder a7a6 -> e2e4 (210ms total)
[COMPUTER] Ponder a7a5 -> e2e4 (209ms total)
[COMPUTER] Ponder c7c6 -> e2e3 (222ms total)
[COMPUTER] Ponder c7c5 -> c1d3 (230ms total)
[COMPUTER] Ponder d7d6 -> h1g3 (208ms total)
[COMPUTER] Ponder d7d5 -> e2e3 (231ms total)
[DEBUG_MOVE] Turn switch: isWhiteTurn=true, whiteType=computer, blackType=computer
[DEBUG_MOVE] nextPlayerType=computer, computerExists=true, isGameOver=false
[DEBUG_MOVE] computerPlayers.white=true, computerPlayers.black=true
[DEBUG_MOVE] Triggering computer move! Retry: 0
[COMPUTER] Scheduling move for White in 0ms
[COMPUTER] Time check - Game clock: 58659ms, Tournament: 507298ms
[COMPUTER] Stopping ponder to start search
[COMPUTER] Ponder search stopped.
[COMPUTER] Level 0.5, remaining: 58659ms, consistency: 234ms
[COMPUTER] Bestmove: h1g3, eval: 769, took: 6ms
[COMPUTER] Move 'h1g3' confirmed after 6ms. Playing immediately.
[DEBUG_MOVE] Turn switch: isWhiteTurn=false, whiteType=computer, blackType=computer
[DEBUG_MOVE] nextPlayerType=computer, computerExists=true, isGameOver=false
[DEBUG_MOVE] computerPlayers.white=true, computerPlayers.black=true
[DEBUG_MOVE] Triggering computer move! Retry: 0
[COMPUTER] Scheduling move for Black in 0ms
[COMPUTER] Starting multi-move ponder...
[SimpleEngine] getLegalMovesForBoard: found 15 moves for Black from board:
[COMPUTER] Multi-pondering 8 moves: a7a6, a7a5, c7c6, c7c5, d7d6, e7e6, e7e5, f7f6
[COMPUTER] Time check - Game clock: 52123ms, Tournament: 507198ms
[SimpleEngine] getLegalMovesForBoard: found 18 moves for Black from board:
[SimpleEngine] getLegalMovesForBoard: found 25 moves for White from board:
[SimpleEngine] getLegalMovesForBoard: found 24 moves for White from board:
[SimpleEngine] getLegalMovesForBoard: found 24 moves for White from board:
[SimpleEngine] getLegalMovesForBoard: found 24 moves for White from board:
[SimpleEngine] getLegalMovesForBoard: found 24 moves for White from board:
[SimpleEngine] getLegalMovesForBoard: found 24 moves for White from board:
[SimpleEngine] getLegalMovesForBoard: found 24 moves for White from board:
[SimpleEngine] getLegalMovesForBoard: found 22 moves for White from board:
[SimpleEngine] getLegalMovesForBoard: found 24 moves for White from board:
[SimpleEngine] getLegalMovesForBoard: found 25 moves for White from board:
[SimpleEngine] getLegalMovesForBoard: found 24 moves for White from board:
[SimpleEngine] getLegalMovesForBoard: found 24 moves for White from board:
[SimpleEngine] getLegalMovesForBoard: found 24 moves for White from board:
[SimpleEngine] getLegalMovesForBoard: found 20 moves for White from board:
[SimpleEngine] getLegalMovesForBoard: found 24 moves for White from board:
[SimpleEngine] getLegalMovesForBoard: found 24 moves for White from board:
[SimpleEngine] getLegalMovesForBoard: found 24 moves for White from board:
[SimpleEngine] getLegalMovesForBoard: found 23 moves for White from board:
[COMPUTER] Level -0.5 (minimax), calc took 14ms, waiting 700ms (50x)
[COMPUTER] Ponder a7a6 -> e2e4 (223ms total)
[COMPUTER] Ponder a7a5 -> d2d4 (207ms total)
[COMPUTER] Ponder c7c6 -> h2h4 (257ms total)
[DEBUG_MOVE] Turn switch: isWhiteTurn=true, whiteType=computer, blackType=computer
[DEBUG_MOVE] nextPlayerType=computer, computerExists=true, isGameOver=false
[DEBUG_MOVE] computerPlayers.white=true, computerPlayers.black=true
[DEBUG_MOVE] Triggering computer move! Retry: 0
[COMPUTER] Scheduling move for White in 0ms
[COMPUTER] Time check - Game clock: 58558ms, Tournament: 506481ms
[COMPUTER] Stopping ponder to start search
[Matchmaking] 0 idle computers, 0 active offers, 1 available players
[COMPUTER] Ponder stop timed out after 5s — forcing proceed
[COMPUTER] Level 0.5, remaining: 58558ms, consistency: 234ms
[COMPUTER] Bestmove: e2e4, eval: 829, took: 24ms
[COMPUTER] Move 'e2e4' confirmed after 24ms. Playing immediately.
[DEBUG_MOVE] Turn switch: isWhiteTurn=false, whiteType=computer, blackType=computer
[DEBUG_MOVE] nextPlayerType=computer, computerExists=true, isGameOver=false
[DEBUG_MOVE] computerPlayers.white=true, computerPlayers.black=true
[DEBUG_MOVE] Triggering computer move! Retry: 0
[COMPUTER] Scheduling move for Black in 0ms
[COMPUTER] Starting multi-move ponder...
[SimpleEngine] getLegalMovesForBoard: found 18 moves for Black from board:
[COMPUTER] Multi-pondering 8 moves: a7a6, a7a5, c7c6, c7c5, d7c6, d7d6, d7e6, e7e6
[COMPUTER] Time check - Game clock: 51407ms, Tournament: 501449ms
[SimpleEngine] getLegalMovesForBoard: found 23 moves for Black from board:
[SimpleEngine] getLegalMovesForBoard: found 17 moves for White from board:
[SimpleEngine] getLegalMovesForBoard: found 19 moves for White from board:
[SimpleEngine] getLegalMovesForBoard: found 19 moves for White from board:
[SimpleEngine] getLegalMovesForBoard: found 19 moves for White from board:
[SimpleEngine] getLegalMovesForBoard: found 19 moves for White from board:
[SimpleEngine] getLegalMovesForBoard: found 19 moves for White from board:
[SimpleEngine] getLegalMovesForBoard: found 20 moves for White from board:
[SimpleEngine] getLegalMovesForBoard: found 19 moves for White from board:
[SimpleEngine] getLegalMovesForBoard: found 20 moves for White from board:
[SimpleEngine] getLegalMovesForBoard: found 19 moves for White from board:
[SimpleEngine] getLegalMovesForBoard: found 19 moves for White from board:
[SimpleEngine] getLegalMovesForBoard: found 19 moves for White from board:
[SimpleEngine] getLegalMovesForBoard: found 20 moves for White from board:
[SimpleEngine] getLegalMovesForBoard: found 19 moves for White from board:
[SimpleEngine] getLegalMovesForBoard: found 19 moves for White from board:
[SimpleEngine] getLegalMovesForBoard: found 18 moves for White from board:
[SimpleEngine] getLegalMovesForBoard: found 18 moves for White from board:
[SimpleEngine] getLegalMovesForBoard: found 19 moves for White from board:
[SimpleEngine] getLegalMovesForBoard: found 19 moves for White from board:
[SimpleEngine] getLegalMovesForBoard: found 19 moves for White from board:
[SimpleEngine] getLegalMovesForBoard: found 19 moves for White from board:
[SimpleEngine] getLegalMovesForBoard: found 19 moves for White from board:
[SimpleEngine] getLegalMovesForBoard: found 19 moves for White from board:
[COMPUTER] Level -0.5 (minimax), calc took 32ms, waiting 1600ms (50x)
[COMPUTER] Ponder a7a6 -> c1d3 (207ms total)
[COMPUTER] Ponder a7a5 -> f2f3 (203ms total)
[COMPUTER] Ponder c7c6 -> c1d3 (217ms total)
[COMPUTER] Ponder c7c5 -> d2d3 (219ms total)
[DEBUG_MOVE] Turn switch: isWhiteTurn=false, whiteType=computer, blackType=computer
[DEBUG_MOVE] nextPlayerType=computer, computerExists=true, isGameOver=false
[DEBUG_MOVE] computerPlayers.white=true, computerPlayers.black=true
[DEBUG_MOVE] Triggering computer move! Retry: 0
[COMPUTER] Scheduling move for Black in 0ms
[COMPUTER] Time check - Game clock: 594871ms, Tournament: 500461ms
[COMPUTER] Using tournament time (500461ms) instead of game clock (594871ms)
[COMPUTER] Level -1: Using game's getLegalMoves, found 20 moves
[COMPUTER] Level -1: Selected move c7c6, thinking for 5002ms
[COMPUTER] Ponder d7c6 -> c2c3 (444ms total)
[COMPUTER] Ponder d7d6 -> f2f3 (213ms total)
[DEBUG_MOVE] Turn switch: isWhiteTurn=true, whiteType=computer, blackType=computer
[DEBUG_MOVE] nextPlayerType=computer, computerExists=true, isGameOver=false
[DEBUG_MOVE] computerPlayers.white=true, computerPlayers.black=true
[DEBUG_MOVE] Triggering computer move! Retry: 0
[COMPUTER] Scheduling move for White in 0ms
[COMPUTER] Time check - Game clock: 53528ms, Tournament: 499814ms
[COMPUTER] Stopping ponder to start search
[COMPUTER] Ponder search stopped.
[COMPUTER] Level 0.5, remaining: 53528ms, consistency: 214ms
[COMPUTER] Bestmove: f4f2, eval: 765, took: 5ms
[COMPUTER] Move 'f4f2' confirmed after 5ms. Playing immediately.
[DEBUG_MOVE] Turn switch: isWhiteTurn=false, whiteType=computer, blackType=computer
[DEBUG_MOVE] nextPlayerType=computer, computerExists=true, isGameOver=false
[DEBUG_MOVE] computerPlayers.white=true, computerPlayers.black=true
[DEBUG_MOVE] Triggering computer move! Retry: 0
[COMPUTER] Scheduling move for Black in 0ms
[COMPUTER] Starting multi-move ponder...
[SimpleEngine] getLegalMovesForBoard: found 18 moves for Black from board:
[COMPUTER] Multi-pondering 8 moves: a7a6, a7a5, c7c6, c7c5, d7c6, d7d6, d7e6, e7e6
[COMPUTER] Time check - Game clock: 49771ms, Tournament: 499801ms
[SimpleEngine] getLegalMovesForBoard: found 22 moves for Black from board:
[SimpleEngine] getLegalMovesForBoard: found 16 moves for White from board:
[SimpleEngine] getLegalMovesForBoard: found 17 moves for White from board:
[SimpleEngine] getLegalMovesForBoard: found 17 moves for White from board:
[SimpleEngine] getLegalMovesForBoard: found 17 moves for White from board:
[SimpleEngine] getLegalMovesForBoard: found 17 moves for White from board:
[SimpleEngine] getLegalMovesForBoard: found 17 moves for White from board:
[SimpleEngine] getLegalMovesForBoard: found 16 moves for White from board:
[SimpleEngine] getLegalMovesForBoard: found 17 moves for White from board:
[SimpleEngine] getLegalMovesForBoard: found 17 moves for White from board:
[SimpleEngine] getLegalMovesForBoard: found 15 moves for White from board:
[SimpleEngine] getLegalMovesForBoard: found 17 moves for White from board:
[SimpleEngine] getLegalMovesForBoard: found 18 moves for White from board:
[SimpleEngine] getLegalMovesForBoard: found 17 moves for White from board:
[SimpleEngine] getLegalMovesForBoard: found 18 moves for White from board:
[SimpleEngine] getLegalMovesForBoard: found 16 moves for White from board:
[SimpleEngine] getLegalMovesForBoard: found 17 moves for White from board:
[SimpleEngine] getLegalMovesForBoard: found 17 moves for White from board:
[SimpleEngine] getLegalMovesForBoard: found 17 moves for White from board:
[SimpleEngine] getLegalMovesForBoard: found 17 moves for White from board:
[SimpleEngine] getLegalMovesForBoard: found 17 moves for White from board:
[SimpleEngine] getLegalMovesForBoard: found 17 moves for White from board:
[SimpleEngine] getLegalMovesForBoard: found 17 moves for White from board:
[COMPUTER] Level -0.5 (minimax), calc took 11ms, waiting 550ms (50x)
[COMPUTER] Ponder a7a6 -> e2e3 (206ms total)
[COMPUTER] Ponder a7a5 -> h2h4 (228ms total)
[DEBUG_MOVE] Turn switch: isWhiteTurn=true, whiteType=computer, blackType=computer
[DEBUG_MOVE] nextPlayerType=computer, computerExists=true, isGameOver=false
[DEBUG_MOVE] computerPlayers.white=true, computerPlayers.black=true
[DEBUG_MOVE] Triggering computer move! Retry: 0
[COMPUTER] Scheduling move for White in 0ms
[COMPUTER] Time check - Game clock: 53515ms, Tournament: 499239ms
[COMPUTER] Stopping ponder to start search
[COMPUTER] Ponder search stopped.
[COMPUTER] Level 0.5, remaining: 53515ms, consistency: 214ms
[COMPUTER] Bestmove: c1d3, eval: 857, took: 7ms
[COMPUTER] Move 'c1d3' confirmed after 7ms. Playing immediately.
[DEBUG_MOVE] Turn switch: isWhiteTurn=false, whiteType=computer, blackType=computer
[DEBUG_MOVE] nextPlayerType=computer, computerExists=true, isGameOver=false
[DEBUG_MOVE] computerPlayers.white=true, computerPlayers.black=true
[DEBUG_MOVE] Triggering computer move! Retry: 0
[COMPUTER] Scheduling move for Black in 0ms
[COMPUTER] Starting multi-move ponder...
[SimpleEngine] getLegalMovesForBoard: found 17 moves for Black from board:
[COMPUTER] Multi-pondering 8 moves: a7a6, a7a5, c7c6, c7c5, d7c6, d7d6, d7e6, e7e6
[COMPUTER] Time check - Game clock: 49208ms, Tournament: 499224ms
[SimpleEngine] getLegalMovesForBoard: found 22 moves for Black from board:
[SimpleEngine] getLegalMovesForBoard: found 18 moves for White from board:
[SimpleEngine] getLegalMovesForBoard: found 18 moves for White from board:
[SimpleEngine] getLegalMovesForBoard: found 18 moves for White from board:
[SimpleEngine] getLegalMovesForBoard: found 18 moves for White from board:
[SimpleEngine] getLegalMovesForBoard: found 19 moves for White from board:
[SimpleEngine] getLegalMovesForBoard: found 18 moves for White from board:
[SimpleEngine] getLegalMovesForBoard: found 18 moves for White from board:
[SimpleEngine] getLegalMovesForBoard: found 18 moves for White from board:
[SimpleEngine] getLegalMovesForBoard: found 18 moves for White from board:
[SimpleEngine] getLegalMovesForBoard: found 18 moves for White from board:
[SimpleEngine] getLegalMovesForBoard: found 18 moves for White from board:
[SimpleEngine] getLegalMovesForBoard: found 18 moves for White from board:
[SimpleEngine] getLegalMovesForBoard: found 17 moves for White from board:
[SimpleEngine] getLegalMovesForBoard: found 17 moves for White from board:
[SimpleEngine] getLegalMovesForBoard: found 18 moves for White from board:
[SimpleEngine] getLegalMovesForBoard: found 17 moves for White from board:
[SimpleEngine] getLegalMovesForBoard: found 18 moves for White from board:
[SimpleEngine] getLegalMovesForBoard: found 19 moves for White from board:
[SimpleEngine] getLegalMovesForBoard: found 18 moves for White from board:
[SimpleEngine] getLegalMovesForBoard: found 18 moves for White from board:
[SimpleEngine] getLegalMovesForBoard: found 18 moves for White from board:
[SimpleEngine] getLegalMovesForBoard: found 17 moves for White from board:
[COMPUTER] Level -0.5 (minimax), calc took 7ms, waiting 350ms (50x)
[COMPUTER] Ponder a7a6 -> c2c3 (213ms total)
[DEBUG_MOVE] Turn switch: isWhiteTurn=true, whiteType=computer, blackType=computer
[DEBUG_MOVE] nextPlayerType=computer, computerExists=true, isGameOver=false
[DEBUG_MOVE] computerPlayers.white=true, computerPlayers.black=true
[DEBUG_MOVE] Triggering computer move! Retry: 0
[COMPUTER] Scheduling move for White in 0ms
[COMPUTER] Time check - Game clock: 53501ms, Tournament: 498865ms
[COMPUTER] Stopping ponder to start search
[COMPUTER] Ponder search stopped.
[COMPUTER] Level 0.5, remaining: 53501ms, consistency: 214ms
[COMPUTER] Bestmove: a1g7, eval: 948, took: 6ms
[COMPUTER] Move 'a1g7' confirmed after 6ms. Playing immediately.
[DEBUG_MOVE] Turn switch: isWhiteTurn=false, whiteType=computer, blackType=computer
[DEBUG_MOVE] nextPlayerType=computer, computerExists=true, isGameOver=false
[DEBUG_MOVE] computerPlayers.white=true, computerPlayers.black=true
[DEBUG_MOVE] Triggering computer move! Retry: 0
[COMPUTER] Scheduling move for Black in 0ms
[COMPUTER] Starting multi-move ponder...
[SimpleEngine] getLegalMovesForBoard: found 19 moves for Black from board:
[COMPUTER] Multi-pondering 8 moves: g8f6, a7a6, a7a5, c7c6, c7c5, d7c6, d7d6, d7e6
[COMPUTER] Time check - Game clock: 48848ms, Tournament: 498788ms
[SimpleEngine] getLegalMovesForBoard: found 26 moves for Black from board:
[SimpleEngine] getLegalMovesForBoard: found 31 moves for White from board:
[SimpleEngine] getLegalMovesForBoard: found 30 moves for White from board:
[SimpleEngine] getLegalMovesForBoard: found 29 moves for White from board:
[SimpleEngine] getLegalMovesForBoard: found 30 moves for White from board:
[SimpleEngine] getLegalMovesForBoard: found 27 moves for White from board:
[SimpleEngine] getLegalMovesForBoard: found 30 moves for White from board:
[SimpleEngine] getLegalMovesForBoard: found 30 moves for White from board:
[SimpleEngine] getLegalMovesForBoard: found 28 moves for White from board:
[SimpleEngine] getLegalMovesForBoard: found 30 moves for White from board:
[SimpleEngine] getLegalMovesForBoard: found 30 moves for White from board:
[SimpleEngine] getLegalMovesForBoard: found 30 moves for White from board:
[SimpleEngine] getLegalMovesForBoard: found 30 moves for White from board:
[SimpleEngine] getLegalMovesForBoard: found 30 moves for White from board:
[SimpleEngine] getLegalMovesForBoard: found 31 moves for White from board:
[SimpleEngine] getLegalMovesForBoard: found 30 moves for White from board:
[SimpleEngine] getLegalMovesForBoard: found 30 moves for White from board:
[SimpleEngine] getLegalMovesForBoard: found 30 moves for White from board:
[SimpleEngine] getLegalMovesForBoard: found 32 moves for White from board:
[SimpleEngine] getLegalMovesForBoard: found 30 moves for White from board:
[SimpleEngine] getLegalMovesForBoard: found 31 moves for White from board:
[SimpleEngine] getLegalMovesForBoard: found 30 moves for White from board:
[SimpleEngine] getLegalMovesForBoard: found 30 moves for White from board:
[SimpleEngine] getLegalMovesForBoard: found 30 moves for White from board:
[SimpleEngine] getLegalMovesForBoard: found 30 moves for White from board:
[SimpleEngine] getLegalMovesForBoard: found 27 moves for White from board:
[SimpleEngine] getLegalMovesForBoard: found 30 moves for White from board:
[COMPUTER] Level -0.5 (minimax), calc took 11ms, waiting 550ms (50x)
[COMPUTER] Ponder g8f6 -> e4e5 (212ms total)
[COMPUTER] Ponder a7a6 -> g7d4 (211ms total)
[DEBUG_MOVE] Turn switch: isWhiteTurn=true, whiteType=computer, blackType=computer
[DEBUG_MOVE] nextPlayerType=computer, computerExists=true, isGameOver=false
[DEBUG_MOVE] computerPlayers.white=true, computerPlayers.black=true
[DEBUG_MOVE] Triggering computer move! Retry: 0
[COMPUTER] Scheduling move for White in 0ms
[COMPUTER] Time check - Game clock: 53423ms, Tournament: 498225ms
[COMPUTER] Stopping ponder to start search
[COMPUTER] Ponder search stopped.
[COMPUTER] Level 0.5, remaining: 53423ms, consistency: 213ms
[COMPUTER] Bestmove: g7f8, eval: 1151, took: 6ms
[COMPUTER] Move 'g7f8' confirmed after 6ms. Playing immediately.
[DEBUG_MOVE] Turn switch: isWhiteTurn=false, whiteType=computer, blackType=computer
[DEBUG_MOVE] nextPlayerType=computer, computerExists=true, isGameOver=false
[DEBUG_MOVE] computerPlayers.white=true, computerPlayers.black=true
[DEBUG_MOVE] Triggering computer move! Retry: 0
[COMPUTER] Scheduling move for Black in 0ms
[COMPUTER] Starting multi-move ponder...
[SimpleEngine] getLegalMovesForBoard: found 1 moves for Black from board:
[COMPUTER] Multi-pondering 1 moves: e8f8
[COMPUTER] Time check - Game clock: 48287ms, Tournament: 498206ms
[SimpleEngine] getLegalMovesForBoard: found 1 moves for Black from board:
[SimpleEngine] getLegalMovesForBoard: found 25 moves for White from board:
[COMPUTER] Level -0.5 (minimax), calc took 1ms, waiting 50ms (50x)
[DEBUG_MOVE] Turn switch: isWhiteTurn=true, whiteType=computer, blackType=computer
[DEBUG_MOVE] nextPlayerType=computer, computerExists=true, isGameOver=false
[DEBUG_MOVE] computerPlayers.white=true, computerPlayers.black=true
[DEBUG_MOVE] Triggering computer move! Retry: 0
[COMPUTER] Scheduling move for White in 0ms
[COMPUTER] Time check - Game clock: 53405ms, Tournament: 498155ms
[COMPUTER] Stopping ponder to start search
[COMPUTER] Ponder search stopped.
[COMPUTER] Level 0.5, remaining: 53405ms, consistency: 213ms
[COMPUTER] Bestmove: f8h6, eval: 1513, took: 6ms
[COMPUTER] Move 'f8h6' confirmed after 6ms. Playing immediately.
[DEBUG_MOVE] Turn switch: isWhiteTurn=false, whiteType=computer, blackType=computer
[DEBUG_MOVE] nextPlayerType=computer, computerExists=true, isGameOver=false
[DEBUG_MOVE] computerPlayers.white=true, computerPlayers.black=true
[DEBUG_MOVE] Triggering computer move! Retry: 0
[COMPUTER] Scheduling move for Black in 0ms
[COMPUTER] Starting multi-move ponder...
[SimpleEngine] getLegalMovesForBoard: found 23 moves for Black from board:
[COMPUTER] Multi-pondering 8 moves: e8f8, g8f6, g8h6, a7a6, a7a5, c7c6, c7c5, d7d6
[COMPUTER] Time check - Game clock: 48234ms, Tournament: 498115ms
[SimpleEngine] getLegalMovesForBoard: found 21 moves for Black from board:
[SimpleEngine] getLegalMovesForBoard: found 32 moves for White from board:
[SimpleEngine] getLegalMovesForBoard: found 32 moves for White from board:
[SimpleEngine] getLegalMovesForBoard: found 31 moves for White from board:
[SimpleEngine] getLegalMovesForBoard: found 28 moves for White from board:
[SimpleEngine] getLegalMovesForBoard: found 32 moves for White from board:
[SimpleEngine] getLegalMovesForBoard: found 30 moves for White from board:
[SimpleEngine] getLegalMovesForBoard: found 30 moves for White from board:
[SimpleEngine] getLegalMovesForBoard: found 33 moves for White from board:
[SimpleEngine] getLegalMovesForBoard: found 32 moves for White from board:
[SimpleEngine] getLegalMovesForBoard: found 34 moves for White from board:
[SimpleEngine] getLegalMovesForBoard: found 32 moves for White from board:
[SimpleEngine] getLegalMovesForBoard: found 33 moves for White from board:
[SimpleEngine] getLegalMovesForBoard: found 31 moves for White from board:
[SimpleEngine] getLegalMovesForBoard: found 28 moves for White from board:
[SimpleEngine] getLegalMovesForBoard: found 32 moves for White from board:
[SimpleEngine] getLegalMovesForBoard: found 33 moves for White from board:
[SimpleEngine] getLegalMovesForBoard: found 31 moves for White from board:
[SimpleEngine] getLegalMovesForBoard: found 33 moves for White from board:
[SimpleEngine] getLegalMovesForBoard: found 33 moves for White from board:
[SimpleEngine] getLegalMovesForBoard: found 33 moves for White from board:
[SimpleEngine] getLegalMovesForBoard: found 29 moves for White from board:
[COMPUTER] Level -0.5 (minimax), calc took 9ms, waiting 450ms (50x)
[COMPUTER] Ponder e8f8 -> h6h5 (207ms total)
[COMPUTER] Ponder g8f6 -> h6g7 (203ms total)
[DEBUG_MOVE] Turn switch: isWhiteTurn=true, whiteType=computer, blackType=computer
[DEBUG_MOVE] nextPlayerType=computer, computerExists=true, isGameOver=false
[DEBUG_MOVE] computerPlayers.white=true, computerPlayers.black=true
[DEBUG_MOVE] Triggering computer move! Retry: 0
[COMPUTER] Scheduling move for White in 0ms
[COMPUTER] Time check - Game clock: 53366ms, Tournament: 497653ms
[COMPUTER] Stopping ponder to start search
[COMPUTER] Ponder search stopped.
[COMPUTER] Level 0.5, remaining: 53366ms, consistency: 213ms
[COMPUTER] Bestmove: f2f5, eval: 1621, took: 5ms
[COMPUTER] Move 'f2f5' confirmed after 5ms. Playing immediately.
[DEBUG_MOVE] Turn switch: isWhiteTurn=false, whiteType=computer, blackType=computer
[DEBUG_MOVE] nextPlayerType=computer, computerExists=true, isGameOver=false
[DEBUG_MOVE] computerPlayers.white=true, computerPlayers.black=true
[DEBUG_MOVE] Triggering computer move! Retry: 0
[COMPUTER] Scheduling move for Black in 0ms
[COMPUTER] Starting multi-move ponder...
[SimpleEngine] getLegalMovesForBoard: found 19 moves for Black from board:
[COMPUTER] Multi-pondering 8 moves: g8f6, g8h6, a7a6, a7a5, c7c6, c7c5, d7c6, d7d6
[COMPUTER] Time check - Game clock: 47774ms, Tournament: 497639ms
[SimpleEngine] getLegalMovesForBoard: found 19 moves for Black from board:
[SimpleEngine] getLegalMovesForBoard: found 36 moves for White from board:
[SimpleEngine] getLegalMovesForBoard: found 39 moves for White from board:
[SimpleEngine] getLegalMovesForBoard: found 36 moves for White from board:
[SimpleEngine] getLegalMovesForBoard: found 37 moves for White from board:
[SimpleEngine] getLegalMovesForBoard: found 34 moves for White from board:
[SimpleEngine] getLegalMovesForBoard: found 36 moves for White from board:
[SimpleEngine] getLegalMovesForBoard: found 36 moves for White from board:
[SimpleEngine] getLegalMovesForBoard: found 37 moves for White from board:
[SimpleEngine] getLegalMovesForBoard: found 37 moves for White from board:
[SimpleEngine] getLegalMovesForBoard: found 33 moves for White from board:
[SimpleEngine] getLegalMovesForBoard: found 31 moves for White from board:
[SimpleEngine] getLegalMovesForBoard: found 36 moves for White from board:
[SimpleEngine] getLegalMovesForBoard: found 38 moves for White from board:
[SimpleEngine] getLegalMovesForBoard: found 36 moves for White from board:
[SimpleEngine] getLegalMovesForBoard: found 35 moves for White from board:
[SimpleEngine] getLegalMovesForBoard: found 33 moves for White from board:
[SimpleEngine] getLegalMovesForBoard: found 34 moves for White from board:
[SimpleEngine] getLegalMovesForBoard: found 35 moves for White from board:
[SimpleEngine] getLegalMovesForBoard: found 38 moves for White from board:
[COMPUTER] Level -0.5 (minimax), calc took 10ms, waiting 500ms (50x)
[COMPUTER] Ponder g8f6 -> h6g5 (203ms total)
[COMPUTER] Ponder g8h6 -> f5g5 (212ms total)
[DEBUG_MOVE] Turn switch: isWhiteTurn=true, whiteType=computer, blackType=computer
[DEBUG_MOVE] nextPlayerType=computer, computerExists=true, isGameOver=false
[DEBUG_MOVE] computerPlayers.white=true, computerPlayers.black=true
[DEBUG_MOVE] Triggering computer move! Retry: 0
[COMPUTER] Scheduling move for White in 0ms
[COMPUTER] Time check - Game clock: 53352ms, Tournament: 497126ms
[COMPUTER] Stopping ponder to start search
[COMPUTER] Ponder search stopped.
[COMPUTER] Level 0.5, remaining: 53352ms, consistency: 213ms
[COMPUTER] Bestmove: d3e5, eval: 1919, took: 10ms
[COMPUTER] Move 'd3e5' confirmed after 10ms. Playing immediately.
[DEBUG_MOVE] Turn switch: isWhiteTurn=false, whiteType=computer, blackType=computer
[DEBUG_MOVE] nextPlayerType=computer, computerExists=true, isGameOver=false
[DEBUG_MOVE] computerPlayers.white=true, computerPlayers.black=true
[DEBUG_MOVE] Triggering computer move! Retry: 0
[COMPUTER] Scheduling move for Black in 0ms
[COMPUTER] Starting multi-move ponder...
[SimpleEngine] getLegalMovesForBoard: found 17 moves for Black from board:
[COMPUTER] Multi-pondering 8 moves: g8f6, g8h6, a7a6, a7a5, c7c6, c7c5, d7c6, d7d6
[COMPUTER] Time check - Game clock: 47260ms, Tournament: 497075ms
[SimpleEngine] getLegalMovesForBoard: found 20 moves for Black from board:
[SimpleEngine] getLegalMovesForBoard: found 34 moves for White from board:
[SimpleEngine] getLegalMovesForBoard: found 36 moves for White from board:
[SimpleEngine] getLegalMovesForBoard: found 36 moves for White from board:
[SimpleEngine] getLegalMovesForBoard: found 36 moves for White from board:
[SimpleEngine] getLegalMovesForBoard: found 39 moves for White from board:
[SimpleEngine] getLegalMovesForBoard: found 36 moves for White from board:
[SimpleEngine] getLegalMovesForBoard: found 36 moves for White from board:
[SimpleEngine] getLegalMovesForBoard: found 36 moves for White from board:
[SimpleEngine] getLegalMovesForBoard: found 36 moves for White from board:
[SimpleEngine] getLegalMovesForBoard: found 36 moves for White from board:
[SimpleEngine] getLegalMovesForBoard: found 36 moves for White from board:
[SimpleEngine] getLegalMovesForBoard: found 36 moves for White from board:
[SimpleEngine] getLegalMovesForBoard: found 34 moves for White from board:
[SimpleEngine] getLegalMovesForBoard: found 36 moves for White from board:
[SimpleEngine] getLegalMovesForBoard: found 36 moves for White from board:
[SimpleEngine] getLegalMovesForBoard: found 34 moves for White from board:
[SimpleEngine] getLegalMovesForBoard: found 36 moves for White from board:
[SimpleEngine] getLegalMovesForBoard: found 36 moves for White from board:
[SimpleEngine] getLegalMovesForBoard: found 36 moves for White from board:
[SimpleEngine] getLegalMovesForBoard: found 36 moves for White from board:
[COMPUTER] Level -0.5 (minimax), calc took 10ms, waiting 500ms (50x)
[COMPUTER] Ponder g8f6 -> h6g5 (209ms total)
[COMPUTER] Ponder g8h6 -> f2f4 (207ms total)
[DEBUG_MOVE] Turn switch: isWhiteTurn=true, whiteType=computer, blackType=computer
[DEBUG_MOVE] nextPlayerType=computer, computerExists=true, isGameOver=false
[DEBUG_MOVE] computerPlayers.white=true, computerPlayers.black=true
[DEBUG_MOVE] Triggering computer move! Retry: 0
[COMPUTER] Scheduling move for White in 0ms
[COMPUTER] Time check - Game clock: 53301ms, Tournament: 496563ms
[COMPUTER] Stopping ponder to start search
[COMPUTER] Ponder search stopped.
[COMPUTER] Level 0.5, remaining: 53301ms, consistency: 213ms
[COMPUTER] Bestmove: e5f7, eval: 1976, took: 6ms
[COMPUTER] Move 'e5f7' confirmed after 6ms. Playing immediately.
[DEBUG_MOVE] Turn switch: isWhiteTurn=false, whiteType=computer, blackType=computer
[DEBUG_MOVE] nextPlayerType=computer, computerExists=true, isGameOver=false
[DEBUG_MOVE] computerPlayers.white=true, computerPlayers.black=true
[DEBUG_MOVE] Triggering computer move! Retry: 0
[COMPUTER] Scheduling move for Black in 0ms
[COMPUTER] Starting multi-move ponder...
[SimpleEngine] getLegalMovesForBoard: found 18 moves for Black from board:
[COMPUTER] Multi-pondering 8 moves: g8f6, g8h6, a7a6, a7a5, c7c6, c7c5, g7g6, g7h6
[COMPUTER] Time check - Game clock: 46748ms, Tournament: 496535ms
[SimpleEngine] getLegalMovesForBoard: found 21 moves for Black from board:
[SimpleEngine] getLegalMovesForBoard: found 38 moves for White from board:
[SimpleEngine] getLegalMovesForBoard: found 35 moves for White from board:
[SimpleEngine] getLegalMovesForBoard: found 35 moves for White from board:
[SimpleEngine] getLegalMovesForBoard: found 33 moves for White from board:
[SimpleEngine] getLegalMovesForBoard: found 34 moves for White from board:
[SimpleEngine] getLegalMovesForBoard: found 35 moves for White from board:
[SimpleEngine] getLegalMovesForBoard: found 32 moves for White from board:
[SimpleEngine] getLegalMovesForBoard: found 36 moves for White from board:
[SimpleEngine] getLegalMovesForBoard: found 34 moves for White from board:
[SimpleEngine] getLegalMovesForBoard: found 35 moves for White from board:
[SimpleEngine] getLegalMovesForBoard: found 35 moves for White from board:
[SimpleEngine] getLegalMovesForBoard: found 35 moves for White from board:
[SimpleEngine] getLegalMovesForBoard: found 37 moves for White from board:
[SimpleEngine] getLegalMovesForBoard: found 35 moves for White from board:
[SimpleEngine] getLegalMovesForBoard: found 35 moves for White from board:
[SimpleEngine] getLegalMovesForBoard: found 35 moves for White from board:
[SimpleEngine] getLegalMovesForBoard: found 35 moves for White from board:
[SimpleEngine] getLegalMovesForBoard: found 35 moves for White from board:
[SimpleEngine] getLegalMovesForBoard: found 35 moves for White from board:
[SimpleEngine] getLegalMovesForBoard: found 35 moves for White from board:
[SimpleEngine] getLegalMovesForBoard: found 35 moves for White from board:
[COMPUTER] Level -0.5 (minimax), calc took 11ms, waiting 550ms (50x)
[COMPUTER] Ponder g8f6 -> h6h3 (208ms total)
[COMPUTER] Ponder g8h6 -> f7h6 (212ms total)
[DEBUG_MOVE] Turn switch: isWhiteTurn=true, whiteType=computer, blackType=computer
[DEBUG_MOVE] nextPlayerType=computer, computerExists=true, isGameOver=false
[DEBUG_MOVE] computerPlayers.white=true, computerPlayers.black=true
[DEBUG_MOVE] Triggering computer move! Retry: 0
[COMPUTER] Scheduling move for White in 0ms
[COMPUTER] Time check - Game clock: 53273ms, Tournament: 495971ms
[COMPUTER] Stopping ponder to start search
[COMPUTER] Ponder search stopped.
[COMPUTER] Level 0.5, remaining: 53273ms, consistency: 213ms
[COMPUTER] Bestmove: f7e5, eval: 1976, took: 8ms
[COMPUTER] Move 'f7e5' confirmed after 8ms. Playing immediately.
[DEBUG_MOVE] Turn switch: isWhiteTurn=false, whiteType=computer, blackType=computer
[DEBUG_MOVE] nextPlayerType=computer, computerExists=true, isGameOver=false
[DEBUG_MOVE] computerPlayers.white=true, computerPlayers.black=true
[DEBUG_MOVE] Triggering computer move! Retry: 0
[COMPUTER] Scheduling move for Black in 0ms
[COMPUTER] Starting multi-move ponder...
[SimpleEngine] getLegalMovesForBoard: found 16 moves for Black from board:
[COMPUTER] Multi-pondering 8 moves: g8f6, g8h6, a7a6, a7a5, d7d6, g7g6, g7h6, b6a4
[COMPUTER] Time check - Game clock: 46186ms, Tournament: 495941ms
[SimpleEngine] getLegalMovesForBoard: found 17 moves for Black from board:
[SimpleEngine] getLegalMovesForBoard: found 36 moves for White from board:
[SimpleEngine] getLegalMovesForBoard: found 36 moves for White from board:
[SimpleEngine] getLegalMovesForBoard: found 36 moves for White from board:
[SimpleEngine] getLegalMovesForBoard: found 36 moves for White from board:
[SimpleEngine] getLegalMovesForBoard: found 35 moves for White from board:
[SimpleEngine] getLegalMovesForBoard: found 36 moves for White from board:
[SimpleEngine] getLegalMovesForBoard: found 36 moves for White from board:
[SimpleEngine] getLegalMovesForBoard: found 36 moves for White from board:
[SimpleEngine] getLegalMovesForBoard: found 36 moves for White from board:
[SimpleEngine] getLegalMovesForBoard: found 36 moves for White from board:
[SimpleEngine] getLegalMovesForBoard: found 36 moves for White from board:
[SimpleEngine] getLegalMovesForBoard: found 36 moves for White from board:
[SimpleEngine] getLegalMovesForBoard: found 36 moves for White from board:
[SimpleEngine] getLegalMovesForBoard: found 36 moves for White from board:
[SimpleEngine] getLegalMovesForBoard: found 34 moves for White from board:
[SimpleEngine] getLegalMovesForBoard: found 39 moves for White from board:
[SimpleEngine] getLegalMovesForBoard: found 34 moves for White from board:
[COMPUTER] Level -0.5 (minimax), calc took 9ms, waiting 450ms (50x)
[COMPUTER] Ponder g8f6 -> h6g5 (209ms total)
[COMPUTER] Ponder g8h6 -> f5f3 (210ms total)
[DEBUG_MOVE] Turn switch: isWhiteTurn=true, whiteType=computer, blackType=computer
[DEBUG_MOVE] nextPlayerType=computer, computerExists=true, isGameOver=false
[DEBUG_MOVE] computerPlayers.white=true, computerPlayers.black=true
[DEBUG_MOVE] Triggering computer move! Retry: 0
[COMPUTER] Scheduling move for White in 0ms
[COMPUTER] Time check - Game clock: 53242ms, Tournament: 495479ms
[COMPUTER] Stopping ponder to start search
[COMPUTER] Ponder search stopped.
[COMPUTER] Level 0.5, remaining: 53242ms, consistency: 212ms
[COMPUTER] Bestmove: a2a4, eval: 1858, took: 8ms
[COMPUTER] Move 'a2a4' confirmed after 8ms. Playing immediately.
[DEBUG_MOVE] Turn switch: isWhiteTurn=false, whiteType=computer, blackType=computer
[DEBUG_MOVE] nextPlayerType=computer, computerExists=true, isGameOver=false
[DEBUG_MOVE] computerPlayers.white=true, computerPlayers.black=true
[DEBUG_MOVE] Triggering computer move! Retry: 0
[COMPUTER] Scheduling move for Black in 0ms
[COMPUTER] Starting multi-move ponder...
[SimpleEngine] getLegalMovesForBoard: found 23 moves for Black from board:
[COMPUTER] Multi-pondering 8 moves: g8f6, g8h6, a7a6, a7a5, c7c6, c7c5, d7d6, f7f6
[COMPUTER] Time check - Game clock: 45726ms, Tournament: 495465ms
[SimpleEngine] getLegalMovesForBoard: found 22 moves for Black from board:
[SimpleEngine] getLegalMovesForBoard: found 35 moves for White from board:
[SimpleEngine] getLegalMovesForBoard: found 36 moves for White from board:
[SimpleEngine] getLegalMovesForBoard: found 37 moves for White from board:
[SimpleEngine] getLegalMovesForBoard: found 37 moves for White from board:
[SimpleEngine] getLegalMovesForBoard: found 35 moves for White from board:
[SimpleEngine] getLegalMovesForBoard: found 36 moves for White from board:
[SimpleEngine] getLegalMovesForBoard: found 37 moves for White from board:
[SimpleEngine] getLegalMovesForBoard: found 37 moves for White from board:
[SimpleEngine] getLegalMovesForBoard: found 35 moves for White from board:
[SimpleEngine] getLegalMovesForBoard: found 37 moves for White from board:
[SimpleEngine] getLegalMovesForBoard: found 37 moves for White from board:
[SimpleEngine] getLegalMovesForBoard: found 37 moves for White from board:
[SimpleEngine] getLegalMovesForBoard: found 37 moves for White from board:
[SimpleEngine] getLegalMovesForBoard: found 35 moves for White from board:
[SimpleEngine] getLegalMovesForBoard: found 36 moves for White from board:
[SimpleEngine] getLegalMovesForBoard: found 36 moves for White from board:
[SimpleEngine] getLegalMovesForBoard: found 37 moves for White from board:
[SimpleEngine] getLegalMovesForBoard: found 40 moves for White from board:
[SimpleEngine] getLegalMovesForBoard: found 36 moves for White from board:
[SimpleEngine] getLegalMovesForBoard: found 36 moves for White from board:
[SimpleEngine] getLegalMovesForBoard: found 37 moves for White from board:
[SimpleEngine] getLegalMovesForBoard: found 36 moves for White from board:
[COMPUTER] Level -0.5 (minimax), calc took 15ms, waiting 750ms (50x)
[DEBUG_MOVE] Turn switch: isWhiteTurn=true, whiteType=computer, blackType=computer
[DEBUG_MOVE] nextPlayerType=computer, computerExists=true, isGameOver=false
[DEBUG_MOVE] computerPlayers.white=true, computerPlayers.black=true
[DEBUG_MOVE] Triggering computer move! Retry: 0
[COMPUTER] Scheduling move for White in 0ms
[COMPUTER] Time check - Game clock: 578124ms, Tournament: 495448ms
[COMPUTER] Using tournament time (495448ms) instead of game clock (578124ms)
[COMPUTER] Level 0: Using game's getLegalMoves, found 30 moves
[COMPUTER] Level 0: Selected move e5e6, thinking for 9905ms
[COMPUTER] Ponder g8f6 -> h6g5 (205ms total)
[COMPUTER] Ponder g8h6 -> d2d4 (205ms total)
[COMPUTER] Ponder a7a6 -> h6h5 (204ms total)
[COMPUTER] Level -0.5: Move b5c5 failed unexpectedly: Move would leave king in check
[DEBUG_MOVE] Triggering computer move! Retry: 1
[COMPUTER] Scheduling move for Black in 200ms
[COMPUTER] Ponder a7a5 -> h6h5 (210ms total)
[COMPUTER] Time check - Game clock: 45726ms, Tournament: 494498ms
[SimpleEngine] getLegalMovesForBoard: found 22 moves for Black from board:
[SimpleEngine] getLegalMovesForBoard: found 37 moves for White from board:
[SimpleEngine] getLegalMovesForBoard: found 35 moves for White from board:
[SimpleEngine] getLegalMovesForBoard: found 37 moves for White from board:
[SimpleEngine] getLegalMovesForBoard: found 37 moves for White from board:
[SimpleEngine] getLegalMovesForBoard: found 37 moves for White from board:
[SimpleEngine] getLegalMovesForBoard: found 37 moves for White from board:
[SimpleEngine] getLegalMovesForBoard: found 40 moves for White from board:
[SimpleEngine] getLegalMovesForBoard: found 36 moves for White from board:
[SimpleEngine] getLegalMovesForBoard: found 35 moves for White from board:
[SimpleEngine] getLegalMovesForBoard: found 36 moves for White from board:
[SimpleEngine] getLegalMovesForBoard: found 36 moves for White from board:
[SimpleEngine] getLegalMovesForBoard: found 36 moves for White from board:
[SimpleEngine] getLegalMovesForBoard: found 37 moves for White from board:
[SimpleEngine] getLegalMovesForBoard: found 37 moves for White from board:
[SimpleEngine] getLegalMovesForBoard: found 36 moves for White from board:
[SimpleEngine] getLegalMovesForBoard: found 37 moves for White from board:
[SimpleEngine] getLegalMovesForBoard: found 36 moves for White from board:
[SimpleEngine] getLegalMovesForBoard: found 35 moves for White from board:
[SimpleEngine] getLegalMovesForBoard: found 35 moves for White from board:
[SimpleEngine] getLegalMovesForBoard: found 37 moves for White from board:
[SimpleEngine] getLegalMovesForBoard: found 36 moves for White from board:
[SimpleEngine] getLegalMovesForBoard: found 37 moves for White from board:
[COMPUTER] Level -0.5 (minimax), calc took 11ms, waiting 550ms (50x)
[COMPUTER] Ponder c7c6 -> h6g5 (205ms total)
[COMPUTER] Ponder c7c5 -> h6h5 (202ms total)
[COMPUTER] Ponder d7d6 -> h6h5 (208ms total)
[DEBUG_MOVE] Turn switch: isWhiteTurn=true, whiteType=computer, blackType=computer
[DEBUG_MOVE] nextPlayerType=computer, computerExists=true, isGameOver=false
[DEBUG_MOVE] computerPlayers.white=true, computerPlayers.black=true
[DEBUG_MOVE] Triggering computer move! Retry: 0
[COMPUTER] Scheduling move for White in 0ms
[COMPUTER] Time check - Game clock: 53227ms, Tournament: 493936ms
[COMPUTER] Stopping ponder to start search
[COMPUTER] Ponder search stopped.
[COMPUTER] Level 0.5, remaining: 53227ms, consistency: 212ms
[COMPUTER] Bestmove: c2c3, eval: 1854, took: 7ms
[COMPUTER] Move 'c2c3' confirmed after 7ms. Playing immediately.
[DEBUG_MOVE] Turn switch: isWhiteTurn=false, whiteType=computer, blackType=computer
[DEBUG_MOVE] nextPlayerType=computer, computerExists=true, isGameOver=false
[DEBUG_MOVE] computerPlayers.white=true, computerPlayers.black=true
[DEBUG_MOVE] Triggering computer move! Retry: 0
[COMPUTER] Scheduling move for Black in 0ms
[COMPUTER] Starting multi-move ponder...
[SimpleEngine] getLegalMovesForBoard: found 24 moves for Black from board:
[COMPUTER] Multi-pondering 8 moves: g8f6, g8h6, a7a6, a7a5, c7c6, c7c5, d7d6, f7f6
[COMPUTER] Time check - Game clock: 44198ms, Tournament: 493921ms
[SimpleEngine] getLegalMovesForBoard: found 23 moves for Black from board:
[SimpleEngine] getLegalMovesForBoard: found 34 moves for White from board:
[SimpleEngine] getLegalMovesForBoard: found 35 moves for White from board:
[SimpleEngine] getLegalMovesForBoard: found 35 moves for White from board:
[SimpleEngine] getLegalMovesForBoard: found 36 moves for White from board:
[SimpleEngine] getLegalMovesForBoard: found 35 moves for White from board:
[SimpleEngine] getLegalMovesForBoard: found 35 moves for White from board:
[SimpleEngine] getLegalMovesForBoard: found 36 moves for White from board:
[SimpleEngine] getLegalMovesForBoard: found 35 moves for White from board:
[SimpleEngine] getLegalMovesForBoard: found 35 moves for White from board:
[SimpleEngine] getLegalMovesForBoard: found 33 moves for White from board:
[SimpleEngine] getLegalMovesForBoard: found 35 moves for White from board:
[SimpleEngine] getLegalMovesForBoard: found 35 moves for White from board:
[SimpleEngine] getLegalMovesForBoard: found 35 moves for White from board:
[SimpleEngine] getLegalMovesForBoard: found 34 moves for White from board:
[SimpleEngine] getLegalMovesForBoard: found 35 moves for White from board:
[SimpleEngine] getLegalMovesForBoard: found 38 moves for White from board:
[SimpleEngine] getLegalMovesForBoard: found 36 moves for White from board:
[SimpleEngine] getLegalMovesForBoard: found 35 moves for White from board:
[SimpleEngine] getLegalMovesForBoard: found 34 moves for White from board:
[SimpleEngine] getLegalMovesForBoard: found 35 moves for White from board:
[SimpleEngine] getLegalMovesForBoard: found 35 moves for White from board:
[SimpleEngine] getLegalMovesForBoard: found 35 moves for White from board:
[SimpleEngine] getLegalMovesForBoard: found 35 moves for White from board:
[COMPUTER] Level -0.5 (minimax), calc took 12ms, waiting 600ms (50x)
[COMPUTER] Ponder g8f6 -> f5f6 (207ms total)
[COMPUTER] Ponder g8h6 -> f5f3 (213ms total)
[COMPUTER] Level -0.5: Move b4c5 failed unexpectedly: Move would leave king in check
[DEBUG_MOVE] Triggering computer move! Retry: 1
[COMPUTER] Scheduling move for Black in 200ms
[COMPUTER] Ponder a7a6 -> h6h3 (204ms total)
[COMPUTER] Time check - Game clock: 44198ms, Tournament: 493109ms
[SimpleEngine] getLegalMovesForBoard: found 23 moves for Black from board:
[SimpleEngine] getLegalMovesForBoard: found 35 moves for White from board:
[SimpleEngine] getLegalMovesForBoard: found 34 moves for White from board:
[SimpleEngine] getLegalMovesForBoard: found 35 moves for White from board:
[SimpleEngine] getLegalMovesForBoard: found 34 moves for White from board:
[SimpleEngine] getLegalMovesForBoard: found 35 moves for White from board:
[SimpleEngine] getLegalMovesForBoard: found 35 moves for White from board:
[SimpleEngine] getLegalMovesForBoard: found 36 moves for White from board:
[SimpleEngine] getLegalMovesForBoard: found 35 moves for White from board:
[SimpleEngine] getLegalMovesForBoard: found 35 moves for White from board:
[SimpleEngine] getLegalMovesForBoard: found 36 moves for White from board:
[SimpleEngine] getLegalMovesForBoard: found 35 moves for White from board:
[SimpleEngine] getLegalMovesForBoard: found 35 moves for White from board:
[SimpleEngine] getLegalMovesForBoard: found 35 moves for White from board:
[SimpleEngine] getLegalMovesForBoard: found 38 moves for White from board:
[SimpleEngine] getLegalMovesForBoard: found 33 moves for White from board:
[SimpleEngine] getLegalMovesForBoard: found 34 moves for White from board:
[SimpleEngine] getLegalMovesForBoard: found 35 moves for White from board:
[SimpleEngine] getLegalMovesForBoard: found 35 moves for White from board:
[SimpleEngine] getLegalMovesForBoard: found 35 moves for White from board:
[SimpleEngine] getLegalMovesForBoard: found 35 moves for White from board:
[SimpleEngine] getLegalMovesForBoard: found 36 moves for White from board:
[SimpleEngine] getLegalMovesForBoard: found 35 moves for White from board:
[SimpleEngine] getLegalMovesForBoard: found 35 moves for White from board:
[COMPUTER] Level -0.5 (minimax), calc took 10ms, waiting 500ms (50x)
[COMPUTER] Ponder a7a5 -> h6h5 (205ms total)
[COMPUTER] Ponder c7c6 -> h6h3 (203ms total)
[COMPUTER] Ponder c7c5 -> h6h5 (209ms total)
[COMPUTER] Level -0.5: Move b4c5 failed unexpectedly: Move would leave king in check
[DEBUG_MOVE] Triggering computer move! Retry: 2
[COMPUTER] Scheduling move for Black in 400ms
[MONITOR] Running: true, Remaining: 8.2m, ActiveGames: 2, Offers: 0
[Matchmaking] 0 idle computers, 0 active offers, 1 available players
[COMPUTER] Ponder d7d6 -> h6g5 (203ms total)
[COMPUTER] Time check - Game clock: 44198ms, Tournament: 492196ms
[SimpleEngine] getLegalMovesForBoard: found 23 moves for Black from board:
[SimpleEngine] getLegalMovesForBoard: found 35 moves for White from board:
[SimpleEngine] getLegalMovesForBoard: found 35 moves for White from board:
[SimpleEngine] getLegalMovesForBoard: found 34 moves for White from board:
[SimpleEngine] getLegalMovesForBoard: found 35 moves for White from board:
[SimpleEngine] getLegalMovesForBoard: found 36 moves for White from board:
[SimpleEngine] getLegalMovesForBoard: found 34 moves for White from board:
[SimpleEngine] getLegalMovesForBoard: found 35 moves for White from board:
[SimpleEngine] getLegalMovesForBoard: found 35 moves for White from board:
[SimpleEngine] getLegalMovesForBoard: found 36 moves for White from board:
[SimpleEngine] getLegalMovesForBoard: found 36 moves for White from board:
[SimpleEngine] getLegalMovesForBoard: found 35 moves for White from board:
[SimpleEngine] getLegalMovesForBoard: found 38 moves for White from board:
[SimpleEngine] getLegalMovesForBoard: found 35 moves for White from board:
[SimpleEngine] getLegalMovesForBoard: found 35 moves for White from board:
[SimpleEngine] getLegalMovesForBoard: found 35 moves for White from board:
[SimpleEngine] getLegalMovesForBoard: found 33 moves for White from board:
[SimpleEngine] getLegalMovesForBoard: found 34 moves for White from board:
[SimpleEngine] getLegalMovesForBoard: found 35 moves for White from board:
[SimpleEngine] getLegalMovesForBoard: found 35 moves for White from board:
[SimpleEngine] getLegalMovesForBoard: found 35 moves for White from board:
[SimpleEngine] getLegalMovesForBoard: found 35 moves for White from board:
[SimpleEngine] getLegalMovesForBoard: found 35 moves for White from board:
[SimpleEngine] getLegalMovesForBoard: found 35 moves for White from board:
[COMPUTER] Level -0.5 (minimax), calc took 11ms, waiting 550ms (50x)
[COMPUTER] Ponder f7f6 -> h6h5 (211ms total)
[COMPUTER] Ponder g8f6 -> h6g5 (413ms total)
[COMPUTER] Ponder g8f6 -> h6g5 (624ms total)
[COMPUTER] Level -0.5: Move b4c5 failed unexpectedly: Move would leave king in check
[DEBUG_MOVE] Triggering computer move! Retry: 3
[COMPUTER] Scheduling move for Black in 600ms
[COMPUTER] Ponder g8f6 -> e5f7 (831ms total)
[COMPUTER] Ponder g8f6 -> h6g5 (1041ms total)
[COMPUTER] Ponder g8h6 -> e5f7 (426ms total)
[COMPUTER] Time check - Game clock: 44198ms, Tournament: 491033ms
[SimpleEngine] getLegalMovesForBoard: found 23 moves for Black from board:
[SimpleEngine] getLegalMovesForBoard: found 35 moves for White from board:
[SimpleEngine] getLegalMovesForBoard: found 35 moves for White from board:
[SimpleEngine] getLegalMovesForBoard: found 36 moves for White from board:
[SimpleEngine] getLegalMovesForBoard: found 34 moves for White from board:
[SimpleEngine] getLegalMovesForBoard: found 38 moves for White from board:
[SimpleEngine] getLegalMovesForBoard: found 36 moves for White from board:
[SimpleEngine] getLegalMovesForBoard: found 35 moves for White from board:
[SimpleEngine] getLegalMovesForBoard: found 34 moves for White from board:
[SimpleEngine] getLegalMovesForBoard: found 35 moves for White from board:
[SimpleEngine] getLegalMovesForBoard: found 33 moves for White from board:
[SimpleEngine] getLegalMovesForBoard: found 35 moves for White from board:
[SimpleEngine] getLegalMovesForBoard: found 35 moves for White from board:
[SimpleEngine] getLegalMovesForBoard: found 35 moves for White from board:
[SimpleEngine] getLegalMovesForBoard: found 35 moves for White from board:
[SimpleEngine] getLegalMovesForBoard: found 35 moves for White from board:
[SimpleEngine] getLegalMovesForBoard: found 35 moves for White from board:
[SimpleEngine] getLegalMovesForBoard: found 35 moves for White from board:
[SimpleEngine] getLegalMovesForBoard: found 35 moves for White from board:
[SimpleEngine] getLegalMovesForBoard: found 35 moves for White from board:
[SimpleEngine] getLegalMovesForBoard: found 35 moves for White from board:
[SimpleEngine] getLegalMovesForBoard: found 35 moves for White from board:
[SimpleEngine] getLegalMovesForBoard: found 36 moves for White from board:
[SimpleEngine] getLegalMovesForBoard: found 34 moves for White from board:
[COMPUTER] Level -0.5 (minimax), calc took 10ms, waiting 500ms (50x)
[COMPUTER] Ponder g8f6 -> f5f6 (1245ms total)
[COMPUTER] Ponder g8f6 -> h6h3 (1452ms total)
[COMPUTER] Level -0.5: Move b4c5 failed unexpectedly: Move would leave king in check
[DEBUG_MOVE] Triggering computer move! Retry: 4
[COMPUTER] Scheduling move for Black in 800ms
[COMPUTER] Ponder g8f6 -> h6h3 (1660ms total)
[COMPUTER] Ponder g8f6 -> h6h3 (1871ms total)
[COMPUTER] Ponder g8h6 -> e5f7 (639ms total)
[COMPUTER] Ponder a7a6 -> h6h5 (410ms total)
[COMPUTER] Time check - Game clock: 44198ms, Tournament: 489721ms
[SimpleEngine] getLegalMovesForBoard: found 23 moves for Black from board:
[SimpleEngine] getLegalMovesForBoard: found 35 moves for White from board:
[SimpleEngine] getLegalMovesForBoard: found 33 moves for White from board:
[SimpleEngine] getLegalMovesForBoard: found 35 moves for White from board:
[SimpleEngine] getLegalMovesForBoard: found 35 moves for White from board:
[SimpleEngine] getLegalMovesForBoard: found 35 moves for White from board:
[SimpleEngine] getLegalMovesForBoard: found 35 moves for White from board:
[SimpleEngine] getLegalMovesForBoard: found 35 moves for White from board:
[SimpleEngine] getLegalMovesForBoard: found 34 moves for White from board:
[SimpleEngine] getLegalMovesForBoard: found 36 moves for White from board:
[SimpleEngine] getLegalMovesForBoard: found 35 moves for White from board:
[SimpleEngine] getLegalMovesForBoard: found 34 moves for White from board:
[SimpleEngine] getLegalMovesForBoard: found 35 moves for White from board:
[SimpleEngine] getLegalMovesForBoard: found 38 moves for White from board:
[SimpleEngine] getLegalMovesForBoard: found 34 moves for White from board:
[SimpleEngine] getLegalMovesForBoard: found 36 moves for White from board:
[SimpleEngine] getLegalMovesForBoard: found 35 moves for White from board:
[SimpleEngine] getLegalMovesForBoard: found 35 moves for White from board:
[SimpleEngine] getLegalMovesForBoard: found 35 moves for White from board:
[SimpleEngine] getLegalMovesForBoard: found 35 moves for White from board:
[SimpleEngine] getLegalMovesForBoard: found 35 moves for White from board:
[SimpleEngine] getLegalMovesForBoard: found 36 moves for White from board:
[SimpleEngine] getLegalMovesForBoard: found 35 moves for White from board:
[SimpleEngine] getLegalMovesForBoard: found 35 moves for White from board:
[COMPUTER] Level -0.5 (minimax), calc took 25ms, waiting 1250ms (50x)
[COMPUTER] Ponder g8f6 -> e5f7 (2074ms total)
[COMPUTER] Ponder g8f6 -> f5f6 (2281ms total)
[COMPUTER] Ponder g8f6 -> f5f6 (2484ms total)
[COMPUTER] Ponder g8f6 -> h6g5 (2692ms total)
[COMPUTER] Ponder g8h6 -> f5f7 (844ms total)
[COMPUTER] Ponder g8f6 -> h6g5 (2895ms total)
[DEBUG_MOVE] Turn switch: isWhiteTurn=true, whiteType=computer, blackType=computer
[DEBUG_MOVE] nextPlayerType=computer, computerExists=true, isGameOver=false
[DEBUG_MOVE] computerPlayers.white=true, computerPlayers.black=true
[DEBUG_MOVE] Triggering computer move! Retry: 0
[COMPUTER] Scheduling move for White in 0ms
[COMPUTER] Time check - Game clock: 53213ms, Tournament: 488442ms
[COMPUTER] Stopping ponder to start search
[Matchmaking] 0 idle computers, 0 active offers, 1 available players
[COMPUTER] Ponder search stopped.
[COMPUTER] Level 0.5, remaining: 53213ms, consistency: 212ms
[COMPUTER] Bestmove: h6e6, eval: 1943, took: 6ms
[COMPUTER] Move 'h6e6' confirmed after 6ms. Playing immediately.
[DEBUG_MOVE] Turn switch: isWhiteTurn=false, whiteType=computer, blackType=computer
[DEBUG_MOVE] nextPlayerType=computer, computerExists=true, isGameOver=false
[DEBUG_MOVE] computerPlayers.white=true, computerPlayers.black=true
[DEBUG_MOVE] Triggering computer move! Retry: 0
[COMPUTER] Scheduling move for Black in 0ms
[COMPUTER] Starting multi-move ponder...
[SimpleEngine] getLegalMovesForBoard: found 21 moves for Black from board:
[COMPUTER] Multi-pondering 8 moves: g8f6, g8h6, a7a6, c7c6, c7c5, d7d6, d7e6, f7e6
[COMPUTER] Time check - Game clock: 38721ms, Tournament: 488430ms
[SimpleEngine] getLegalMovesForBoard: found 17 moves for Black from board:
[SimpleEngine] getLegalMovesForBoard: found 35 moves for White from board:
[SimpleEngine] getLegalMovesForBoard: found 36 moves for White from board:
[SimpleEngine] getLegalMovesForBoard: found 36 moves for White from board:
[SimpleEngine] getLegalMovesForBoard: found 36 moves for White from board:
[SimpleEngine] getLegalMovesForBoard: found 36 moves for White from board:
[SimpleEngine] getLegalMovesForBoard: found 36 moves for White from board:
[SimpleEngine] getLegalMovesForBoard: found 36 moves for White from board:
[SimpleEngine] getLegalMovesForBoard: found 34 moves for White from board:
[SimpleEngine] getLegalMovesForBoard: found 36 moves for White from board:
[SimpleEngine] getLegalMovesForBoard: found 37 moves for White from board:
[SimpleEngine] getLegalMovesForBoard: found 35 moves for White from board:
[SimpleEngine] getLegalMovesForBoard: found 37 moves for White from board:
[SimpleEngine] getLegalMovesForBoard: found 36 moves for White from board:
[SimpleEngine] getLegalMovesForBoard: found 35 moves for White from board:
[SimpleEngine] getLegalMovesForBoard: found 35 moves for White from board:
[SimpleEngine] getLegalMovesForBoard: found 35 moves for White from board:
[SimpleEngine] getLegalMovesForBoard: found 32 moves for White from board:
[COMPUTER] Level -0.5 (minimax), calc took 14ms, waiting 700ms (50x)
[COMPUTER] Ponder g8f6 -> e6f7 (204ms total)
[COMPUTER] Ponder g8h6 -> e6b6 (204ms total)
[COMPUTER] Ponder a7a6 -> e6f7 (204ms total)
[DEBUG_MOVE] Turn switch: isWhiteTurn=true, whiteType=computer, blackType=computer
[DEBUG_MOVE] nextPlayerType=computer, computerExists=true, isGameOver=false
[DEBUG_MOVE] computerPlayers.white=true, computerPlayers.black=true
[DEBUG_MOVE] Triggering computer move! Retry: 0
[COMPUTER] Scheduling move for White in 0ms
[COMPUTER] Time check - Game clock: 53200ms, Tournament: 487713ms
[COMPUTER] Stopping ponder to start search
[COMPUTER] Ponder search stopped.
[COMPUTER] Level 0.5, remaining: 53200ms, consistency: 212ms
[COMPUTER] Bestmove: b3b4, eval: 10000, took: 6ms
[COMPUTER] Move 'b3b4' confirmed after 6ms. Playing immediately.
[DEBUG_MOVE] Turn switch: isWhiteTurn=false, whiteType=computer, blackType=computer
[DEBUG_MOVE] nextPlayerType=computer, computerExists=true, isGameOver=false
[DEBUG_MOVE] computerPlayers.white=true, computerPlayers.black=true
[DEBUG_MOVE] Triggering computer move! Retry: 0
[COMPUTER] Scheduling move for Black in 0ms
[COMPUTER] Starting multi-move ponder...
[SimpleEngine] getLegalMovesForBoard: found 20 moves for Black from board:
[COMPUTER] Multi-pondering 8 moves: g8h6, a7a6, c7c6, c7c5, d7d6, d7e6, f7e6, g7g6
[COMPUTER] Time check - Game clock: 38005ms, Tournament: 487698ms
[SimpleEngine] getLegalMovesForBoard: found 24 moves for Black from board:
[SimpleEngine] getLegalMovesForBoard: found 34 moves for White from board:
[SimpleEngine] getLegalMovesForBoard: found 37 moves for White from board:
[SimpleEngine] getLegalMovesForBoard: found 31 moves for White from board:
[SimpleEngine] getLegalMovesForBoard: found 34 moves for White from board:
[SimpleEngine] getLegalMovesForBoard: found 37 moves for White from board:
[SimpleEngine] getLegalMovesForBoard: found 35 moves for White from board:
[SimpleEngine] getLegalMovesForBoard: found 34 moves for White from board:
[SimpleEngine] getLegalMovesForBoard: found 36 moves for White from board:
[SimpleEngine] getLegalMovesForBoard: found 35 moves for White from board:
[SimpleEngine] getLegalMovesForBoard: found 34 moves for White from board:
[SimpleEngine] getLegalMovesForBoard: found 35 moves for White from board:
[SimpleEngine] getLegalMovesForBoard: found 34 moves for White from board:
[SimpleEngine] getLegalMovesForBoard: found 37 moves for White from board:
[SimpleEngine] getLegalMovesForBoard: found 35 moves for White from board:
[SimpleEngine] getLegalMovesForBoard: found 33 moves for White from board:
[SimpleEngine] getLegalMovesForBoard: found 34 moves for White from board:
[SimpleEngine] getLegalMovesForBoard: found 35 moves for White from board:
[SimpleEngine] getLegalMovesForBoard: found 34 moves for White from board:
[SimpleEngine] getLegalMovesForBoard: found 34 moves for White from board:
[SimpleEngine] getLegalMovesForBoard: found 34 moves for White from board:
[SimpleEngine] getLegalMovesForBoard: found 37 moves for White from board:
[SimpleEngine] getLegalMovesForBoard: found 34 moves for White from board:
[SimpleEngine] getLegalMovesForBoard: found 33 moves for White from board:
[SimpleEngine] getLegalMovesForBoard: found 35 moves for White from board:
[COMPUTER] Level -0.5 (minimax), calc took 12ms, waiting 600ms (50x)
[COMPUTER] Ponder g8h6 -> e5f7 (208ms total)
[COMPUTER] Ponder a7a6 -> e6f7 (207ms total)
[COMPUTER] Level -0.5: Move a5a4 failed unexpectedly: Move would leave king in check
[DEBUG_MOVE] Triggering computer move! Retry: 1
[COMPUTER] Scheduling move for Black in 200ms
[COMPUTER] Ponder c7c6 -> e6f7 (213ms total)
[COMPUTER] Time check - Game clock: 38005ms, Tournament: 486884ms
[SimpleEngine] getLegalMovesForBoard: found 24 moves for Black from board:
[SimpleEngine] getLegalMovesForBoard: found 34 moves for White from board:
[SimpleEngine] getLegalMovesForBoard: found 35 moves for White from board:
[SimpleEngine] getLegalMovesForBoard: found 34 moves for White from board:
[SimpleEngine] getLegalMovesForBoard: found 35 moves for White from board:
[SimpleEngine] getLegalMovesForBoard: found 34 moves for White from board:
[SimpleEngine] getLegalMovesForBoard: found 34 moves for White from board:
[SimpleEngine] getLegalMovesForBoard: found 33 moves for White from board:
[SimpleEngine] getLegalMovesForBoard: found 37 moves for White from board:
[SimpleEngine] getLegalMovesForBoard: found 33 moves for White from board:
[SimpleEngine] getLegalMovesForBoard: found 34 moves for White from board:
[SimpleEngine] getLegalMovesForBoard: found 34 moves for White from board:
[SimpleEngine] getLegalMovesForBoard: found 35 moves for White from board:
[SimpleEngine] getLegalMovesForBoard: found 35 moves for White from board:
[SimpleEngine] getLegalMovesForBoard: found 31 moves for White from board:
[SimpleEngine] getLegalMovesForBoard: found 34 moves for White from board:
[SimpleEngine] getLegalMovesForBoard: found 35 moves for White from board:
[SimpleEngine] getLegalMovesForBoard: found 36 moves for White from board:
[SimpleEngine] getLegalMovesForBoard: found 35 moves for White from board:
[SimpleEngine] getLegalMovesForBoard: found 37 moves for White from board:
[SimpleEngine] getLegalMovesForBoard: found 34 moves for White from board:
[SimpleEngine] getLegalMovesForBoard: found 34 moves for White from board:
[SimpleEngine] getLegalMovesForBoard: found 37 moves for White from board:
[SimpleEngine] getLegalMovesForBoard: found 34 moves for White from board:
[SimpleEngine] getLegalMovesForBoard: found 37 moves for White from board:
[COMPUTER] Level -0.5 (minimax), calc took 9ms, waiting 450ms (50x)
[COMPUTER] Ponder c7c5 -> e6f7 (212ms total)
[COMPUTER] Ponder d7d6 -> e6f7 (213ms total)
[COMPUTER] Level -0.5: Move a5a4 failed unexpectedly: Move would leave king in check
[DEBUG_MOVE] Triggering computer move! Retry: 2
[COMPUTER] Scheduling move for Black in 400ms
[COMPUTER] Ponder d7e6 -> f5f6 (206ms total)
[COMPUTER] Ponder f7e6 -> e5d7 (206ms total)
[COMPUTER] Time check - Game clock: 38005ms, Tournament: 486021ms
[SimpleEngine] getLegalMovesForBoard: found 24 moves for Black from board:
[SimpleEngine] getLegalMovesForBoard: found 34 moves for White from board:
[SimpleEngine] getLegalMovesForBoard: found 36 moves for White from board:
[SimpleEngine] getLegalMovesForBoard: found 31 moves for White from board:
[SimpleEngine] getLegalMovesForBoard: found 35 moves for White from board:
[SimpleEngine] getLegalMovesForBoard: found 37 moves for White from board:
[SimpleEngine] getLegalMovesForBoard: found 34 moves for White from board:
[SimpleEngine] getLegalMovesForBoard: found 34 moves for White from board:
[SimpleEngine] getLegalMovesForBoard: found 35 moves for White from board:
[SimpleEngine] getLegalMovesForBoard: found 34 moves for White from board:
[SimpleEngine] getLegalMovesForBoard: found 37 moves for White from board:
[SimpleEngine] getLegalMovesForBoard: found 34 moves for White from board:
[SimpleEngine] getLegalMovesForBoard: found 33 moves for White from board:
[SimpleEngine] getLegalMovesForBoard: found 37 moves for White from board:
[SimpleEngine] getLegalMovesForBoard: found 34 moves for White from board:
[SimpleEngine] getLegalMovesForBoard: found 34 moves for White from board:
[SimpleEngine] getLegalMovesForBoard: found 35 moves for White from board:
[SimpleEngine] getLegalMovesForBoard: found 35 moves for White from board:
[SimpleEngine] getLegalMovesForBoard: found 34 moves for White from board:
[SimpleEngine] getLegalMovesForBoard: found 34 moves for White from board:
[SimpleEngine] getLegalMovesForBoard: found 33 moves for White from board:
[SimpleEngine] getLegalMovesForBoard: found 37 moves for White from board:
[SimpleEngine] getLegalMovesForBoard: found 35 moves for White from board:
[SimpleEngine] getLegalMovesForBoard: found 34 moves for White from board:
[SimpleEngine] getLegalMovesForBoard: found 35 moves for White from board:
[COMPUTER] Level -0.5 (minimax), calc took 11ms, waiting 550ms (50x)
[COMPUTER] Ponder g7g6 -> e6f7 (206ms total)
[COMPUTER] Ponder g8h6 -> e5f7 (415ms total)
[DEBUG_MOVE] Turn switch: isWhiteTurn=false, whiteType=computer, blackType=computer
[DEBUG_MOVE] nextPlayerType=computer, computerExists=true, isGameOver=false
[DEBUG_MOVE] computerPlayers.white=true, computerPlayers.black=true
[DEBUG_MOVE] Triggering computer move! Retry: 0
[COMPUTER] Scheduling move for Black in 0ms
[COMPUTER] Time check - Game clock: 589858ms, Tournament: 485540ms
[COMPUTER] Using tournament time (485540ms) instead of game clock (589858ms)
[COMPUTER] Level -1: Using game's getLegalMoves, found 20 moves
[COMPUTER] Level -1: Selected move f7f5, thinking for 4884ms
[COMPUTER] Ponder g8h6 -> e6f6 (621ms total)
[COMPUTER] Level -0.5: Move a5a4 failed unexpectedly: Move would leave king in check
[DEBUG_MOVE] Triggering computer move! Retry: 3
[COMPUTER] Scheduling move for Black in 600ms
[COMPUTER] Ponder g8h6 -> e6f7 (831ms total)
[COMPUTER] Ponder g8h6 -> f5f6 (1041ms total)
[COMPUTER] Time check - Game clock: 38005ms, Tournament: 484859ms
[SimpleEngine] getLegalMovesForBoard: found 24 moves for Black from board:
[SimpleEngine] getLegalMovesForBoard: found 34 moves for White from board:
[SimpleEngine] getLegalMovesForBoard: found 34 moves for White from board:
[SimpleEngine] getLegalMovesForBoard: found 33 moves for White from board:
[SimpleEngine] getLegalMovesForBoard: found 35 moves for White from board:
[SimpleEngine] getLegalMovesForBoard: found 37 moves for White from board:
[SimpleEngine] getLegalMovesForBoard: found 34 moves for White from board:
[SimpleEngine] getLegalMovesForBoard: found 35 moves for White from board:
[SimpleEngine] getLegalMovesForBoard: found 34 moves for White from board:
[SimpleEngine] getLegalMovesForBoard: found 36 moves for White from board:
[SimpleEngine] getLegalMovesForBoard: found 34 moves for White from board:
[SimpleEngine] getLegalMovesForBoard: found 35 moves for White from board:
[SimpleEngine] getLegalMovesForBoard: found 34 moves for White from board:
[SimpleEngine] getLegalMovesForBoard: found 34 moves for White from board:
[SimpleEngine] getLegalMovesForBoard: found 33 moves for White from board:
[SimpleEngine] getLegalMovesForBoard: found 34 moves for White from board:
[SimpleEngine] getLegalMovesForBoard: found 34 moves for White from board:
[SimpleEngine] getLegalMovesForBoard: found 35 moves for White from board:
[SimpleEngine] getLegalMovesForBoard: found 37 moves for White from board:
[SimpleEngine] getLegalMovesForBoard: found 31 moves for White from board:
[SimpleEngine] getLegalMovesForBoard: found 35 moves for White from board:
[SimpleEngine] getLegalMovesForBoard: found 37 moves for White from board:
[SimpleEngine] getLegalMovesForBoard: found 37 moves for White from board:
[SimpleEngine] getLegalMovesForBoard: found 35 moves for White from board:
[SimpleEngine] getLegalMovesForBoard: found 34 moves for White from board:
[COMPUTER] Level -0.5 (minimax), calc took 11ms, waiting 550ms (50x)
[COMPUTER] Ponder a7a6 -> e6f7 (422ms total)
[COMPUTER] Ponder g8h6 -> f5f6 (1254ms total)
[COMPUTER] Ponder g8h6 -> e6b6 (1468ms total)
[COMPUTER] Level -0.5: Move a5a4 failed unexpectedly: Move would leave king in check
[DEBUG_MOVE] Triggering computer move! Retry: 4
[COMPUTER] Scheduling move for Black in 800ms
[COMPUTER] Ponder g8h6 -> e6f6 (1679ms total)
[COMPUTER] Ponder g8h6 -> e6b6 (1883ms total)
[COMPUTER] Ponder a7a6 -> e6f7 (625ms total)
[COMPUTER] Ponder g8h6 -> e6f6 (2088ms total)
[COMPUTER] Time check - Game clock: 38005ms, Tournament: 483495ms
[SimpleEngine] getLegalMovesForBoard: found 24 moves for Black from board:
[SimpleEngine] getLegalMovesForBoard: found 35 moves for White from board:
[SimpleEngine] getLegalMovesForBoard: found 35 moves for White from board:
[SimpleEngine] getLegalMovesForBoard: found 34 moves for White from board:
[SimpleEngine] getLegalMovesForBoard: found 36 moves for White from board:
[SimpleEngine] getLegalMovesForBoard: found 35 moves for White from board:
[SimpleEngine] getLegalMovesForBoard: found 37 moves for White from board:
[SimpleEngine] getLegalMovesForBoard: found 34 moves for White from board:
[SimpleEngine] getLegalMovesForBoard: found 31 moves for White from board:
[SimpleEngine] getLegalMovesForBoard: found 35 moves for White from board:
[SimpleEngine] getLegalMovesForBoard: found 34 moves for White from board:
[SimpleEngine] getLegalMovesForBoard: found 34 moves for White from board:
[SimpleEngine] getLegalMovesForBoard: found 35 moves for White from board:
[SimpleEngine] getLegalMovesForBoard: found 37 moves for White from board:
[SimpleEngine] getLegalMovesForBoard: found 34 moves for White from board:
[SimpleEngine] getLegalMovesForBoard: found 37 moves for White from board:
[SimpleEngine] getLegalMovesForBoard: found 33 moves for White from board:
[SimpleEngine] getLegalMovesForBoard: found 34 moves for White from board:
[SimpleEngine] getLegalMovesForBoard: found 34 moves for White from board:
[SimpleEngine] getLegalMovesForBoard: found 34 moves for White from board:
[SimpleEngine] getLegalMovesForBoard: found 35 moves for White from board:
[SimpleEngine] getLegalMovesForBoard: found 34 moves for White from board:
[SimpleEngine] getLegalMovesForBoard: found 33 moves for White from board:
[SimpleEngine] getLegalMovesForBoard: found 37 moves for White from board:
[SimpleEngine] getLegalMovesForBoard: found 34 moves for White from board:
[COMPUTER] Level -0.5 (minimax), calc took 13ms, waiting 650ms (50x)
[COMPUTER] Ponder c7c6 -> e6f7 (421ms total)
[COMPUTER] Ponder g8h6 -> e6b6 (2298ms total)
[COMPUTER] Ponder g8h6 -> f5f6 (2505ms total)
[COMPUTER] Level -0.5: Move a5a4 failed unexpectedly: Move would leave king in check
[DEBUG_MOVE] Triggering computer move! Retry: 5
[COMPUTER] Scheduling move for Black in 1000ms
[COMPUTER] Ponder a7a6 -> e6f7 (829ms total)
[COMPUTER] Ponder g8h6 -> f5f6 (2715ms total)
[COMPUTER] Ponder g8h6 -> e5f7 (2917ms total)
[COMPUTER] Ponder g8h6 -> e6b6 (3130ms total)
[COMPUTER] Time check - Game clock: 38005ms, Tournament: 481832ms
[SimpleEngine] getLegalMovesForBoard: found 24 moves for Black from board:
[SimpleEngine] getLegalMovesForBoard: found 37 moves for White from board:
[SimpleEngine] getLegalMovesForBoard: found 35 moves for White from board:
[SimpleEngine] getLegalMovesForBoard: found 34 moves for White from board:
[SimpleEngine] getLegalMovesForBoard: found 34 moves for White from board:
[SimpleEngine] getLegalMovesForBoard: found 34 moves for White from board:
[SimpleEngine] getLegalMovesForBoard: found 35 moves for White from board:
[SimpleEngine] getLegalMovesForBoard: found 35 moves for White from board:
[SimpleEngine] getLegalMovesForBoard: found 35 moves for White from board:
[SimpleEngine] getLegalMovesForBoard: found 34 moves for White from board:
[SimpleEngine] getLegalMovesForBoard: found 33 moves for White from board:
[SimpleEngine] getLegalMovesForBoard: found 34 moves for White from board:
[SimpleEngine] getLegalMovesForBoard: found 33 moves for White from board:
[SimpleEngine] getLegalMovesForBoard: found 37 moves for White from board:
[SimpleEngine] getLegalMovesForBoard: found 34 moves for White from board:
[SimpleEngine] getLegalMovesForBoard: found 35 moves for White from board:
[SimpleEngine] getLegalMovesForBoard: found 37 moves for White from board:
[SimpleEngine] getLegalMovesForBoard: found 36 moves for White from board:
[SimpleEngine] getLegalMovesForBoard: found 37 moves for White from board:
[SimpleEngine] getLegalMovesForBoard: found 34 moves for White from board:
[SimpleEngine] getLegalMovesForBoard: found 31 moves for White from board:
[SimpleEngine] getLegalMovesForBoard: found 34 moves for White from board:
[SimpleEngine] getLegalMovesForBoard: found 35 moves for White from board:
[SimpleEngine] getLegalMovesForBoard: found 34 moves for White from board:
[SimpleEngine] getLegalMovesForBoard: found 34 moves for White from board:
[COMPUTER] Level -0.5 (minimax), calc took 11ms, waiting 550ms (50x)
[COMPUTER] Ponder g8h6 -> e5f7 (3341ms total)
[COMPUTER] Ponder a7a6 -> e6f7 (1042ms total)
[COMPUTER] Ponder g8h6 -> f5f6 (3549ms total)
[COMPUTER] Level -0.5: Move a5a4 failed unexpectedly: Move would leave king in check
[DEBUG_MOVE] Triggering computer move! Retry: 6
[COMPUTER] Scheduling move for Black in 1200ms
[COMPUTER] Ponder c7c5 -> e6f7 (424ms total)
[COMPUTER] Ponder g8h6 -> f5f6 (3752ms total)
[COMPUTER] Ponder g8h6 -> f5f6 (3963ms total)
[DEBUG_MOVE] Turn switch: isWhiteTurn=true, whiteType=computer, blackType=computer
[DEBUG_MOVE] nextPlayerType=computer, computerExists=true, isGameOver=false
[DEBUG_MOVE] computerPlayers.white=true, computerPlayers.black=true
[DEBUG_MOVE] Triggering computer move! Retry: 0
[COMPUTER] Scheduling move for White in 0ms
[COMPUTER] Time check - Game clock: 568217ms, Tournament: 480651ms
[COMPUTER] Using tournament time (480651ms) instead of game clock (568217ms)
[COMPUTER] Level 0: Using game's getLegalMoves, found 30 moves
[COMPUTER] Level 0: Selected move e1e2, thinking for 9610ms
[COMPUTER] Ponder c7c6 -> e6f7 (627ms total)
[COMPUTER] Ponder g8h6 -> f5f6 (4182ms total)
[COMPUTER] Time check - Game clock: 38005ms, Tournament: 480068ms
[SimpleEngine] getLegalMovesForBoard: found 24 moves for Black from board:
[SimpleEngine] getLegalMovesForBoard: found 34 moves for White from board:
[SimpleEngine] getLegalMovesForBoard: found 37 moves for White from board:
[SimpleEngine] getLegalMovesForBoard: found 35 moves for White from board:
[SimpleEngine] getLegalMovesForBoard: found 31 moves for White from board:
[SimpleEngine] getLegalMovesForBoard: found 34 moves for White from board:
[SimpleEngine] getLegalMovesForBoard: found 35 moves for White from board:
[SimpleEngine] getLegalMovesForBoard: found 35 moves for White from board:
[SimpleEngine] getLegalMovesForBoard: found 33 moves for White from board:
[SimpleEngine] getLegalMovesForBoard: found 37 moves for White from board:
[SimpleEngine] getLegalMovesForBoard: found 35 moves for White from board:
[SimpleEngine] getLegalMovesForBoard: found 34 moves for White from board:
[SimpleEngine] getLegalMovesForBoard: found 34 moves for White from board:
[SimpleEngine] getLegalMovesForBoard: found 34 moves for White from board:
[SimpleEngine] getLegalMovesForBoard: found 34 moves for White from board:
[SimpleEngine] getLegalMovesForBoard: found 34 moves for White from board:
[SimpleEngine] getLegalMovesForBoard: found 35 moves for White from board:
[SimpleEngine] getLegalMovesForBoard: found 34 moves for White from board:
[SimpleEngine] getLegalMovesForBoard: found 34 moves for White from board:
[SimpleEngine] getLegalMovesForBoard: found 34 moves for White from board:
[SimpleEngine] getLegalMovesForBoard: found 37 moves for White from board:
[SimpleEngine] getLegalMovesForBoard: found 36 moves for White from board:
[SimpleEngine] getLegalMovesForBoard: found 33 moves for White from board:
[SimpleEngine] getLegalMovesForBoard: found 35 moves for White from board:
[SimpleEngine] getLegalMovesForBoard: found 37 moves for White from board:
[COMPUTER] Level -0.5 (minimax), calc took 14ms, waiting 700ms (50x)
[COMPUTER] Ponder a7a6 -> e6f7 (1249ms total)
[COMPUTER] Ponder g8h6 -> e6f7 (4397ms total)
[COMPUTER] Ponder g8h6 -> f5f6 (4608ms total)
[COMPUTER] Level -0.5: Move a5a4 failed unexpectedly: Move would leave king in check
[DEBUG_MOVE] Triggering computer move! Retry: 7
[COMPUTER] Scheduling move for Black in 1400ms
[COMPUTER] Ponder g8h6 -> e6f7 (4819ms total)
[COMPUTER] Ponder g8h6 -> e5f7 (5031ms total)
[COMPUTER] Ponder a7a6 -> e6f7 (1481ms total)
[COMPUTER] Ponder g8h6 -> e5f7 (5233ms total)
[COMPUTER] Ponder g8h6 -> e6f6 (5441ms total)
[COMPUTER] Ponder d7d6 -> e6f7 (441ms total)
[COMPUTER] Ponder g8h6 -> f5f6 (5644ms total)
[COMPUTER] Time check - Game clock: 38005ms, Tournament: 477949ms
[SimpleEngine] getLegalMovesForBoard: found 24 moves for Black from board:
[SimpleEngine] getLegalMovesForBoard: found 34 moves for White from board:
[SimpleEngine] getLegalMovesForBoard: found 35 moves for White from board:
[SimpleEngine] getLegalMovesForBoard: found 37 moves for White from board:
[SimpleEngine] getLegalMovesForBoard: found 35 moves for White from board:
[SimpleEngine] getLegalMovesForBoard: found 36 moves for White from board:
[SimpleEngine] getLegalMovesForBoard: found 31 moves for White from board:
[SimpleEngine] getLegalMovesForBoard: found 34 moves for White from board:
[SimpleEngine] getLegalMovesForBoard: found 34 moves for White from board:
[SimpleEngine] getLegalMovesForBoard: found 33 moves for White from board:
[SimpleEngine] getLegalMovesForBoard: found 34 moves for White from board:
[SimpleEngine] getLegalMovesForBoard: found 35 moves for White from board:
[SimpleEngine] getLegalMovesForBoard: found 34 moves for White from board:
[SimpleEngine] getLegalMovesForBoard: found 37 moves for White from board:
[SimpleEngine] getLegalMovesForBoard: found 35 moves for White from board:
[SimpleEngine] getLegalMovesForBoard: found 37 moves for White from board:
[SimpleEngine] getLegalMovesForBoard: found 33 moves for White from board:
[SimpleEngine] getLegalMovesForBoard: found 37 moves for White from board:
[SimpleEngine] getLegalMovesForBoard: found 35 moves for White from board:
[SimpleEngine] getLegalMovesForBoard: found 34 moves for White from board:
[SimpleEngine] getLegalMovesForBoard: found 34 moves for White from board:
[SimpleEngine] getLegalMovesForBoard: found 34 moves for White from board:
[SimpleEngine] getLegalMovesForBoard: found 34 moves for White from board:
[SimpleEngine] getLegalMovesForBoard: found 35 moves for White from board:
[SimpleEngine] getLegalMovesForBoard: found 34 moves for White from board:
[COMPUTER] Level -0.5 (minimax), calc took 18ms, waiting 900ms (50x)
[COMPUTER] Ponder g8h6 -> f5f6 (5854ms total)
[COMPUTER] Ponder c7c6 -> e6f7 (842ms total)
[COMPUTER] Ponder g8h6 -> e5f7 (6063ms total)
[COMPUTER] Ponder a7a6 -> e6f7 (1689ms total)
[COMPUTER] Level -0.5: Move a5a4 failed unexpectedly: Move would leave king in check
[DEBUG_MOVE] Triggering computer move! Retry: 8
[COMPUTER] Scheduling move for Black in 1600ms
[COMPUTER] Ponder g8h6 -> f5f6 (6269ms total)
[COMPUTER] Ponder g8h6 -> f5f6 (6472ms total)
[COMPUTER] Ponder g8h6 -> e5f7 (6675ms total)
[COMPUTER] Ponder g8h6 -> f5f6 (6886ms total)
[COMPUTER] Ponder a7a6 -> e6f7 (1902ms total)
[COMPUTER] Ponder c7c5 -> e6f7 (641ms total)
[COMPUTER] Ponder g8h6 -> e5f7 (7092ms total)
[COMPUTER] Time check - Game clock: 38005ms, Tournament: 475429ms
[SimpleEngine] getLegalMovesForBoard: found 24 moves for Black from board:
[SimpleEngine] getLegalMovesForBoard: found 37 moves for White from board:
[SimpleEngine] getLegalMovesForBoard: found 33 moves for White from board:
[SimpleEngine] getLegalMovesForBoard: found 35 moves for White from board:
[SimpleEngine] getLegalMovesForBoard: found 35 moves for White from board:
[SimpleEngine] getLegalMovesForBoard: found 34 moves for White from board:
[SimpleEngine] getLegalMovesForBoard: found 35 moves for White from board:
[SimpleEngine] getLegalMovesForBoard: found 37 moves for White from board:
[SimpleEngine] getLegalMovesForBoard: found 34 moves for White from board:
[SimpleEngine] getLegalMovesForBoard: found 34 moves for White from board:
[SimpleEngine] getLegalMovesForBoard: found 34 moves for White from board:
[SimpleEngine] getLegalMovesForBoard: found 34 moves for White from board:
[SimpleEngine] getLegalMovesForBoard: found 36 moves for White from board:
[SimpleEngine] getLegalMovesForBoard: found 34 moves for White from board:
[SimpleEngine] getLegalMovesForBoard: found 31 moves for White from board:
[SimpleEngine] getLegalMovesForBoard: found 34 moves for White from board:
[SimpleEngine] getLegalMovesForBoard: found 35 moves for White from board:
[SimpleEngine] getLegalMovesForBoard: found 35 moves for White from board:
[SimpleEngine] getLegalMovesForBoard: found 34 moves for White from board:
[SimpleEngine] getLegalMovesForBoard: found 35 moves for White from board:
[SimpleEngine] getLegalMovesForBoard: found 33 moves for White from board:
[SimpleEngine] getLegalMovesForBoard: found 37 moves for White from board:
[SimpleEngine] getLegalMovesForBoard: found 34 moves for White from board:
[SimpleEngine] getLegalMovesForBoard: found 34 moves for White from board:
[SimpleEngine] getLegalMovesForBoard: found 37 moves for White from board:
[COMPUTER] Level -0.5 (minimax), calc took 15ms, waiting 750ms (50x)
[COMPUTER] Ponder g8h6 -> f5f6 (7295ms total)
[COMPUTER] Ponder g8h6 -> e6f6 (7502ms total)
[COMPUTER] Ponder d7e6 -> e5f7 (410ms total)
[COMPUTER] Ponder g8h6 -> f5f6 (7706ms total)
[COMPUTER] Level -0.5: Move a5a4 failed unexpectedly: Move would leave king in check
[DEBUG_MOVE] Triggering computer move! Retry: 9
[COMPUTER] Scheduling move for Black in 1800ms
[COMPUTER] Ponder c7c6 -> e6f7 (1050ms total)
[COMPUTER] Ponder a7a6 -> e6f7 (2109ms total)
[COMPUTER] Ponder g8h6 -> e5f7 (7912ms total)
[COMPUTER] Ponder g8h6 -> e6b6 (8158ms total)
[COMPUTER] Ponder g8h6 -> f5f6 (8391ms total)
[COMPUTER] Ponder g8h6 -> e6b6 (8640ms total)
[COMPUTER] Time check - Game clock: 38005ms, Tournament: 472857ms
[SimpleEngine] getLegalMovesForBoard: found 24 moves for Black from board:
[SimpleEngine] getLegalMovesForBoard: found 33 moves for White from board:
[SimpleEngine] getLegalMovesForBoard: found 36 moves for White from board:
[SimpleEngine] getLegalMovesForBoard: found 34 moves for White from board:
[SimpleEngine] getLegalMovesForBoard: found 35 moves for White from board:
[SimpleEngine] getLegalMovesForBoard: found 37 moves for White from board:
[SimpleEngine] getLegalMovesForBoard: found 34 moves for White from board:
[SimpleEngine] getLegalMovesForBoard: found 31 moves for White from board:
[SimpleEngine] getLegalMovesForBoard: found 34 moves for White from board:
[SimpleEngine] getLegalMovesForBoard: found 34 moves for White from board:
[SimpleEngine] getLegalMovesForBoard: found 34 moves for White from board:
[SimpleEngine] getLegalMovesForBoard: found 34 moves for White from board:
[SimpleEngine] getLegalMovesForBoard: found 37 moves for White from board:
[SimpleEngine] getLegalMovesForBoard: found 34 moves for White from board:
[SimpleEngine] getLegalMovesForBoard: found 34 moves for White from board:
[SimpleEngine] getLegalMovesForBoard: found 33 moves for White from board:
[SimpleEngine] getLegalMovesForBoard: found 34 moves for White from board:
[SimpleEngine] getLegalMovesForBoard: found 35 moves for White from board:
[SimpleEngine] getLegalMovesForBoard: found 37 moves for White from board:
[SimpleEngine] getLegalMovesForBoard: found 37 moves for White from board:
[SimpleEngine] getLegalMovesForBoard: found 35 moves for White from board:
[SimpleEngine] getLegalMovesForBoard: found 35 moves for White from board:
[SimpleEngine] getLegalMovesForBoard: found 35 moves for White from board:
[SimpleEngine] getLegalMovesForBoard: found 34 moves for White from board:
[SimpleEngine] getLegalMovesForBoard: found 35 moves for White from board:
[COMPUTER] Level -0.5 (minimax), calc took 34ms, waiting 1700ms (50x)
[COMPUTER] Ponder a7a6 -> e6f7 (2470ms total)
[COMPUTER] Ponder g8h6 -> f5f6 (8876ms total)
[Matchmaking] 0 idle computers, 0 active offers, 1 available players
[COMPUTER] Ponder g8h6 -> e5d7 (9079ms total)
[COMPUTER] Ponder g8h6 -> e5d7 (9287ms total)
[COMPUTER] Ponder g8h6 -> f5f6 (9491ms total)
[COMPUTER] Ponder c7c6 -> e6f7 (1268ms total)
[COMPUTER] Ponder g8h6 -> e6b6 (9717ms total)
[COMPUTER] Ponder g8h6 -> e6b6 (9929ms total)
[COMPUTER] Level -0.5: Move a5a4 failed unexpectedly: Move would leave king in check
[DEBUG_MOVE] Triggering computer move! Retry: 10
[COMPUTER] Scheduling move for Black in 2000ms
[DEBUG_MOVE] Turn switch: isWhiteTurn=false, whiteType=computer, blackType=computer
[DEBUG_MOVE] nextPlayerType=computer, computerExists=true, isGameOver=false
[DEBUG_MOVE] computerPlayers.white=true, computerPlayers.black=true
[DEBUG_MOVE] Triggering computer move! Retry: 0
[COMPUTER] Scheduling move for Black in 0ms
[COMPUTER] Time check - Game clock: 584972ms, Tournament: 471038ms
[COMPUTER] Using tournament time (471038ms) instead of game clock (584972ms)
[COMPUTER] Level -1: Using game's getLegalMoves, found 18 moves
[COMPUTER] Level -1: Selected move c6c5, thinking for 4768ms
[COMPUTER] Ponder a7a6 -> e6f7 (2680ms total)
[COMPUTER] Ponder g8h6 -> f5f6 (10139ms total)
[COMPUTER] Ponder g8h6 -> e5f7 (10344ms total)
[Matchmaking] 0 idle computers, 0 active offers, 1 available players
[COMPUTER] Ponder f7e6 -> f5f6 (410ms total)
[COMPUTER] Ponder c7c5 -> e6f7 (864ms total)
[COMPUTER] Ponder g8h6 -> e5f7 (10555ms total)
[COMPUTER] Ponder g8h6 -> e6d5 (10764ms total)
[COMPUTER] Ponder a7a6 -> e6f7 (2891ms total)
[COMPUTER] Ponder g8h6 -> e6f6 (10972ms total)
[COMPUTER] Time check - Game clock: 38005ms, Tournament: 469122ms
[SimpleEngine] getLegalMovesForBoard: found 24 moves for Black from board:
[SimpleEngine] getLegalMovesForBoard: found 34 moves for White from board:
[SimpleEngine] getLegalMovesForBoard: found 33 moves for White from board:
[SimpleEngine] getLegalMovesForBoard: found 37 moves for White from board:
[SimpleEngine] getLegalMovesForBoard: found 34 moves for White from board:
[SimpleEngine] getLegalMovesForBoard: found 35 moves for White from board:
[SimpleEngine] getLegalMovesForBoard: found 37 moves for White from board:
[SimpleEngine] getLegalMovesForBoard: found 37 moves for White from board:
[SimpleEngine] getLegalMovesForBoard: found 35 moves for White from board:
[SimpleEngine] getLegalMovesForBoard: found 34 moves for White from board:
[SimpleEngine] getLegalMovesForBoard: found 36 moves for White from board:
[SimpleEngine] getLegalMovesForBoard: found 34 moves for White from board:
[SimpleEngine] getLegalMovesForBoard: found 33 moves for White from board:
[SimpleEngine] getLegalMovesForBoard: found 35 moves for White from board:
[SimpleEngine] getLegalMovesForBoard: found 37 moves for White from board:
[SimpleEngine] getLegalMovesForBoard: found 34 moves for White from board:
[SimpleEngine] getLegalMovesForBoard: found 34 moves for White from board:
[SimpleEngine] getLegalMovesForBoard: found 35 moves for White from board:
[SimpleEngine] getLegalMovesForBoard: found 34 moves for White from board:
[SimpleEngine] getLegalMovesForBoard: found 34 moves for White from board:
[SimpleEngine] getLegalMovesForBoard: found 31 moves for White from board:
[SimpleEngine] getLegalMovesForBoard: found 35 moves for White from board:
[SimpleEngine] getLegalMovesForBoard: found 34 moves for White from board:
[SimpleEngine] getLegalMovesForBoard: found 34 moves for White from board:
[SimpleEngine] getLegalMovesForBoard: found 35 moves for White from board:
[COMPUTER] Level -0.5 (minimax), calc took 15ms, waiting 750ms (50x)
[COMPUTER] Ponder g8h6 -> e5f7 (11183ms total)
[COMPUTER] Ponder d7d6 -> e6f7 (739ms total)
[COMPUTER] Ponder g8h6 -> f5f6 (11415ms total)
[COMPUTER] Level -0.5: Move a5a4 failed unexpectedly: Move would leave king in check
[DEBUG_MOVE] Triggering computer move! Retry: 11
[COMPUTER] Scheduling move for Black in 2000ms
[COMPUTER] Ponder g8h6 -> e6b6 (11657ms total)
[COMPUTER] Ponder c7c6 -> e6f7 (1588ms total)
[COMPUTER] Ponder a7a6 -> e6f7 (3101ms total)
[Matchmaking] 0 idle computers, 0 active offers, 1 available players
[COMPUTER] Ponder g8h6 -> f5f6 (11881ms total)
[COMPUTER] Ponder g8h6 -> e5f7 (12090ms total)
[COMPUTER] Ponder g8h6 -> e5f7 (12295ms total)
[COMPUTER] Ponder g8h6 -> e6b6 (12499ms total)
[COMPUTER] Ponder a7a6 -> e6f7 (3309ms total)
[COMPUTER] Time check - Game clock: 38005ms, Tournament: 466353ms
[SimpleEngine] getLegalMovesForBoard: found 24 moves for Black from board:
[SimpleEngine] getLegalMovesForBoard: found 34 moves for White from board:
[SimpleEngine] getLegalMovesForBoard: found 34 moves for White from board:
[SimpleEngine] getLegalMovesForBoard: found 37 moves for White from board:
[SimpleEngine] getLegalMovesForBoard: found 34 moves for White from board:
[SimpleEngine] getLegalMovesForBoard: found 34 moves for White from board:
[SimpleEngine] getLegalMovesForBoard: found 35 moves for White from board:
[SimpleEngine] getLegalMovesForBoard: found 33 moves for White from board:
[SimpleEngine] getLegalMovesForBoard: found 35 moves for White from board:
[SimpleEngine] getLegalMovesForBoard: found 35 moves for White from board:
[SimpleEngine] getLegalMovesForBoard: found 34 moves for White from board:
[SimpleEngine] getLegalMovesForBoard: found 31 moves for White from board:
[SimpleEngine] getLegalMovesForBoard: found 37 moves for White from board:
[SimpleEngine] getLegalMovesForBoard: found 34 moves for White from board:
[SimpleEngine] getLegalMovesForBoard: found 35 moves for White from board:
[SimpleEngine] getLegalMovesForBoard: found 35 moves for White from board:
[SimpleEngine] getLegalMovesForBoard: found 34 moves for White from board:
[SimpleEngine] getLegalMovesForBoard: found 37 moves for White from board:
[SimpleEngine] getLegalMovesForBoard: found 34 moves for White from board:
[SimpleEngine] getLegalMovesForBoard: found 35 moves for White from board:
[SimpleEngine] getLegalMovesForBoard: found 34 moves for White from board:
[SimpleEngine] getLegalMovesForBoard: found 34 moves for White from board:
[SimpleEngine] getLegalMovesForBoard: found 36 moves for White from board:
[SimpleEngine] getLegalMovesForBoard: found 37 moves for White from board:
[SimpleEngine] getLegalMovesForBoard: found 33 moves for White from board:
[COMPUTER] Level -0.5 (minimax), calc took 29ms, waiting 1450ms (50x)
[COMPUTER] Ponder g8h6 -> e5d7 (12706ms total)
[DEBUG_MOVE] Turn switch: isWhiteTurn=true, whiteType=computer, blackType=computer
[DEBUG_MOVE] nextPlayerType=computer, computerExists=true, isGameOver=false
[DEBUG_MOVE] computerPlayers.white=true, computerPlayers.black=true
[DEBUG_MOVE] Triggering computer move! Retry: 0
[COMPUTER] Scheduling move for White in 0ms
[COMPUTER] Time check - Game clock: 558602ms, Tournament: 466269ms
[COMPUTER] Using tournament time (466269ms) instead of game clock (558602ms)
[COMPUTER] Level 0: Using game's getLegalMoves, found 24 moves
[COMPUTER] Level 0: Selected move a2a3, thinking for 9325ms
[COMPUTER] Ponder g8h6 -> f5f6 (12911ms total)
[COMPUTER] Ponder g8h6 -> e6b6 (13125ms total)
[COMPUTER] Ponder g8h6 -> e6b6 (13340ms total)
[Matchmaking] 0 idle computers, 0 active offers, 1 available players
[COMPUTER] Ponder a7a6 -> e6f7 (3519ms total)
[COMPUTER] Ponder g7g6 -> e6f7 (413ms total)
[COMPUTER] Ponder g8h6 -> f5f6 (13563ms total)
[COMPUTER] Level -0.5: Move a5a4 failed unexpectedly: Move would leave king in check
[DEBUG_MOVE] Triggering computer move! Retry: 12
[COMPUTER] Scheduling move for Black in 2000ms
[COMPUTER] Ponder g8h6 -> f5f6 (13780ms total)
[COMPUTER] Ponder g8h6 -> e6b6 (13992ms total)
[Matchmaking] 0 idle computers, 0 active offers, 1 available players
[COMPUTER] Ponder c7c5 -> e6f7 (1079ms total)
[COMPUTER] Ponder g8h6 -> e5f7 (14211ms total)
[COMPUTER] Ponder a7a6 -> e6f7 (3744ms total)
[COMPUTER] Ponder g8h6 -> e5f7 (14447ms total)
[COMPUTER] Ponder c7c6 -> e6f7 (1799ms total)
[COMPUTER] Ponder g8h6 -> e6b6 (14657ms total)
[COMPUTER] Ponder g8h6 -> f5f6 (14864ms total)
[COMPUTER] Time check - Game clock: 38005ms, Tournament: 462873ms
[SimpleEngine] getLegalMovesForBoard: found 24 moves for Black from board:
[SimpleEngine] getLegalMovesForBoard: found 33 moves for White from board:
[SimpleEngine] getLegalMovesForBoard: found 34 moves for White from board:
[SimpleEngine] getLegalMovesForBoard: found 34 moves for White from board:
[SimpleEngine] getLegalMovesForBoard: found 35 moves for White from board:
[SimpleEngine] getLegalMovesForBoard: found 34 moves for White from board:
[SimpleEngine] getLegalMovesForBoard: found 36 moves for White from board:
[SimpleEngine] getLegalMovesForBoard: found 34 moves for White from board:
[SimpleEngine] getLegalMovesForBoard: found 37 moves for White from board:
[SimpleEngine] getLegalMovesForBoard: found 35 moves for White from board:
[SimpleEngine] getLegalMovesForBoard: found 34 moves for White from board:
[SimpleEngine] getLegalMovesForBoard: found 34 moves for White from board:
[SimpleEngine] getLegalMovesForBoard: found 37 moves for White from board:
[SimpleEngine] getLegalMovesForBoard: found 35 moves for White from board:
[SimpleEngine] getLegalMovesForBoard: found 34 moves for White from board:
[SimpleEngine] getLegalMovesForBoard: found 34 moves for White from board:
[SimpleEngine] getLegalMovesForBoard: found 35 moves for White from board:
[SimpleEngine] getLegalMovesForBoard: found 34 moves for White from board:
[SimpleEngine] getLegalMovesForBoard: found 35 moves for White from board:
[SimpleEngine] getLegalMovesForBoard: found 33 moves for White from board:
[SimpleEngine] getLegalMovesForBoard: found 37 moves for White from board:
[SimpleEngine] getLegalMovesForBoard: found 34 moves for White from board:
[SimpleEngine] getLegalMovesForBoard: found 31 moves for White from board:
[SimpleEngine] getLegalMovesForBoard: found 37 moves for White from board:
[SimpleEngine] getLegalMovesForBoard: found 35 moves for White from board:
[COMPUTER] Level -0.5 (minimax), calc took 16ms, waiting 800ms (50x)
[COMPUTER] Ponder d7e6 -> f5f6 (631ms total)
[COMPUTER] Ponder g8h6 -> f5f6 (15071ms total)
[COMPUTER] Ponder a7a6 -> e6f7 (3960ms total)
[COMPUTER] Level -0.5: Move a5a4 failed unexpectedly: Move would leave king in check
[DEBUG_MOVE] Triggering computer move! Retry: 13
[COMPUTER] Scheduling move for Black in 2000ms
[COMPUTER] Ponder g8h6 -> f5f6 (15276ms total)
[COMPUTER] Ponder g8h6 -> e5d7 (15498ms total)
[COMPUTER] Ponder g8h6 -> e5c6 (15706ms total)
[COMPUTER] Ponder g8h6 -> e6f6 (16012ms total)
[COMPUTER] Ponder a7a6 -> e6f7 (4198ms total)
[COMPUTER] Ponder g8h6 -> f5f6 (16238ms total)
[COMPUTER] Ponder c7c6 -> e6f7 (2073ms total)
[COMPUTER] Ponder g8h6 -> f5f6 (16452ms total)
[COMPUTER] Time check - Game clock: 38005ms, Tournament: 460054ms
[SimpleEngine] getLegalMovesForBoard: found 24 moves for Black from board:
[SimpleEngine] getLegalMovesForBoard: found 37 moves for White from board:
[SimpleEngine] getLegalMovesForBoard: found 34 moves for White from board:
[SimpleEngine] getLegalMovesForBoard: found 37 moves for White from board:
[SimpleEngine] getLegalMovesForBoard: found 37 moves for White from board:
[SimpleEngine] getLegalMovesForBoard: found 34 moves for White from board:
[SimpleEngine] getLegalMovesForBoard: found 33 moves for White from board:
[SimpleEngine] getLegalMovesForBoard: found 35 moves for White from board:
[SimpleEngine] getLegalMovesForBoard: found 34 moves for White from board:
[SimpleEngine] getLegalMovesForBoard: found 36 moves for White from board:
[SimpleEngine] getLegalMovesForBoard: found 35 moves for White from board:
[SimpleEngine] getLegalMovesForBoard: found 31 moves for White from board:
[SimpleEngine] getLegalMovesForBoard: found 34 moves for White from board:
[SimpleEngine] getLegalMovesForBoard: found 34 moves for White from board:
[SimpleEngine] getLegalMovesForBoard: found 33 moves for White from board:
[SimpleEngine] getLegalMovesForBoard: found 34 moves for White from board:
[SimpleEngine] getLegalMovesForBoard: found 35 moves for White from board:
[SimpleEngine] getLegalMovesForBoard: found 35 moves for White from board:
[SimpleEngine] getLegalMovesForBoard: found 34 moves for White from board:
[SimpleEngine] getLegalMovesForBoard: found 34 moves for White from board:
[SimpleEngine] getLegalMovesForBoard: found 35 moves for White from board:
[SimpleEngine] getLegalMovesForBoard: found 37 moves for White from board:
[SimpleEngine] getLegalMovesForBoard: found 34 moves for White from board:
[SimpleEngine] getLegalMovesForBoard: found 34 moves for White from board:
[SimpleEngine] getLegalMovesForBoard: found 35 moves for White from board:
[COMPUTER] Level -0.5 (minimax), calc took 14ms, waiting 700ms (50x)
[COMPUTER] Ponder g8h6 -> e5f7 (16658ms total)
[COMPUTER] Ponder g8h6 -> e5f7 (16868ms total)
[COMPUTER] Ponder a7a6 -> e6f7 (4404ms total)
[COMPUTER] Level -0.5: Move a5a4 failed unexpectedly: Move would leave king in check
[DEBUG_MOVE] Triggering computer move! Retry: 14
[COMPUTER] Scheduling move for Black in 2000ms
[COMPUTER] Ponder g8h6 -> e5f7 (17075ms total)
[COMPUTER] Ponder g8h6 -> e6b6 (17282ms total)
[COMPUTER] Ponder c7c5 -> e6f7 (1310ms total)
[COMPUTER] Ponder g8h6 -> e5f7 (17746ms total)
[COMPUTER] Ponder a7a6 -> e6f7 (4614ms total)
[COMPUTER] Ponder g8h6 -> f5f6 (18154ms total)
[COMPUTER] Ponder g8h6 -> e5f7 (18378ms total)
[COMPUTER] Time check - Game clock: 38005ms, Tournament: 457337ms
[SimpleEngine] getLegalMovesForBoard: found 24 moves for Black from board:
[SimpleEngine] getLegalMovesForBoard: found 35 moves for White from board:
[SimpleEngine] getLegalMovesForBoard: found 34 moves for White from board:
[SimpleEngine] getLegalMovesForBoard: found 35 moves for White from board:
[SimpleEngine] getLegalMovesForBoard: found 37 moves for White from board:
[SimpleEngine] getLegalMovesForBoard: found 34 moves for White from board:
[SimpleEngine] getLegalMovesForBoard: found 34 moves for White from board:
[SimpleEngine] getLegalMovesForBoard: found 34 moves for White from board:
[SimpleEngine] getLegalMovesForBoard: found 33 moves for White from board:
[SimpleEngine] getLegalMovesForBoard: found 34 moves for White from board:
[SimpleEngine] getLegalMovesForBoard: found 34 moves for White from board:
[SimpleEngine] getLegalMovesForBoard: found 34 moves for White from board:
[SimpleEngine] getLegalMovesForBoard: found 35 moves for White from board:
[SimpleEngine] getLegalMovesForBoard: found 37 moves for White from board:
[SimpleEngine] getLegalMovesForBoard: found 33 moves for White from board:
[SimpleEngine] getLegalMovesForBoard: found 35 moves for White from board:
[SimpleEngine] getLegalMovesForBoard: found 34 moves for White from board:
[SimpleEngine] getLegalMovesForBoard: found 35 moves for White from board:
[SimpleEngine] getLegalMovesForBoard: found 36 moves for White from board:
[SimpleEngine] getLegalMovesForBoard: found 37 moves for White from board:
[SimpleEngine] getLegalMovesForBoard: found 35 moves for White from board:
[SimpleEngine] getLegalMovesForBoard: found 31 moves for White from board:
[SimpleEngine] getLegalMovesForBoard: found 34 moves for White from board:
[SimpleEngine] getLegalMovesForBoard: found 37 moves for White from board:
[SimpleEngine] getLegalMovesForBoard: found 34 moves for White from board:
[COMPUTER] Level -0.5 (minimax), calc took 34ms, waiting 1700ms (50x)
[COMPUTER] Ponder g8h6 -> f5f6 (18678ms total)
[DEBUG_MOVE] Turn switch: isWhiteTurn=false, whiteType=computer, blackType=computer
[DEBUG_MOVE] nextPlayerType=computer, computerExists=true, isGameOver=false
[DEBUG_MOVE] computerPlayers.white=true, computerPlayers.black=true
[DEBUG_MOVE] Triggering computer move! Retry: 0
[COMPUTER] Scheduling move for Black in 0ms
[COMPUTER] Ponder a7a6 -> e6f7 (4829ms total)
[COMPUTER] Time check - Game clock: 580202ms, Tournament: 456941ms
[COMPUTER] Using tournament time (456941ms) instead of game clock (580202ms)
[COMPUTER] Level -1: Using game's getLegalMoves, found 19 moves
[COMPUTER] Level -1: Selected move h7h5, thinking for 4654ms
[COMPUTER] Ponder d7d6 -> e6f7 (956ms total)
[COMPUTER] Ponder c7c6 -> e6f7 (2306ms total)
[COMPUTER] Ponder g8h6 -> f5f6 (18887ms total)
[COMPUTER] Ponder g8h6 -> e5f7 (19111ms total)
[COMPUTER] Ponder g8h6 -> e5f7 (19315ms total)
[COMPUTER] Level -0.5: Move a5a4 failed unexpectedly: Move would leave king in check
[DEBUG_MOVE] Triggering computer move! Retry: 15
[COMPUTER] Scheduling move for Black in 2000ms
[COMPUTER] Ponder g8h6 -> f5f6 (19535ms total)
[COMPUTER] Ponder a7a6 -> e6f7 (5042ms total)
[COMPUTER] Ponder g8h6 -> f5f6 (19739ms total)
[COMPUTER] Ponder g8h6 -> e6b6 (19965ms total)
[COMPUTER] Ponder g8h6 -> f5f6 (20179ms total)
[COMPUTER] Ponder f7e6 -> f5f6 (614ms total)
[COMPUTER] Ponder a7a6 -> e6f7 (5245ms total)
[COMPUTER] Ponder g8h6 -> e5f7 (20393ms total)
[COMPUTER] Ponder g8h6 -> e5f7 (20604ms total)
[COMPUTER] Time check - Game clock: 38005ms, Tournament: 453571ms
[SimpleEngine] getLegalMovesForBoard: found 24 moves for Black from board:
[SimpleEngine] getLegalMovesForBoard: found 34 moves for White from board:
[SimpleEngine] getLegalMovesForBoard: found 35 moves for White from board:
[SimpleEngine] getLegalMovesForBoard: found 35 moves for White from board:
[SimpleEngine] getLegalMovesForBoard: found 33 moves for White from board:
[SimpleEngine] getLegalMovesForBoard: found 36 moves for White from board:
[SimpleEngine] getLegalMovesForBoard: found 34 moves for White from board:
[SimpleEngine] getLegalMovesForBoard: found 34 moves for White from board:
[SimpleEngine] getLegalMovesForBoard: found 34 moves for White from board:
[SimpleEngine] getLegalMovesForBoard: found 35 moves for White from board:
[SimpleEngine] getLegalMovesForBoard: found 34 moves for White from board:
[SimpleEngine] getLegalMovesForBoard: found 35 moves for White from board:
[SimpleEngine] getLegalMovesForBoard: found 37 moves for White from board:
[SimpleEngine] getLegalMovesForBoard: found 34 moves for White from board:
[SimpleEngine] getLegalMovesForBoard: found 37 moves for White from board:
[SimpleEngine] getLegalMovesForBoard: found 35 moves for White from board:
[SimpleEngine] getLegalMovesForBoard: found 33 moves for White from board:
[SimpleEngine] getLegalMovesForBoard: found 37 moves for White from board:
[SimpleEngine] getLegalMovesForBoard: found 34 moves for White from board:
[SimpleEngine] getLegalMovesForBoard: found 31 moves for White from board:
[SimpleEngine] getLegalMovesForBoard: found 34 moves for White from board:
[SimpleEngine] getLegalMovesForBoard: found 37 moves for White from board:
[SimpleEngine] getLegalMovesForBoard: found 35 moves for White from board:
[SimpleEngine] getLegalMovesForBoard: found 34 moves for White from board:
[SimpleEngine] getLegalMovesForBoard: found 34 moves for White from board:
[COMPUTER] Level -0.5 (minimax), calc took 26ms, waiting 1300ms (50x)
[COMPUTER] Ponder g8h6 -> f5f6 (20829ms total)
[COMPUTER] Ponder c7c6 -> e6f7 (2529ms total)
[COMPUTER] Ponder g8h6 -> f5f6 (21035ms total)
[COMPUTER] Ponder c7c5 -> e6f7 (1515ms total)
[COMPUTER] Ponder a7a6 -> e6f7 (5450ms total)
[COMPUTER] Ponder g8h6 -> f5f6 (21244ms total)
[DEBUG_MOVE] Turn switch: isWhiteTurn=true, whiteType=computer, blackType=computer
[DEBUG_MOVE] nextPlayerType=computer, computerExists=true, isGameOver=false
[DEBUG_MOVE] computerPlayers.white=true, computerPlayers.black=true
[DEBUG_MOVE] Triggering computer move! Retry: 0
[COMPUTER] Scheduling move for White in 0ms
[COMPUTER] Time check - Game clock: 549276ms, Tournament: 452284ms
[COMPUTER] Using tournament time (452284ms) instead of game clock (549276ms)
[COMPUTER] Level 0: Using game's getLegalMoves, found 23 moves
[COMPUTER] Level 0: Selected move h2h4, thinking for 9045ms
[COMPUTER] Level -0.5: Move a5a4 failed unexpectedly: Move would leave king in check
[DEBUG_MOVE] Triggering computer move! Retry: 16
[COMPUTER] Scheduling move for Black in 2000ms
[COMPUTER] Ponder g8h6 -> e5f7 (21456ms total)
[COMPUTER] Ponder g8h6 -> f5f6 (21661ms total)
[COMPUTER] Ponder g8h6 -> f5f6 (21880ms total)
[COMPUTER] Ponder a7a6 -> e6f7 (5671ms total)
[COMPUTER] Ponder g8h6 -> e5f7 (22092ms total)
[COMPUTER] Ponder g8h6 -> e6b6 (22319ms total)
[COMPUTER] Ponder g8h6 -> e5f7 (22592ms total)
[COMPUTER] Ponder g8h6 -> f5f6 (22806ms total)
[COMPUTER] Ponder a7a6 -> e6f7 (5877ms total)
[COMPUTER] Time check - Game clock: 38005ms, Tournament: 450209ms
[SimpleEngine] getLegalMovesForBoard: found 24 moves for Black from board:
[SimpleEngine] getLegalMovesForBoard: found 34 moves for White from board:
[SimpleEngine] getLegalMovesForBoard: found 34 moves for White from board:
[SimpleEngine] getLegalMovesForBoard: found 35 moves for White from board:
[SimpleEngine] getLegalMovesForBoard: found 37 moves for White from board:
[SimpleEngine] getLegalMovesForBoard: found 33 moves for White from board:
[SimpleEngine] getLegalMovesForBoard: found 34 moves for White from board:
[SimpleEngine] getLegalMovesForBoard: found 33 moves for White from board:
[SimpleEngine] getLegalMovesForBoard: found 35 moves for White from board:
[SimpleEngine] getLegalMovesForBoard: found 35 moves for White from board:
[SimpleEngine] getLegalMovesForBoard: found 34 moves for White from board:
[SimpleEngine] getLegalMovesForBoard: found 34 moves for White from board:
[SimpleEngine] getLegalMovesForBoard: found 35 moves for White from board:
[SimpleEngine] getLegalMovesForBoard: found 34 moves for White from board:
[SimpleEngine] getLegalMovesForBoard: found 34 moves for White from board:
[SimpleEngine] getLegalMovesForBoard: found 36 moves for White from board:
[SimpleEngine] getLegalMovesForBoard: found 37 moves for White from board:
[SimpleEngine] getLegalMovesForBoard: found 34 moves for White from board:
[SimpleEngine] getLegalMovesForBoard: found 34 moves for White from board:
[SimpleEngine] getLegalMovesForBoard: found 37 moves for White from board:
[SimpleEngine] getLegalMovesForBoard: found 31 moves for White from board:
[SimpleEngine] getLegalMovesForBoard: found 35 moves for White from board:
[SimpleEngine] getLegalMovesForBoard: found 35 moves for White from board:
[SimpleEngine] getLegalMovesForBoard: found 37 moves for White from board:
[SimpleEngine] getLegalMovesForBoard: found 34 moves for White from board:
[COMPUTER] Level -0.5 (minimax), calc took 49ms, waiting 2450ms (50x)
[COMPUTER] Ponder d7e6 -> e5f7 (837ms total)
[COMPUTER] Ponder c7c6 -> e6f7 (2855ms total)
[COMPUTER] Ponder g8h6 -> e5f7 (23015ms total)
[COMPUTER] Ponder g8h6 -> e5f7 (23224ms total)
[MONITOR] Running: true, Remaining: 7.5m, ActiveGames: 2, Offers: 0
[COMPUTER] Ponder g8h6 -> e6b6 (23435ms total)
[COMPUTER] Ponder g8h6 -> e5f7 (23660ms total)
[COMPUTER] Ponder a7a6 -> e6f7 (6091ms total)
[COMPUTER] Ponder g8h6 -> e6d5 (23874ms total)
[COMPUTER] Ponder g8h6 -> e5f7 (24079ms total)
[COMPUTER] Ponder d7d6 -> e6f7 (1196ms total)
[COMPUTER] Level -0.5: Move a5a4 failed unexpectedly: Move would leave king in check
[DEBUG_MOVE] Triggering computer move! Retry: 17
[COMPUTER] Scheduling move for Black in 2000ms
[COMPUTER] Ponder g8h6 -> f5f6 (24284ms total)
[COMPUTER] Ponder c7c5 -> e6f7 (1726ms total)
[COMPUTER] Ponder g8h6 -> e6f7 (24501ms total)
[COMPUTER] Ponder a7a6 -> e6f7 (6302ms total)
[COMPUTER] Ponder g8h6 -> e5f7 (24707ms total)
[COMPUTER] Ponder g8h6 -> e5f7 (25009ms total)
[COMPUTER] Ponder g8h6 -> f5f6 (25229ms total)
[Matchmaking] 0 idle computers, 0 active offers, 1 available players
[COMPUTER] Ponder a7a6 -> e6f7 (6512ms total)
[COMPUTER] Ponder g8h6 -> f5f6 (25436ms total)
[COMPUTER] Time check - Game clock: 38005ms, Tournament: 445709ms
[SimpleEngine] getLegalMovesForBoard: found 24 moves for Black from board:
[SimpleEngine] getLegalMovesForBoard: found 35 moves for White from board:
[SimpleEngine] getLegalMovesForBoard: found 35 moves for White from board:
[SimpleEngine] getLegalMovesForBoard: found 34 moves for White from board:
[SimpleEngine] getLegalMovesForBoard: found 35 moves for White from board:
[SimpleEngine] getLegalMovesForBoard: found 34 moves for White from board:
[SimpleEngine] getLegalMovesForBoard: found 35 moves for White from board:
[SimpleEngine] getLegalMovesForBoard: found 33 moves for White from board:
[SimpleEngine] getLegalMovesForBoard: found 34 moves for White from board:
[SimpleEngine] getLegalMovesForBoard: found 34 moves for White from board:
[SimpleEngine] getLegalMovesForBoard: found 34 moves for White from board:
[SimpleEngine] getLegalMovesForBoard: found 35 moves for White from board:
[SimpleEngine] getLegalMovesForBoard: found 36 moves for White from board:
[SimpleEngine] getLegalMovesForBoard: found 34 moves for White from board:
[SimpleEngine] getLegalMovesForBoard: found 37 moves for White from board:
[SimpleEngine] getLegalMovesForBoard: found 35 moves for White from board:
[SimpleEngine] getLegalMovesForBoard: found 34 moves for White from board:
[SimpleEngine] getLegalMovesForBoard: found 37 moves for White from board:
[SimpleEngine] getLegalMovesForBoard: found 31 moves for White from board:
[SimpleEngine] getLegalMovesForBoard: found 37 moves for White from board:
[SimpleEngine] getLegalMovesForBoard: found 33 moves for White from board:
[SimpleEngine] getLegalMovesForBoard: found 37 moves for White from board:
[SimpleEngine] getLegalMovesForBoard: found 34 moves for White from board:
[SimpleEngine] getLegalMovesForBoard: found 34 moves for White from board:
[SimpleEngine] getLegalMovesForBoard: found 34 moves for White from board:
[COMPUTER] Level -0.5 (minimax), calc took 31ms, waiting 1550ms (50x)
[COMPUTER] Ponder g8h6 -> e6b6 (25661ms total)
[COMPUTER] Ponder g8h6 -> f5f6 (25877ms total)
[Matchmaking] 0 idle computers, 0 active offers, 1 available players
[COMPUTER] Ponder c7c6 -> e6f7 (3068ms total)
[COMPUTER] Ponder g8h6 -> e5f7 (26088ms total)
[COMPUTER] Ponder a7a6 -> e6f7 (6725ms total)
[COMPUTER] Ponder g8h6 -> f5f6 (26302ms total)
[COMPUTER] Ponder g8h6 -> e6b6 (26508ms total)
[COMPUTER] Level -0.5: Move a5a4 failed unexpectedly: Move would leave king in check
[DEBUG_MOVE] Triggering computer move! Retry: 18
[COMPUTER] Scheduling move for Black in 2000ms
[COMPUTER] Ponder g7g6 -> e6f7 (622ms total)
[COMPUTER] Ponder g8h6 -> e6d5 (26720ms total)
[COMPUTER] Ponder g8h6 -> e5f7 (26941ms total)
[COMPUTER] Ponder a7a6 -> e6f7 (6931ms total)
[DEBUG_MOVE] Turn switch: isWhiteTurn=false, whiteType=computer, blackType=computer
[DEBUG_MOVE] nextPlayerType=computer, computerExists=true, isGameOver=false
[DEBUG_MOVE] computerPlayers.white=true, computerPlayers.black=true
[DEBUG_MOVE] Triggering computer move! Retry: 0
[COMPUTER] Scheduling move for Black in 0ms
[COMPUTER] Time check - Game clock: 575545ms, Tournament: 443236ms
[COMPUTER] Using tournament time (443236ms) instead of game clock (575545ms)
[COMPUTER] Level -1: Using game's getLegalMoves, found 19 moves
[COMPUTER] Level -1: Selected move c5c4, thinking for 4544ms
[COMPUTER] Ponder g8h6 -> e6b6 (27146ms total)
[COMPUTER] Ponder g8h6 -> e5f7 (27349ms total)
[COMPUTER] Ponder g8h6 -> e6b6 (27560ms total)
[COMPUTER] Ponder g8h6 -> e6b6 (27776ms total)
[COMPUTER] Ponder c7c6 -> e6f7 (3280ms total)
[COMPUTER] Time check - Game clock: 38005ms, Tournament: 442127ms
[SimpleEngine] getLegalMovesForBoard: found 24 moves for Black from board:
[SimpleEngine] getLegalMovesForBoard: found 36 moves for White from board:
[SimpleEngine] getLegalMovesForBoard: found 31 moves for White from board:
[SimpleEngine] getLegalMovesForBoard: found 34 moves for White from board:
[SimpleEngine] getLegalMovesForBoard: found 34 moves for White from board:
[SimpleEngine] getLegalMovesForBoard: found 33 moves for White from board:
[SimpleEngine] getLegalMovesForBoard: found 34 moves for White from board:
[SimpleEngine] getLegalMovesForBoard: found 34 moves for White from board:
[SimpleEngine] getLegalMovesForBoard: found 35 moves for White from board:
[SimpleEngine] getLegalMovesForBoard: found 34 moves for White from board:
[SimpleEngine] getLegalMovesForBoard: found 34 moves for White from board:
[SimpleEngine] getLegalMovesForBoard: found 37 moves for White from board:
[SimpleEngine] getLegalMovesForBoard: found 34 moves for White from board:
[SimpleEngine] getLegalMovesForBoard: found 35 moves for White from board:
[SimpleEngine] getLegalMovesForBoard: found 33 moves for White from board:
[SimpleEngine] getLegalMovesForBoard: found 37 moves for White from board:
[SimpleEngine] getLegalMovesForBoard: found 35 moves for White from board:
[SimpleEngine] getLegalMovesForBoard: found 35 moves for White from board:
[SimpleEngine] getLegalMovesForBoard: found 34 moves for White from board:
[SimpleEngine] getLegalMovesForBoard: found 35 moves for White from board:
[SimpleEngine] getLegalMovesForBoard: found 35 moves for White from board:
[SimpleEngine] getLegalMovesForBoard: found 34 moves for White from board:
[SimpleEngine] getLegalMovesForBoard: found 37 moves for White from board:
[SimpleEngine] getLegalMovesForBoard: found 34 moves for White from board:
[SimpleEngine] getLegalMovesForBoard: found 37 moves for White from board:
[COMPUTER] Level -0.5 (minimax), calc took 10ms, waiting 500ms (50x)
[Matchmaking] 0 idle computers, 0 active offers, 1 available players
[COMPUTER] Ponder c7c5 -> e6f7 (1936ms total)
[COMPUTER] Ponder a7a6 -> e6f7 (7137ms total)
[COMPUTER] Level -0.5: Move a5a4 failed unexpectedly: Move would leave king in check
[DEBUG_MOVE] Triggering computer move! Retry: 19
[COMPUTER] Scheduling move for Black in 2000ms
[COMPUTER] Ponder g8h6 -> e6f7 (27984ms total)
[COMPUTER] Ponder g8h6 -> e5f7 (28192ms total)
[COMPUTER] Ponder g8h6 -> f5f6 (28399ms total)
[COMPUTER] Ponder g8h6 -> e5f7 (28619ms total)
[COMPUTER] Ponder a7a6 -> e6f7 (7342ms total)
[COMPUTER] Ponder g8h6 -> e5f7 (28825ms total)
[COMPUTER] Ponder g8h6 -> e5f7 (29033ms total)
[COMPUTER] Ponder g8h6 -> e5f7 (29244ms total)
[COMPUTER] Ponder g8h6 -> f5f6 (29457ms total)
[COMPUTER] Time check - Game clock: 38005ms, Tournament: 439614ms
[SimpleEngine] getLegalMovesForBoard: found 24 moves for Black from board:
[SimpleEngine] getLegalMovesForBoard: found 35 moves for White from board:
[SimpleEngine] getLegalMovesForBoard: found 34 moves for White from board:
[SimpleEngine] getLegalMovesForBoard: found 36 moves for White from board:
[SimpleEngine] getLegalMovesForBoard: found 34 moves for White from board:
[SimpleEngine] getLegalMovesForBoard: found 34 moves for White from board:
[SimpleEngine] getLegalMovesForBoard: found 34 moves for White from board:
[SimpleEngine] getLegalMovesForBoard: found 35 moves for White from board:
[SimpleEngine] getLegalMovesForBoard: found 33 moves for White from board:
[SimpleEngine] getLegalMovesForBoard: found 37 moves for White from board:
[SimpleEngine] getLegalMovesForBoard: found 37 moves for White from board:
[SimpleEngine] getLegalMovesForBoard: found 37 moves for White from board:
[SimpleEngine] getLegalMovesForBoard: found 34 moves for White from board:
[SimpleEngine] getLegalMovesForBoard: found 34 moves for White from board:
[SimpleEngine] getLegalMovesForBoard: found 34 moves for White from board:
[SimpleEngine] getLegalMovesForBoard: found 31 moves for White from board:
[SimpleEngine] getLegalMovesForBoard: found 34 moves for White from board:
[SimpleEngine] getLegalMovesForBoard: found 35 moves for White from board:
[SimpleEngine] getLegalMovesForBoard: found 35 moves for White from board:
[SimpleEngine] getLegalMovesForBoard: found 34 moves for White from board:
[SimpleEngine] getLegalMovesForBoard: found 34 moves for White from board:
[SimpleEngine] getLegalMovesForBoard: found 35 moves for White from board:
[SimpleEngine] getLegalMovesForBoard: found 33 moves for White from board:
[SimpleEngine] getLegalMovesForBoard: found 35 moves for White from board:
[SimpleEngine] getLegalMovesForBoard: found 37 moves for White from board:
[COMPUTER] Level -0.5 (minimax), calc took 10ms, waiting 500ms (50x)
[COMPUTER] Ponder a7a6 -> e6f7 (7568ms total)
[COMPUTER] Ponder g8h6 -> f5f6 (29665ms total)
[COMPUTER] Ponder c7c6 -> e6f7 (3485ms total)
[COMPUTER] Level -0.5: Move a5a4 failed unexpectedly: Move would leave king in check
[DEBUG_MOVE] Triggering computer move! Retry: 20
[COMPUTER] Scheduling move for Black in 2000ms
[COMPUTER] Ponder g8h6 -> e6d5 (29873ms total)
[COMPUTER] Ponder g8h6 -> f5f6 (30079ms total)
[DEBUG_MOVE] Turn switch: isWhiteTurn=true, whiteType=computer, blackType=computer
[DEBUG_MOVE] nextPlayerType=computer, computerExists=true, isGameOver=false
[DEBUG_MOVE] computerPlayers.white=true, computerPlayers.black=true
[DEBUG_MOVE] Triggering computer move! Retry: 0
[COMPUTER] Scheduling move for White in 0ms
[COMPUTER] Time check - Game clock: 540229ms, Tournament: 438690ms
[COMPUTER] Using tournament time (438690ms) instead of game clock (540229ms)
[COMPUTER] Level 0: Using game's getLegalMoves, found 21 moves
[COMPUTER] Level 0: Selected move d2d3, thinking for 8770ms
[COMPUTER] Ponder d7d6 -> e6f7 (1416ms total)
[COMPUTER] Ponder g8h6 -> e5f7 (30288ms total)
[COMPUTER] Ponder f7e6 -> e2e3 (825ms total)
[COMPUTER] Ponder d7e6 -> f5f3 (1047ms total)
[COMPUTER] Ponder a7a6 -> e6f7 (7803ms total)
[COMPUTER] Ponder g8h6 -> e6f7 (30497ms total)
[Matchmaking] 0 idle computers, 0 active offers, 1 available players
[COMPUTER] Ponder g8h6 -> e5f7 (30709ms total)
[COMPUTER] Time check - Game clock: 38005ms, Tournament: 437102ms
[SimpleEngine] getLegalMovesForBoard: found 24 moves for Black from board:
[SimpleEngine] getLegalMovesForBoard: found 31 moves for White from board:
[SimpleEngine] getLegalMovesForBoard: found 35 moves for White from board:
[SimpleEngine] getLegalMovesForBoard: found 34 moves for White from board:
[SimpleEngine] getLegalMovesForBoard: found 34 moves for White from board:
[SimpleEngine] getLegalMovesForBoard: found 37 moves for White from board:
[SimpleEngine] getLegalMovesForBoard: found 34 moves for White from board:
[SimpleEngine] getLegalMovesForBoard: found 34 moves for White from board:
[SimpleEngine] getLegalMovesForBoard: found 36 moves for White from board:
[SimpleEngine] getLegalMovesForBoard: found 34 moves for White from board:
[SimpleEngine] getLegalMovesForBoard: found 34 moves for White from board:
[SimpleEngine] getLegalMovesForBoard: found 34 moves for White from board:
[SimpleEngine] getLegalMovesForBoard: found 37 moves for White from board:
[SimpleEngine] getLegalMovesForBoard: found 37 moves for White from board:
[SimpleEngine] getLegalMovesForBoard: found 35 moves for White from board:
[SimpleEngine] getLegalMovesForBoard: found 35 moves for White from board:
[SimpleEngine] getLegalMovesForBoard: found 37 moves for White from board:
[SimpleEngine] getLegalMovesForBoard: found 34 moves for White from board:
[SimpleEngine] getLegalMovesForBoard: found 35 moves for White from board:
[SimpleEngine] getLegalMovesForBoard: found 33 moves for White from board:
[SimpleEngine] getLegalMovesForBoard: found 33 moves for White from board:
[SimpleEngine] getLegalMovesForBoard: found 35 moves for White from board:
[SimpleEngine] getLegalMovesForBoard: found 35 moves for White from board:
[SimpleEngine] getLegalMovesForBoard: found 34 moves for White from board:
[SimpleEngine] getLegalMovesForBoard: found 34 moves for White from board:
[COMPUTER] Level -0.5 (minimax), calc took 12ms, waiting 600ms (50x)
[COMPUTER] Ponder g8h6 -> e5f7 (30913ms total)
[COMPUTER] Ponder g8h6 -> e6f6 (31121ms total)
[COMPUTER] Level -0.5: Move a5a4 failed unexpectedly: Move would leave king in check
[DEBUG_MOVE] Triggering computer move! Retry: 21
[COMPUTER] Scheduling move for Black in 2000ms
[COMPUTER] Ponder c7c5 -> e6f7 (2139ms total)
[COMPUTER] Ponder g8h6 -> e6b6 (31323ms total)
[COMPUTER] Ponder a7a6 -> e6f7 (8011ms total)
[COMPUTER] Ponder g8h6 -> f5f6 (31527ms total)
[COMPUTER] Ponder c7c6 -> e6f7 (3707ms total)
[COMPUTER] Ponder g8h6 -> f5f6 (31735ms total)
[COMPUTER] Ponder g8h6 -> e6d5 (31942ms total)
[Matchmaking] 0 idle computers, 0 active offers, 1 available players
[COMPUTER] Ponder g8h6 -> f5f6 (32145ms total)
[COMPUTER] Ponder a7a6 -> e6f7 (8219ms total)
[COMPUTER] Time check - Game clock: 38005ms, Tournament: 434485ms
[SimpleEngine] getLegalMovesForBoard: found 24 moves for Black from board:
[SimpleEngine] getLegalMovesForBoard: found 35 moves for White from board:
[SimpleEngine] getLegalMovesForBoard: found 35 moves for White from board:
[SimpleEngine] getLegalMovesForBoard: found 34 moves for White from board:
[SimpleEngine] getLegalMovesForBoard: found 37 moves for White from board:
[SimpleEngine] getLegalMovesForBoard: found 31 moves for White from board:
[SimpleEngine] getLegalMovesForBoard: found 34 moves for White from board:
[SimpleEngine] getLegalMovesForBoard: found 34 moves for White from board:
[SimpleEngine] getLegalMovesForBoard: found 34 moves for White from board:
[SimpleEngine] getLegalMovesForBoard: found 33 moves for White from board:
[SimpleEngine] getLegalMovesForBoard: found 34 moves for White from board:
[SimpleEngine] getLegalMovesForBoard: found 34 moves for White from board:
[SimpleEngine] getLegalMovesForBoard: found 37 moves for White from board:
[SimpleEngine] getLegalMovesForBoard: found 34 moves for White from board:
[SimpleEngine] getLegalMovesForBoard: found 35 moves for White from board:
[SimpleEngine] getLegalMovesForBoard: found 35 moves for White from board:
[SimpleEngine] getLegalMovesForBoard: found 34 moves for White from board:
[SimpleEngine] getLegalMovesForBoard: found 34 moves for White from board:
[SimpleEngine] getLegalMovesForBoard: found 34 moves for White from board:
[SimpleEngine] getLegalMovesForBoard: found 33 moves for White from board:
[SimpleEngine] getLegalMovesForBoard: found 35 moves for White from board:
[SimpleEngine] getLegalMovesForBoard: found 37 moves for White from board:
[SimpleEngine] getLegalMovesForBoard: found 35 moves for White from board:
[SimpleEngine] getLegalMovesForBoard: found 36 moves for White from board:
[SimpleEngine] getLegalMovesForBoard: found 37 moves for White from board:
[COMPUTER] Level -0.5 (minimax), calc took 13ms, waiting 650ms (50x)
[COMPUTER] Ponder g8h6 -> e6f7 (32363ms total)
[COMPUTER] Ponder g8h6 -> e5f7 (32566ms total)
[COMPUTER] Ponder g8h6 -> e6f7 (32774ms total)
[COMPUTER] Level -0.5: Move a5a4 failed unexpectedly: Move would leave king in check
[DEBUG_MOVE] Triggering computer move! Retry: 22
[COMPUTER] Scheduling move for Black in 2000ms
[COMPUTER] Ponder g8h6 -> f5f6 (32980ms total)
[COMPUTER] Ponder a7a6 -> e6f7 (8424ms total)
[COMPUTER] Ponder g8h6 -> e5f7 (33190ms total)
[COMPUTER] Ponder g8h6 -> e6b6 (33400ms total)
[COMPUTER] Ponder c7c6 -> e6f7 (3927ms total)
[COMPUTER] Ponder g8h6 -> e6f6 (33609ms total)
[COMPUTER] Ponder g8h6 -> e5f7 (33816ms total)
[COMPUTER] Ponder a7a6 -> e6f7 (8632ms total)
[COMPUTER] Ponder g8h6 -> e6f7 (34024ms total)
[COMPUTER] Ponder g8h6 -> f5f6 (34234ms total)
[COMPUTER] Time check - Game clock: 38005ms, Tournament: 431821ms
[SimpleEngine] getLegalMovesForBoard: found 24 moves for Black from board:
[SimpleEngine] getLegalMovesForBoard: found 34 moves for White from board:
[SimpleEngine] getLegalMovesForBoard: found 36 moves for White from board:
[SimpleEngine] getLegalMovesForBoard: found 33 moves for White from board:
[SimpleEngine] getLegalMovesForBoard: found 34 moves for White from board:
[SimpleEngine] getLegalMovesForBoard: found 35 moves for White from board:
[SimpleEngine] getLegalMovesForBoard: found 37 moves for White from board:
[SimpleEngine] getLegalMovesForBoard: found 34 moves for White from board:
[SimpleEngine] getLegalMovesForBoard: found 35 moves for White from board:
[SimpleEngine] getLegalMovesForBoard: found 37 moves for White from board:
[SimpleEngine] getLegalMovesForBoard: found 31 moves for White from board:
[SimpleEngine] getLegalMovesForBoard: found 35 moves for White from board:
[SimpleEngine] getLegalMovesForBoard: found 37 moves for White from board:
[SimpleEngine] getLegalMovesForBoard: found 35 moves for White from board:
[SimpleEngine] getLegalMovesForBoard: found 33 moves for White from board:
[SimpleEngine] getLegalMovesForBoard: found 34 moves for White from board:
[SimpleEngine] getLegalMovesForBoard: found 35 moves for White from board:
[SimpleEngine] getLegalMovesForBoard: found 35 moves for White from board:
[SimpleEngine] getLegalMovesForBoard: found 34 moves for White from board:
[SimpleEngine] getLegalMovesForBoard: found 37 moves for White from board:
[SimpleEngine] getLegalMovesForBoard: found 34 moves for White from board:
[SimpleEngine] getLegalMovesForBoard: found 34 moves for White from board:
[SimpleEngine] getLegalMovesForBoard: found 34 moves for White from board:
[SimpleEngine] getLegalMovesForBoard: found 34 moves for White from board:
[SimpleEngine] getLegalMovesForBoard: found 34 moves for White from board:
[COMPUTER] Level -0.5 (minimax), calc took 12ms, waiting 600ms (50x)
[COMPUTER] Ponder g8h6 -> e6b6 (34443ms total)
[COMPUTER] Ponder c7c5 -> e6f7 (2355ms total)
[COMPUTER] Level -0.5: Move a5a4 failed unexpectedly: Move would leave king in check
[DEBUG_MOVE] Triggering computer move! Retry: 23
[COMPUTER] Scheduling move for Black in 2000ms
[COMPUTER] Ponder g8h6 -> e6f6 (34652ms total)
[COMPUTER] Ponder a7a6 -> e6f7 (8847ms total)
[COMPUTER] Ponder g8h6 -> e5f7 (34862ms total)
[COMPUTER] Ponder g8h6 -> f5f6 (35071ms total)
[COMPUTER] Ponder g8h6 -> e5f7 (35276ms total)
[COMPUTER] Ponder g8h6 -> f5f6 (35479ms total)
[DEBUG_MOVE] Turn switch: isWhiteTurn=false, whiteType=computer, blackType=computer
[DEBUG_MOVE] nextPlayerType=computer, computerExists=true, isGameOver=false
[DEBUG_MOVE] computerPlayers.white=true, computerPlayers.black=true
[DEBUG_MOVE] Triggering computer move! Retry: 0
[COMPUTER] Scheduling move for Black in 0ms
[COMPUTER] Time check - Game clock: 570999ms, Tournament: 429918ms
[COMPUTER] Using tournament time (429918ms) instead of game clock (570999ms)
[COMPUTER] Level -1: Using game's getLegalMoves, found 20 moves
[COMPUTER] Level -1: Selected move h8h7, thinking for 4438ms
[COMPUTER] Ponder c7c6 -> e6f7 (4138ms total)
[COMPUTER] Ponder a7a6 -> e6f7 (9063ms total)
[COMPUTER] Ponder d7d6 -> e6f7 (1620ms total)
[COMPUTER] Time check - Game clock: 38005ms, Tournament: 429208ms
[SimpleEngine] getLegalMovesForBoard: found 24 moves for Black from board:
[SimpleEngine] getLegalMovesForBoard: found 33 moves for White from board:
[SimpleEngine] getLegalMovesForBoard: found 34 moves for White from board:
[SimpleEngine] getLegalMovesForBoard: found 34 moves for White from board:
[SimpleEngine] getLegalMovesForBoard: found 35 moves for White from board:
[SimpleEngine] getLegalMovesForBoard: found 36 moves for White from board:
[SimpleEngine] getLegalMovesForBoard: found 37 moves for White from board:
[SimpleEngine] getLegalMovesForBoard: found 35 moves for White from board:
[SimpleEngine] getLegalMovesForBoard: found 34 moves for White from board:
[SimpleEngine] getLegalMovesForBoard: found 37 moves for White from board:
[SimpleEngine] getLegalMovesForBoard: found 34 moves for White from board:
[SimpleEngine] getLegalMovesForBoard: found 34 moves for White from board:
[SimpleEngine] getLegalMovesForBoard: found 37 moves for White from board:
[SimpleEngine] getLegalMovesForBoard: found 35 moves for White from board:
[SimpleEngine] getLegalMovesForBoard: found 34 moves for White from board:
[SimpleEngine] getLegalMovesForBoard: found 35 moves for White from board:
[SimpleEngine] getLegalMovesForBoard: found 34 moves for White from board:
[SimpleEngine] getLegalMovesForBoard: found 35 moves for White from board:
[SimpleEngine] getLegalMovesForBoard: found 34 moves for White from board:
[SimpleEngine] getLegalMovesForBoard: found 37 moves for White from board:
[SimpleEngine] getLegalMovesForBoard: found 31 moves for White from board:
[SimpleEngine] getLegalMovesForBoard: found 33 moves for White from board:
[SimpleEngine] getLegalMovesForBoard: found 34 moves for White from board:
[SimpleEngine] getLegalMovesForBoard: found 35 moves for White from board:
[SimpleEngine] getLegalMovesForBoard: found 34 moves for White from board:
[COMPUTER] Level -0.5 (minimax), calc took 9ms, waiting 450ms (50x)
[COMPUTER] Ponder g8h6 -> f5f6 (35687ms total)
[COMPUTER] Ponder g8h6 -> f5f6 (35902ms total)
[COMPUTER] Level -0.5: Move a5a4 failed unexpectedly: Move would leave king in check
[DEBUG_MOVE] Triggering computer move! Retry: 24
[COMPUTER] Scheduling move for Black in 2000ms
[COMPUTER] Ponder g8h6 -> e5f7 (36114ms total)
[COMPUTER] Ponder g8h6 -> f5f6 (36326ms total)
[COMPUTER] Ponder a7a6 -> e6f7 (9279ms total)
[MONITOR] Running: true, Remaining: 7.1m, ActiveGames: 2, Offers: 0
[COMPUTER] Ponder g8h6 -> e5f7 (36539ms total)
[COMPUTER] Ponder g8h6 -> e5f7 (36742ms total)
[COMPUTER] Ponder g8h6 -> e6b6 (36946ms total)
[COMPUTER] Ponder g8h6 -> e6f7 (37152ms total)
[COMPUTER] Ponder a7a6 -> e6f7 (9492ms total)
[COMPUTER] Ponder g8h6 -> e6b6 (37369ms total)
[COMPUTER] Time check - Game clock: 38005ms, Tournament: 426746ms
[SimpleEngine] getLegalMovesForBoard: found 24 moves for Black from board:
[SimpleEngine] getLegalMovesForBoard: found 37 moves for White from board:
[SimpleEngine] getLegalMovesForBoard: found 35 moves for White from board:
[SimpleEngine] getLegalMovesForBoard: found 34 moves for White from board:
[SimpleEngine] getLegalMovesForBoard: found 35 moves for White from board:
[SimpleEngine] getLegalMovesForBoard: found 37 moves for White from board:
[SimpleEngine] getLegalMovesForBoard: found 34 moves for White from board:
[SimpleEngine] getLegalMovesForBoard: found 35 moves for White from board:
[SimpleEngine] getLegalMovesForBoard: found 31 moves for White from board:
[SimpleEngine] getLegalMovesForBoard: found 33 moves for White from board:
[SimpleEngine] getLegalMovesForBoard: found 37 moves for White from board:
[SimpleEngine] getLegalMovesForBoard: found 34 moves for White from board:
[SimpleEngine] getLegalMovesForBoard: found 34 moves for White from board:
[SimpleEngine] getLegalMovesForBoard: found 34 moves for White from board:
[SimpleEngine] getLegalMovesForBoard: found 37 moves for White from board:
[SimpleEngine] getLegalMovesForBoard: found 34 moves for White from board:
[SimpleEngine] getLegalMovesForBoard: found 34 moves for White from board:
[SimpleEngine] getLegalMovesForBoard: found 36 moves for White from board:
[SimpleEngine] getLegalMovesForBoard: found 34 moves for White from board:
[SimpleEngine] getLegalMovesForBoard: found 34 moves for White from board:
[SimpleEngine] getLegalMovesForBoard: found 33 moves for White from board:
[SimpleEngine] getLegalMovesForBoard: found 35 moves for White from board:
[SimpleEngine] getLegalMovesForBoard: found 34 moves for White from board:
[SimpleEngine] getLegalMovesForBoard: found 35 moves for White from board:
[SimpleEngine] getLegalMovesForBoard: found 35 moves for White from board:
[COMPUTER] Level -0.5 (minimax), calc took 10ms, waiting 500ms (50x)
[COMPUTER] Ponder c7c6 -> e6f7 (4348ms total)
[COMPUTER] Ponder g8h6 -> e6f6 (37577ms total)
[COMPUTER] Ponder g8h6 -> e6d5 (37798ms total)
[COMPUTER] Level -0.5: Move a5a4 failed unexpectedly: Move would leave king in check
[DEBUG_MOVE] Triggering computer move! Retry: 25
[COMPUTER] Scheduling move for Black in 2000ms
[COMPUTER] Ponder c7c5 -> e6f7 (2561ms total)
[COMPUTER] Ponder d7e6 -> f5f6 (1252ms total)
[COMPUTER] Ponder g8h6 -> e5f7 (38008ms total)
[DEBUG_MOVE] Turn switch: isWhiteTurn=true, whiteType=computer, blackType=computer
[DEBUG_MOVE] nextPlayerType=computer, computerExists=true, isGameOver=false
[DEBUG_MOVE] computerPlayers.white=true, computerPlayers.black=true
[DEBUG_MOVE] Triggering computer move! Retry: 0
[COMPUTER] Scheduling move for White in 0ms
[COMPUTER] Time check - Game clock: 531456ms, Tournament: 425468ms
[COMPUTER] Using tournament time (425468ms) instead of game clock (531456ms)
[COMPUTER] Level 0: Using game's getLegalMoves, found 29 moves
[COMPUTER] Level 0: Selected move b1d2, thinking for 8505ms
[COMPUTER] Ponder a7a6 -> e6f7 (9706ms total)
[COMPUTER] Ponder g8h6 -> e5f7 (38217ms total)
[COMPUTER] Ponder g8h6 -> e5f7 (38427ms total)
[COMPUTER] Ponder g8h6 -> f5f6 (38633ms total)
[COMPUTER] Ponder g8h6 -> f5f6 (38852ms total)
[COMPUTER] Ponder a7a6 -> e6f7 (9914ms total)
[COMPUTER] Time check - Game clock: 38005ms, Tournament: 424236ms
[SimpleEngine] getLegalMovesForBoard: found 24 moves for Black from board:
[SimpleEngine] getLegalMovesForBoard: found 34 moves for White from board:
[SimpleEngine] getLegalMovesForBoard: found 35 moves for White from board:
[SimpleEngine] getLegalMovesForBoard: found 35 moves for White from board:
[SimpleEngine] getLegalMovesForBoard: found 37 moves for White from board:
[SimpleEngine] getLegalMovesForBoard: found 31 moves for White from board:
[SimpleEngine] getLegalMovesForBoard: found 34 moves for White from board:
[SimpleEngine] getLegalMovesForBoard: found 37 moves for White from board:
[SimpleEngine] getLegalMovesForBoard: found 37 moves for White from board:
[SimpleEngine] getLegalMovesForBoard: found 35 moves for White from board:
[SimpleEngine] getLegalMovesForBoard: found 34 moves for White from board:
[SimpleEngine] getLegalMovesForBoard: found 34 moves for White from board:
[SimpleEngine] getLegalMovesForBoard: found 34 moves for White from board:
[SimpleEngine] getLegalMovesForBoard: found 35 moves for White from board:
[SimpleEngine] getLegalMovesForBoard: found 34 moves for White from board:
[SimpleEngine] getLegalMovesForBoard: found 34 moves for White from board:
[SimpleEngine] getLegalMovesForBoard: found 34 moves for White from board:
[SimpleEngine] getLegalMovesForBoard: found 37 moves for White from board:
[SimpleEngine] getLegalMovesForBoard: found 34 moves for White from board:
[SimpleEngine] getLegalMovesForBoard: found 35 moves for White from board:
[SimpleEngine] getLegalMovesForBoard: found 33 moves for White from board:
[SimpleEngine] getLegalMovesForBoard: found 36 moves for White from board:
[SimpleEngine] getLegalMovesForBoard: found 33 moves for White from board:
[SimpleEngine] getLegalMovesForBoard: found 35 moves for White from board:
[SimpleEngine] getLegalMovesForBoard: found 34 moves for White from board:
[COMPUTER] Level -0.5 (minimax), calc took 12ms, waiting 600ms (50x)
[COMPUTER] Ponder g8h6 -> f5f6 (39059ms total)
[COMPUTER] Ponder g8h6 -> e5f7 (39277ms total)
[COMPUTER] Level -0.5: Move a5a4 failed unexpectedly: Move would leave king in check
[DEBUG_MOVE] Triggering computer move! Retry: 26
[COMPUTER] Scheduling move for Black in 2000ms
[COMPUTER] Ponder c7c6 -> e6f7 (4556ms total)
[COMPUTER] Ponder g8h6 -> e5f7 (39498ms total)
[COMPUTER] Ponder g8h6 -> e5d7 (39738ms total)
[COMPUTER] Ponder a7a6 -> e6f7 (10140ms total)
[COMPUTER] Ponder g8h6 -> f5f6 (39944ms total)
[COMPUTER] Ponder g7g6 -> e6f7 (835ms total)
[COMPUTER] Ponder g8h6 -> e5f7 (40156ms total)
[MONITOR] Running: true, Remaining: 7.0m, ActiveGames: 2, Offers: 0
[COMPUTER] Ponder g8h6 -> f5f6 (40370ms total)
[COMPUTER] Ponder g8h6 -> f5f6 (40607ms total)
[COMPUTER] Time check - Game clock: 38005ms, Tournament: 421615ms
[SimpleEngine] getLegalMovesForBoard: found 24 moves for Black from board:
[SimpleEngine] getLegalMovesForBoard: found 34 moves for White from board:
[SimpleEngine] getLegalMovesForBoard: found 34 moves for White from board:
[SimpleEngine] getLegalMovesForBoard: found 34 moves for White from board:
[SimpleEngine] getLegalMovesForBoard: found 34 moves for White from board:
[SimpleEngine] getLegalMovesForBoard: found 34 moves for White from board:
[SimpleEngine] getLegalMovesForBoard: found 34 moves for White from board:
[SimpleEngine] getLegalMovesForBoard: found 37 moves for White from board:
[SimpleEngine] getLegalMovesForBoard: found 35 moves for White from board:
[SimpleEngine] getLegalMovesForBoard: found 37 moves for White from board:
[SimpleEngine] getLegalMovesForBoard: found 35 moves for White from board:
[SimpleEngine] getLegalMovesForBoard: found 34 moves for White from board:
[SimpleEngine] getLegalMovesForBoard: found 31 moves for White from board:
[SimpleEngine] getLegalMovesForBoard: found 35 moves for White from board:
[SimpleEngine] getLegalMovesForBoard: found 34 moves for White from board:
[SimpleEngine] getLegalMovesForBoard: found 37 moves for White from board:
[SimpleEngine] getLegalMovesForBoard: found 35 moves for White from board:
[SimpleEngine] getLegalMovesForBoard: found 35 moves for White from board:
[SimpleEngine] getLegalMovesForBoard: found 37 moves for White from board:
[SimpleEngine] getLegalMovesForBoard: found 35 moves for White from board:
[SimpleEngine] getLegalMovesForBoard: found 34 moves for White from board:
[SimpleEngine] getLegalMovesForBoard: found 33 moves for White from board:
[SimpleEngine] getLegalMovesForBoard: found 33 moves for White from board:
[SimpleEngine] getLegalMovesForBoard: found 36 moves for White from board:
[SimpleEngine] getLegalMovesForBoard: found 34 moves for White from board:
[COMPUTER] Level -0.5 (minimax), calc took 14ms, waiting 700ms (50x)
[COMPUTER] Ponder f7e6 -> e5g6 (1052ms total)
[COMPUTER] Ponder d7d6 -> e6f7 (1838ms total)
[COMPUTER] Ponder a7a6 -> e6f7 (10344ms total)
[COMPUTER] Level -0.5: Move a5a4 failed unexpectedly: Move would leave king in check
[DEBUG_MOVE] Triggering computer move! Retry: 27
[COMPUTER] Scheduling move for Black in 2000ms
[COMPUTER] Ponder g8h6 -> f5f6 (40815ms total)
[COMPUTER] Ponder g8h6 -> e5f7 (41035ms total)
[COMPUTER] Ponder c7c5 -> e6f7 (2764ms total)
[COMPUTER] Ponder c7c6 -> e6f7 (4767ms total)
[COMPUTER] Ponder g8h6 -> f5f6 (41250ms total)
[COMPUTER] Ponder g8h6 -> e6f6 (41455ms total)
[COMPUTER] Ponder a7a6 -> e6f7 (10547ms total)
[COMPUTER] Ponder g8h6 -> e5f7 (41668ms total)
[COMPUTER] Ponder g8h6 -> e5f7 (41878ms total)
[COMPUTER] Time check - Game clock: 38005ms, Tournament: 418898ms
[SimpleEngine] getLegalMovesForBoard: found 24 moves for Black from board:
[SimpleEngine] getLegalMovesForBoard: found 34 moves for White from board:
[SimpleEngine] getLegalMovesForBoard: found 33 moves for White from board:
[SimpleEngine] getLegalMovesForBoard: found 37 moves for White from board:
[SimpleEngine] getLegalMovesForBoard: found 35 moves for White from board:
[SimpleEngine] getLegalMovesForBoard: found 34 moves for White from board:
[SimpleEngine] getLegalMovesForBoard: found 35 moves for White from board:
[SimpleEngine] getLegalMovesForBoard: found 34 moves for White from board:
[SimpleEngine] getLegalMovesForBoard: found 34 moves for White from board:
[SimpleEngine] getLegalMovesForBoard: found 34 moves for White from board:
[SimpleEngine] getLegalMovesForBoard: found 34 moves for White from board:
[SimpleEngine] getLegalMovesForBoard: found 36 moves for White from board:
[SimpleEngine] getLegalMovesForBoard: found 31 moves for White from board:
[SimpleEngine] getLegalMovesForBoard: found 34 moves for White from board:
[SimpleEngine] getLegalMovesForBoard: found 35 moves for White from board:
[SimpleEngine] getLegalMovesForBoard: found 33 moves for White from board:
[SimpleEngine] getLegalMovesForBoard: found 34 moves for White from board:
[SimpleEngine] getLegalMovesForBoard: found 34 moves for White from board:
[SimpleEngine] getLegalMovesForBoard: found 34 moves for White from board:
[SimpleEngine] getLegalMovesForBoard: found 35 moves for White from board:
[SimpleEngine] getLegalMovesForBoard: found 35 moves for White from board:
[SimpleEngine] getLegalMovesForBoard: found 37 moves for White from board:
[SimpleEngine] getLegalMovesForBoard: found 35 moves for White from board:
[SimpleEngine] getLegalMovesForBoard: found 37 moves for White from board:
[SimpleEngine] getLegalMovesForBoard: found 37 moves for White from board:
[COMPUTER] Level -0.5 (minimax), calc took 11ms, waiting 550ms (50x)
[COMPUTER] Ponder g8h6 -> e5f7 (42084ms total)
[COMPUTER] Ponder g8h6 -> e5f7 (42293ms total)
[COMPUTER] Ponder a7a6 -> e6f7 (10758ms total)
[COMPUTER] Level -0.5: Move a5a4 failed unexpectedly: Move would leave king in check
[DEBUG_MOVE] Triggering computer move! Retry: 28
[COMPUTER] Scheduling move for Black in 2000ms
[COMPUTER] Ponder g8h6 -> e5f7 (42497ms total)
[Matchmaking] 0 idle computers, 0 active offers, 1 available players
[COMPUTER] Ponder g8h6 -> e5f7 (42701ms total)
[COMPUTER] Ponder g8h6 -> e6d5 (42916ms total)
[COMPUTER] Ponder c7c6 -> e6f7 (4979ms total)
[COMPUTER] Ponder g8h6 -> e6f7 (43126ms total)
[COMPUTER] Ponder a7a6 -> e6f7 (10965ms total)
[Matchmaking] 0 idle computers, 0 active offers, 1 available players
[DEBUG_MOVE] Turn switch: isWhiteTurn=false, whiteType=computer, blackType=computer
[DEBUG_MOVE] nextPlayerType=computer, computerExists=true, isGameOver=false
[DEBUG_MOVE] computerPlayers.white=true, computerPlayers.black=true
[DEBUG_MOVE] Triggering computer move! Retry: 0
[COMPUTER] Scheduling move for Black in 0ms
[COMPUTER] Time check - Game clock: 566553ms, Tournament: 416960ms
[COMPUTER] Using tournament time (416960ms) instead of game clock (566553ms)
[COMPUTER] Level -1: Using game's getLegalMoves, found 20 moves
[COMPUTER] Level -1: Selected move c4c3, thinking for 4334ms
[COMPUTER] Ponder g8h6 -> e5f7 (43339ms total)
[COMPUTER] Ponder g8h6 -> e5f7 (43557ms total)
[COMPUTER] Ponder g8h6 -> f5f6 (43773ms total)
[COMPUTER] Time check - Game clock: 38005ms, Tournament: 416336ms
[SimpleEngine] getLegalMovesForBoard: found 24 moves for Black from board:
[SimpleEngine] getLegalMovesForBoard: found 34 moves for White from board:
[SimpleEngine] getLegalMovesForBoard: found 35 moves for White from board:
[SimpleEngine] getLegalMovesForBoard: found 31 moves for White from board:
[SimpleEngine] getLegalMovesForBoard: found 35 moves for White from board:
[SimpleEngine] getLegalMovesForBoard: found 37 moves for White from board:
[SimpleEngine] getLegalMovesForBoard: found 36 moves for White from board:
[SimpleEngine] getLegalMovesForBoard: found 33 moves for White from board:
[SimpleEngine] getLegalMovesForBoard: found 35 moves for White from board:
[SimpleEngine] getLegalMovesForBoard: found 34 moves for White from board:
[SimpleEngine] getLegalMovesForBoard: found 34 moves for White from board:
[SimpleEngine] getLegalMovesForBoard: found 35 moves for White from board:
[SimpleEngine] getLegalMovesForBoard: found 34 moves for White from board:
[SimpleEngine] getLegalMovesForBoard: found 37 moves for White from board:
[SimpleEngine] getLegalMovesForBoard: found 34 moves for White from board:
[SimpleEngine] getLegalMovesForBoard: found 37 moves for White from board:
[SimpleEngine] getLegalMovesForBoard: found 33 moves for White from board:
[SimpleEngine] getLegalMovesForBoard: found 34 moves for White from board:
[SimpleEngine] getLegalMovesForBoard: found 34 moves for White from board:
[SimpleEngine] getLegalMovesForBoard: found 37 moves for White from board:
[SimpleEngine] getLegalMovesForBoard: found 35 moves for White from board:
[SimpleEngine] getLegalMovesForBoard: found 34 moves for White from board:
[SimpleEngine] getLegalMovesForBoard: found 34 moves for White from board:
[SimpleEngine] getLegalMovesForBoard: found 35 moves for White from board:
[SimpleEngine] getLegalMovesForBoard: found 34 moves for White from board:
[COMPUTER] Level -0.5 (minimax), calc took 12ms, waiting 600ms (50x)
[COMPUTER] Ponder g8h6 -> e6b6 (43983ms total)
[COMPUTER] Ponder a7a6 -> e6f7 (11182ms total)
[COMPUTER] Ponder g8h6 -> e5f7 (44186ms total)
[COMPUTER] Level -0.5: Move a5a4 failed unexpectedly: Move would leave king in check
[DEBUG_MOVE] Triggering computer move! Retry: 29
[COMPUTER] Scheduling move for Black in 2000ms
[COMPUTER] Ponder g8h6 -> f5f6 (44400ms total)
[COMPUTER] Ponder c7c5 -> e6f7 (2984ms total)
[Matchmaking] 0 idle computers, 0 active offers, 1 available players
[COMPUTER] Ponder g8h6 -> e5f7 (44615ms total)
[COMPUTER] Ponder g8h6 -> e5f7 (44818ms total)
[COMPUTER] Ponder a7a6 -> e6f7 (11398ms total)
[COMPUTER] Ponder g8h6 -> f5f6 (45033ms total)
[COMPUTER] Ponder c7c6 -> e6f7 (5194ms total)
[Matchmaking] 0 idle computers, 0 active offers, 1 available players
[COMPUTER] Ponder g8h6 -> e5f7 (45236ms total)
[COMPUTER] Time check - Game clock: 38005ms, Tournament: 413714ms
[SimpleEngine] getLegalMovesForBoard: found 24 moves for Black from board:
[SimpleEngine] getLegalMovesForBoard: found 34 moves for White from board:
[SimpleEngine] getLegalMovesForBoard: found 37 moves for White from board:
[SimpleEngine] getLegalMovesForBoard: found 34 moves for White from board:
[SimpleEngine] getLegalMovesForBoard: found 37 moves for White from board:
[SimpleEngine] getLegalMovesForBoard: found 37 moves for White from board:
[SimpleEngine] getLegalMovesForBoard: found 34 moves for White from board:
[SimpleEngine] getLegalMovesForBoard: found 34 moves for White from board:
[SimpleEngine] getLegalMovesForBoard: found 35 moves for White from board:
[SimpleEngine] getLegalMovesForBoard: found 34 moves for White from board:
[SimpleEngine] getLegalMovesForBoard: found 31 moves for White from board:
[SimpleEngine] getLegalMovesForBoard: found 35 moves for White from board:
[SimpleEngine] getLegalMovesForBoard: found 34 moves for White from board:
[SimpleEngine] getLegalMovesForBoard: found 35 moves for White from board:
[SimpleEngine] getLegalMovesForBoard: found 34 moves for White from board:
[SimpleEngine] getLegalMovesForBoard: found 35 moves for White from board:
[SimpleEngine] getLegalMovesForBoard: found 36 moves for White from board:
[SimpleEngine] getLegalMovesForBoard: found 35 moves for White from board:
[SimpleEngine] getLegalMovesForBoard: found 35 moves for White from board:
[SimpleEngine] getLegalMovesForBoard: found 34 moves for White from board:
[SimpleEngine] getLegalMovesForBoard: found 33 moves for White from board:
[SimpleEngine] getLegalMovesForBoard: found 37 moves for White from board:
[SimpleEngine] getLegalMovesForBoard: found 34 moves for White from board:
[SimpleEngine] getLegalMovesForBoard: found 34 moves for White from board:
[SimpleEngine] getLegalMovesForBoard: found 33 moves for White from board:
[COMPUTER] Level -0.5 (minimax), calc took 18ms, waiting 900ms (50x)
[COMPUTER] Ponder d7e6 -> f5f6 (1486ms total)
[COMPUTER] Ponder g8h6 -> e5f7 (45440ms total)
[COMPUTER] Ponder g8h6 -> e5f7 (45642ms total)
[COMPUTER] Ponder a7a6 -> e6f7 (11605ms total)
[COMPUTER] Ponder g8h6 -> e6d5 (45845ms total)
[COMPUTER] Level -0.5: Move a5a4 failed unexpectedly: Move would leave king in check
[DEBUG_MOVE] Triggering computer move! Retry: 30
[COMPUTER] Scheduling move for Black in 2000ms
[DEBUG_MOVE] Turn switch: isWhiteTurn=true, whiteType=computer, blackType=computer
[DEBUG_MOVE] nextPlayerType=computer, computerExists=true, isGameOver=false
[DEBUG_MOVE] computerPlayers.white=true, computerPlayers.black=true
[DEBUG_MOVE] Triggering computer move! Retry: 0
[COMPUTER] Scheduling move for White in 0ms
[COMPUTER] Time check - Game clock: 522948ms, Tournament: 412621ms
[COMPUTER] Using tournament time (412621ms) instead of game clock (522948ms)
[COMPUTER] Level 0: Using game's getLegalMoves, found 25 moves
[COMPUTER] Level 0: Selected move e2e1, thinking for 8250ms
[COMPUTER] Ponder g8h6 -> e6b6 (46047ms total)
[COMPUTER] Ponder d7d6 -> e6f7 (2053ms total)
[COMPUTER] Ponder g8h6 -> e5f7 (46257ms total)
[COMPUTER] Ponder g8h6 -> e6d5 (46467ms total)
[COMPUTER] Ponder a7a6 -> e6f7 (11815ms total)
[COMPUTER] Ponder g8h6 -> f5f6 (46680ms total)
[COMPUTER] Ponder g8h6 -> e5f7 (46887ms total)
[Matchmaking] 0 idle computers, 0 active offers, 1 available players
[COMPUTER] Ponder c7c6 -> e6f7 (5400ms total)
[COMPUTER] Ponder g8h6 -> e6b6 (47092ms total)
[COMPUTER] Time check - Game clock: 38005ms, Tournament: 410794ms
[SimpleEngine] getLegalMovesForBoard: found 24 moves for Black from board:
[SimpleEngine] getLegalMovesForBoard: found 34 moves for White from board:
[SimpleEngine] getLegalMovesForBoard: found 34 moves for White from board:
[SimpleEngine] getLegalMovesForBoard: found 35 moves for White from board:
[SimpleEngine] getLegalMovesForBoard: found 33 moves for White from board:
[SimpleEngine] getLegalMovesForBoard: found 37 moves for White from board:
[SimpleEngine] getLegalMovesForBoard: found 35 moves for White from board:
[SimpleEngine] getLegalMovesForBoard: found 35 moves for White from board:
[SimpleEngine] getLegalMovesForBoard: found 36 moves for White from board:
[SimpleEngine] getLegalMovesForBoard: found 35 moves for White from board:
[SimpleEngine] getLegalMovesForBoard: found 34 moves for White from board:
[SimpleEngine] getLegalMovesForBoard: found 31 moves for White from board:
[SimpleEngine] getLegalMovesForBoard: found 35 moves for White from board:
[SimpleEngine] getLegalMovesForBoard: found 34 moves for White from board:
[SimpleEngine] getLegalMovesForBoard: found 34 moves for White from board:
[SimpleEngine] getLegalMovesForBoard: found 37 moves for White from board:
[SimpleEngine] getLegalMovesForBoard: found 37 moves for White from board:
[SimpleEngine] getLegalMovesForBoard: found 34 moves for White from board:
[SimpleEngine] getLegalMovesForBoard: found 33 moves for White from board:
[SimpleEngine] getLegalMovesForBoard: found 34 moves for White from board:
[SimpleEngine] getLegalMovesForBoard: found 34 moves for White from board:
[SimpleEngine] getLegalMovesForBoard: found 34 moves for White from board:
[SimpleEngine] getLegalMovesForBoard: found 37 moves for White from board:
[SimpleEngine] getLegalMovesForBoard: found 35 moves for White from board:
[SimpleEngine] getLegalMovesForBoard: found 34 moves for White from board:
[COMPUTER] Level -0.5 (minimax), calc took 18ms, waiting 900ms (50x)
[COMPUTER] Ponder g8h6 -> e6f6 (47299ms total)
[COMPUTER] Ponder a7a6 -> e6f7 (12031ms total)
[COMPUTER] Ponder g8h6 -> e6d5 (47523ms total)
[COMPUTER] Ponder g8h6 -> e5f7 (47733ms total)
[COMPUTER] Level -0.5: Move a5a4 failed unexpectedly: Move would leave king in check
[DEBUG_MOVE] Triggering computer move! Retry: 31
[COMPUTER] Scheduling move for Black in 2000ms
[COMPUTER] Ponder g8h6 -> e5f7 (47941ms total)
[COMPUTER] Ponder c7c5 -> e6f7 (3194ms total)
[COMPUTER] Ponder g8h6 -> f5f6 (48162ms total)
[COMPUTER] Ponder a7a6 -> e6f7 (12243ms total)
[COMPUTER] Ponder g8h6 -> f5f6 (48375ms total)
[COMPUTER] Ponder g8h6 -> e5d7 (48584ms total)
[COMPUTER] Ponder g8h6 -> e5f7 (48788ms total)
[COMPUTER] Ponder c7c6 -> e6f7 (5617ms total)
[COMPUTER] Ponder g8h6 -> e6d5 (48999ms total)
[COMPUTER] Time check - Game clock: 38005ms, Tournament: 407875ms
[SimpleEngine] getLegalMovesForBoard: found 24 moves for Black from board:
[SimpleEngine] getLegalMovesForBoard: found 37 moves for White from board:
[SimpleEngine] getLegalMovesForBoard: found 34 moves for White from board:
[SimpleEngine] getLegalMovesForBoard: found 33 moves for White from board:
[SimpleEngine] getLegalMovesForBoard: found 34 moves for White from board:
[SimpleEngine] getLegalMovesForBoard: found 35 moves for White from board:
[SimpleEngine] getLegalMovesForBoard: found 36 moves for White from board:
[SimpleEngine] getLegalMovesForBoard: found 37 moves for White from board:
[SimpleEngine] getLegalMovesForBoard: found 34 moves for White from board:
[SimpleEngine] getLegalMovesForBoard: found 35 moves for White from board:
[SimpleEngine] getLegalMovesForBoard: found 34 moves for White from board:
[SimpleEngine] getLegalMovesForBoard: found 37 moves for White from board:
[SimpleEngine] getLegalMovesForBoard: found 34 moves for White from board:
[SimpleEngine] getLegalMovesForBoard: found 34 moves for White from board:
[SimpleEngine] getLegalMovesForBoard: found 35 moves for White from board:
[SimpleEngine] getLegalMovesForBoard: found 34 moves for White from board:
[SimpleEngine] getLegalMovesForBoard: found 35 moves for White from board:
[SimpleEngine] getLegalMovesForBoard: found 31 moves for White from board:
[SimpleEngine] getLegalMovesForBoard: found 35 moves for White from board:
[SimpleEngine] getLegalMovesForBoard: found 37 moves for White from board:
[SimpleEngine] getLegalMovesForBoard: found 34 moves for White from board:
[SimpleEngine] getLegalMovesForBoard: found 34 moves for White from board:
[SimpleEngine] getLegalMovesForBoard: found 33 moves for White from board:
[SimpleEngine] getLegalMovesForBoard: found 34 moves for White from board:
[SimpleEngine] getLegalMovesForBoard: found 35 moves for White from board:
[COMPUTER] Level -0.5 (minimax), calc took 12ms, waiting 600ms (50x)
[COMPUTER] Ponder a7a6 -> e6f7 (12450ms total)
[COMPUTER] Ponder g8h6 -> e5f7 (49207ms total)
[COMPUTER] Ponder g8h6 -> e6d5 (49414ms total)
[COMPUTER] Level -0.5: Move a5a4 failed unexpectedly: Move would leave king in check
[DEBUG_MOVE] Triggering computer move! Retry: 32
[COMPUTER] Scheduling move for Black in 2000ms
[Matchmaking] 0 idle computers, 0 active offers, 1 available players
[COMPUTER] Ponder g8h6 -> f5f6 (49633ms total)
[COMPUTER] Ponder g8h6 -> e6b6 (49842ms total)
[COMPUTER] Ponder a7a6 -> e6f7 (12655ms total)
[COMPUTER] Ponder g8h6 -> e5f7 (50058ms total)
[COMPUTER] Ponder g8h6 -> f5f6 (50264ms total)
[COMPUTER] Ponder g8h6 -> e5f7 (50486ms total)
[COMPUTER] Ponder g8h6 -> e6d5 (50699ms total)
[COMPUTER] Ponder c7c6 -> e6f7 (5827ms total)
[COMPUTER] Ponder a7a6 -> e6f7 (12872ms total)
[COMPUTER] Time check - Game clock: 38005ms, Tournament: 405260ms
[SimpleEngine] getLegalMovesForBoard: found 24 moves for Black from board:
[SimpleEngine] getLegalMovesForBoard: found 34 moves for White from board:
[SimpleEngine] getLegalMovesForBoard: found 36 moves for White from board:
[SimpleEngine] getLegalMovesForBoard: found 35 moves for White from board:
[SimpleEngine] getLegalMovesForBoard: found 37 moves for White from board:
[SimpleEngine] getLegalMovesForBoard: found 34 moves for White from board:
[SimpleEngine] getLegalMovesForBoard: found 37 moves for White from board:
[SimpleEngine] getLegalMovesForBoard: found 35 moves for White from board:
[SimpleEngine] getLegalMovesForBoard: found 33 moves for White from board:
[SimpleEngine] getLegalMovesForBoard: found 34 moves for White from board:
[SimpleEngine] getLegalMovesForBoard: found 35 moves for White from board:
[SimpleEngine] getLegalMovesForBoard: found 37 moves for White from board:
[SimpleEngine] getLegalMovesForBoard: found 35 moves for White from board:
[SimpleEngine] getLegalMovesForBoard: found 34 moves for White from board:
[SimpleEngine] getLegalMovesForBoard: found 35 moves for White from board:
[SimpleEngine] getLegalMovesForBoard: found 34 moves for White from board:
[SimpleEngine] getLegalMovesForBoard: found 34 moves for White from board:
[SimpleEngine] getLegalMovesForBoard: found 34 moves for White from board:
[SimpleEngine] getLegalMovesForBoard: found 35 moves for White from board:
[SimpleEngine] getLegalMovesForBoard: found 34 moves for White from board:
[SimpleEngine] getLegalMovesForBoard: found 37 moves for White from board:
[SimpleEngine] getLegalMovesForBoard: found 31 moves for White from board:
[SimpleEngine] getLegalMovesForBoard: found 34 moves for White from board:
[SimpleEngine] getLegalMovesForBoard: found 33 moves for White from board:
[SimpleEngine] getLegalMovesForBoard: found 34 moves for White from board:
[COMPUTER] Level -0.5 (minimax), calc took 10ms, waiting 500ms (50x)
[Matchmaking] 0 idle computers, 0 active offers, 1 available players
[COMPUTER] Ponder g8h6 -> f5f6 (50904ms total)
[COMPUTER] Ponder g8h6 -> e6b6 (51107ms total)
[COMPUTER] Level -0.5: Move a5a4 failed unexpectedly: Move would leave king in check
[DEBUG_MOVE] Triggering computer move! Retry: 33
[COMPUTER] Scheduling move for Black in 2000ms
[COMPUTER] Ponder g8h6 -> f5f6 (51312ms total)
[COMPUTER] Ponder c7c5 -> e6f7 (3400ms total)
[DEBUG_MOVE] Turn switch: isWhiteTurn=false, whiteType=computer, blackType=computer
[DEBUG_MOVE] nextPlayerType=computer, computerExists=true, isGameOver=false
[DEBUG_MOVE] computerPlayers.white=true, computerPlayers.black=true
[DEBUG_MOVE] Triggering computer move! Retry: 0
[COMPUTER] Scheduling move for Black in 0ms
[COMPUTER] Time check - Game clock: 562215ms, Tournament: 404368ms
[COMPUTER] Using tournament time (404368ms) instead of game clock (562215ms)
[COMPUTER] Level -1: Using game's getLegalMoves, found 20 moves
[COMPUTER] Level -1: Selected move f5f4, thinking for 4234ms
[COMPUTER] Ponder g8h6 -> e5f7 (51518ms total)
[COMPUTER] Ponder d7d6 -> e6f7 (2258ms total)
[COMPUTER] Ponder a7a6 -> e6f7 (13081ms total)
[COMPUTER] Ponder g8h6 -> e5f7 (51721ms total)
[COMPUTER] Ponder f7e6 -> e5d7 (1259ms total)
[COMPUTER] Ponder g8h6 -> e5f7 (51926ms total)
[COMPUTER] Ponder g8h6 -> e6f7 (52145ms total)
[COMPUTER] Time check - Game clock: 38005ms, Tournament: 402748ms
[SimpleEngine] getLegalMovesForBoard: found 24 moves for Black from board:
[SimpleEngine] getLegalMovesForBoard: found 37 moves for White from board:
[SimpleEngine] getLegalMovesForBoard: found 31 moves for White from board:
[SimpleEngine] getLegalMovesForBoard: found 34 moves for White from board:
[SimpleEngine] getLegalMovesForBoard: found 34 moves for White from board:
[SimpleEngine] getLegalMovesForBoard: found 37 moves for White from board:
[SimpleEngine] getLegalMovesForBoard: found 34 moves for White from board:
[SimpleEngine] getLegalMovesForBoard: found 34 moves for White from board:
[SimpleEngine] getLegalMovesForBoard: found 35 moves for White from board:
[SimpleEngine] getLegalMovesForBoard: found 34 moves for White from board:
[SimpleEngine] getLegalMovesForBoard: found 33 moves for White from board:
[SimpleEngine] getLegalMovesForBoard: found 34 moves for White from board:
[SimpleEngine] getLegalMovesForBoard: found 37 moves for White from board:
[SimpleEngine] getLegalMovesForBoard: found 35 moves for White from board:
[SimpleEngine] getLegalMovesForBoard: found 35 moves for White from board:
[SimpleEngine] getLegalMovesForBoard: found 35 moves for White from board:
[SimpleEngine] getLegalMovesForBoard: found 37 moves for White from board:
[SimpleEngine] getLegalMovesForBoard: found 34 moves for White from board:
[SimpleEngine] getLegalMovesForBoard: found 33 moves for White from board:
[SimpleEngine] getLegalMovesForBoard: found 36 moves for White from board:
[SimpleEngine] getLegalMovesForBoard: found 34 moves for White from board:
[SimpleEngine] getLegalMovesForBoard: found 35 moves for White from board:
[SimpleEngine] getLegalMovesForBoard: found 34 moves for White from board:
[SimpleEngine] getLegalMovesForBoard: found 34 moves for White from board:
[SimpleEngine] getLegalMovesForBoard: found 35 moves for White from board:
[COMPUTER] Level -0.5 (minimax), calc took 12ms, waiting 600ms (50x)
[COMPUTER] Ponder g8h6 -> e5f7 (52356ms total)
[COMPUTER] Ponder a7a6 -> e6f7 (13288ms total)
[COMPUTER] Ponder g8h6 -> e5f7 (52568ms total)
[COMPUTER] Level -0.5: Move a5a4 failed unexpectedly: Move would leave king in check
[DEBUG_MOVE] Triggering computer move! Retry: 34
[COMPUTER] Scheduling move for Black in 2000ms
[COMPUTER] Ponder c7c6 -> e6f7 (6035ms total)
[COMPUTER] Ponder g8h6 -> e5d7 (52793ms total)
[COMPUTER] Ponder g8h6 -> f5f6 (52997ms total)
[COMPUTER] Ponder g8h6 -> e5f7 (53205ms total)
[COMPUTER] Ponder a7a6 -> e6f7 (13490ms total)
[MONITOR] Running: true, Remaining: 6.7m, ActiveGames: 2, Offers: 0
[Matchmaking] 0 idle computers, 0 active offers, 1 available players
[COMPUTER] Ponder g8h6 -> e5f7 (53410ms total)
[COMPUTER] Ponder g8h6 -> f5f6 (53619ms total)
[COMPUTER] Ponder g7g6 -> e6f7 (1047ms total)
[COMPUTER] Ponder d7e6 -> f5f6 (1693ms total)
[COMPUTER] Time check - Game clock: 38005ms, Tournament: 400133ms
[SimpleEngine] getLegalMovesForBoard: found 24 moves for Black from board:
[SimpleEngine] getLegalMovesForBoard: found 34 moves for White from board:
[SimpleEngine] getLegalMovesForBoard: found 34 moves for White from board:
[SimpleEngine] getLegalMovesForBoard: found 34 moves for White from board:
[SimpleEngine] getLegalMovesForBoard: found 35 moves for White from board:
[SimpleEngine] getLegalMovesForBoard: found 33 moves for White from board:
[SimpleEngine] getLegalMovesForBoard: found 35 moves for White from board:
[SimpleEngine] getLegalMovesForBoard: found 34 moves for White from board:
[SimpleEngine] getLegalMovesForBoard: found 35 moves for White from board:
[SimpleEngine] getLegalMovesForBoard: found 33 moves for White from board:
[SimpleEngine] getLegalMovesForBoard: found 34 moves for White from board:
[SimpleEngine] getLegalMovesForBoard: found 31 moves for White from board:
[SimpleEngine] getLegalMovesForBoard: found 35 moves for White from board:
[SimpleEngine] getLegalMovesForBoard: found 35 moves for White from board:
[SimpleEngine] getLegalMovesForBoard: found 34 moves for White from board:
[SimpleEngine] getLegalMovesForBoard: found 34 moves for White from board:
[SimpleEngine] getLegalMovesForBoard: found 34 moves for White from board:
[SimpleEngine] getLegalMovesForBoard: found 36 moves for White from board:
[SimpleEngine] getLegalMovesForBoard: found 35 moves for White from board:
[SimpleEngine] getLegalMovesForBoard: found 34 moves for White from board:
[SimpleEngine] getLegalMovesForBoard: found 37 moves for White from board:
[SimpleEngine] getLegalMovesForBoard: found 34 moves for White from board:
[SimpleEngine] getLegalMovesForBoard: found 37 moves for White from board:
[SimpleEngine] getLegalMovesForBoard: found 37 moves for White from board:
[SimpleEngine] getLegalMovesForBoard: found 37 moves for White from board:
[COMPUTER] Level -0.5 (minimax), calc took 15ms, waiting 750ms (50x)
[DEBUG_MOVE] Turn switch: isWhiteTurn=true, whiteType=computer, blackType=computer
[DEBUG_MOVE] nextPlayerType=computer, computerExists=true, isGameOver=false
[DEBUG_MOVE] computerPlayers.white=true, computerPlayers.black=true
[DEBUG_MOVE] Triggering computer move! Retry: 0
[COMPUTER] Scheduling move for White in 0ms
[COMPUTER] Time check - Game clock: 514695ms, Tournament: 400117ms
[COMPUTER] Using tournament time (400117ms) instead of game clock (514695ms)
[COMPUTER] Level 0: Using game's getLegalMoves, found 27 moves
[COMPUTER] Level 0: Selected move b2b4, thinking for 8000ms
[Matchmaking] 0 idle computers, 0 active offers, 1 available players
[COMPUTER] Ponder g8h6 -> e6b6 (53825ms total)
[COMPUTER] Ponder g8h6 -> e6f6 (54028ms total)
[COMPUTER] Ponder a7a6 -> e6f7 (13704ms total)
[COMPUTER] Level -0.5: Move a5a4 failed unexpectedly: Move would leave king in check
[DEBUG_MOVE] Triggering computer move! Retry: 35
[COMPUTER] Scheduling move for Black in 2000ms
[COMPUTER] Ponder g8h6 -> e5f7 (54234ms total)
[COMPUTER] Ponder g8h6 -> e5f7 (54451ms total)
[COMPUTER] Ponder c7c6 -> e6f7 (6246ms total)
[COMPUTER] Ponder c7c5 -> e6f7 (3612ms total)
[COMPUTER] Ponder g8h6 -> e5f7 (54656ms total)
[COMPUTER] Ponder g8h6 -> e6b6 (54898ms total)
[COMPUTER] Ponder a7a6 -> e6f7 (13910ms total)
[COMPUTER] Ponder g8h6 -> e5f7 (55107ms total)
[COMPUTER] Ponder g8h6 -> f5f6 (55312ms total)
[COMPUTER] Time check - Game clock: 38005ms, Tournament: 397365ms
[SimpleEngine] getLegalMovesForBoard: found 24 moves for Black from board:
[SimpleEngine] getLegalMovesForBoard: found 37 moves for White from board:
[SimpleEngine] getLegalMovesForBoard: found 34 moves for White from board:
[SimpleEngine] getLegalMovesForBoard: found 34 moves for White from board:
[SimpleEngine] getLegalMovesForBoard: found 34 moves for White from board:
[SimpleEngine] getLegalMovesForBoard: found 35 moves for White from board:
[SimpleEngine] getLegalMovesForBoard: found 34 moves for White from board:
[SimpleEngine] getLegalMovesForBoard: found 34 moves for White from board:
[SimpleEngine] getLegalMovesForBoard: found 34 moves for White from board:
[SimpleEngine] getLegalMovesForBoard: found 34 moves for White from board:
[SimpleEngine] getLegalMovesForBoard: found 35 moves for White from board:
[SimpleEngine] getLegalMovesForBoard: found 35 moves for White from board:
[SimpleEngine] getLegalMovesForBoard: found 37 moves for White from board:
[SimpleEngine] getLegalMovesForBoard: found 31 moves for White from board:
[SimpleEngine] getLegalMovesForBoard: found 35 moves for White from board:
[SimpleEngine] getLegalMovesForBoard: found 37 moves for White from board:
[SimpleEngine] getLegalMovesForBoard: found 33 moves for White from board:
[SimpleEngine] getLegalMovesForBoard: found 34 moves for White from board:
[SimpleEngine] getLegalMovesForBoard: found 35 moves for White from board:
[SimpleEngine] getLegalMovesForBoard: found 34 moves for White from board:
[SimpleEngine] getLegalMovesForBoard: found 35 moves for White from board:
[SimpleEngine] getLegalMovesForBoard: found 36 moves for White from board:
[SimpleEngine] getLegalMovesForBoard: found 33 moves for White from board:
[SimpleEngine] getLegalMovesForBoard: found 34 moves for White from board:
[SimpleEngine] getLegalMovesForBoard: found 37 moves for White from board:
[COMPUTER] Level -0.5 (minimax), calc took 16ms, waiting 800ms (50x)
[COMPUTER] Ponder g8h6 -> e5f7 (55518ms total)
[COMPUTER] Ponder g8h6 -> e5f7 (55725ms total)
[COMPUTER] Ponder a7a6 -> e6f7 (14122ms total)
[COMPUTER] Ponder g8h6 -> e5f7 (55941ms total)
[COMPUTER] Level -0.5: Move a5a4 failed unexpectedly: Move would leave king in check
[DEBUG_MOVE] Triggering computer move! Retry: 36
[COMPUTER] Scheduling move for Black in 2000ms
[COMPUTER] Ponder g8h6 -> f5f6 (56155ms total)
[COMPUTER] Ponder g8h6 -> e5d7 (56356ms total)
[COMPUTER] Ponder c7c6 -> e6f7 (6464ms total)
[COMPUTER] Ponder g8h6 -> e5f7 (56563ms total)
[COMPUTER] Ponder d7d6 -> e6f7 (2471ms total)
[COMPUTER] Ponder a7a6 -> e6f7 (14333ms total)
[COMPUTER] Ponder g8h6 -> f5f6 (56773ms total)
[COMPUTER] Ponder g8h6 -> e5f7 (56981ms total)
[COMPUTER] Ponder g8h6 -> f5f6 (57195ms total)
[COMPUTER] Time check - Game clock: 38005ms, Tournament: 394546ms
[SimpleEngine] getLegalMovesForBoard: found 24 moves for Black from board:
[SimpleEngine] getLegalMovesForBoard: found 34 moves for White from board:
[SimpleEngine] getLegalMovesForBoard: found 34 moves for White from board:
[SimpleEngine] getLegalMovesForBoard: found 35 moves for White from board:
[SimpleEngine] getLegalMovesForBoard: found 33 moves for White from board:
[SimpleEngine] getLegalMovesForBoard: found 34 moves for White from board:
[SimpleEngine] getLegalMovesForBoard: found 37 moves for White from board:
[SimpleEngine] getLegalMovesForBoard: found 36 moves for White from board:
[SimpleEngine] getLegalMovesForBoard: found 37 moves for White from board:
[SimpleEngine] getLegalMovesForBoard: found 34 moves for White from board:
[SimpleEngine] getLegalMovesForBoard: found 34 moves for White from board:
[SimpleEngine] getLegalMovesForBoard: found 37 moves for White from board:
[SimpleEngine] getLegalMovesForBoard: found 33 moves for White from board:
[SimpleEngine] getLegalMovesForBoard: found 34 moves for White from board:
[SimpleEngine] getLegalMovesForBoard: found 35 moves for White from board:
[SimpleEngine] getLegalMovesForBoard: found 35 moves for White from board:
[SimpleEngine] getLegalMovesForBoard: found 34 moves for White from board:
[SimpleEngine] getLegalMovesForBoard: found 37 moves for White from board:
[SimpleEngine] getLegalMovesForBoard: found 34 moves for White from board:
[SimpleEngine] getLegalMovesForBoard: found 35 moves for White from board:
[SimpleEngine] getLegalMovesForBoard: found 35 moves for White from board:
[SimpleEngine] getLegalMovesForBoard: found 34 moves for White from board:
[SimpleEngine] getLegalMovesForBoard: found 35 moves for White from board:
[SimpleEngine] getLegalMovesForBoard: found 31 moves for White from board:
[SimpleEngine] getLegalMovesForBoard: found 34 moves for White from board:
[COMPUTER] Level -0.5 (minimax), calc took 16ms, waiting 800ms (50x)
[COMPUTER] Ponder g8h6 -> e6b6 (57410ms total)
[COMPUTER] Ponder a7a6 -> e6f7 (14545ms total)
[COMPUTER] Ponder g8h6 -> e6b6 (57613ms total)
[COMPUTER] Ponder g8h6 -> e5f7 (57827ms total)
[COMPUTER] Level -0.5: Move a5a4 failed unexpectedly: Move would leave king in check
[DEBUG_MOVE] Triggering computer move! Retry: 37
[COMPUTER] Scheduling move for Black in 2000ms
[COMPUTER] Ponder c7c5 -> e6f7 (3846ms total)
[COMPUTER] Ponder g8h6 -> e5f7 (58039ms total)
[COMPUTER] Ponder g8h6 -> f5f6 (58245ms total)
[COMPUTER] Ponder a7a6 -> e6f7 (14765ms total)
[COMPUTER] Ponder c7c6 -> e6f7 (6674ms total)
[COMPUTER] Ponder g8h6 -> e5f7 (58455ms total)
[COMPUTER] Ponder g8h6 -> e6f6 (58666ms total)
[DEBUG_MOVE] Turn switch: isWhiteTurn=false, whiteType=computer, blackType=computer
[DEBUG_MOVE] nextPlayerType=computer, computerExists=true, isGameOver=false
[DEBUG_MOVE] computerPlayers.white=true, computerPlayers.black=true
[DEBUG_MOVE] Triggering computer move! Retry: 0
[COMPUTER] Scheduling move for Black in 0ms
[COMPUTER] Time check - Game clock: 557964ms, Tournament: 392115ms
[COMPUTER] Using tournament time (392115ms) instead of game clock (557964ms)
[COMPUTER] Level -1: Using game's getLegalMoves, found 19 moves
[COMPUTER] Level -1: Selected move d8c7, thinking for 4136ms
[Matchmaking] 0 idle computers, 0 active offers, 1 available players
[COMPUTER] Ponder g8h6 -> e6b6 (58877ms total)
[COMPUTER] Ponder g8h6 -> e5d7 (59091ms total)
[COMPUTER] Time check - Game clock: 38005ms, Tournament: 391727ms
[SimpleEngine] getLegalMovesForBoard: found 24 moves for Black from board:
[SimpleEngine] getLegalMovesForBoard: found 34 moves for White from board:
[SimpleEngine] getLegalMovesForBoard: found 31 moves for White from board:
[SimpleEngine] getLegalMovesForBoard: found 37 moves for White from board:
[SimpleEngine] getLegalMovesForBoard: found 36 moves for White from board:
[SimpleEngine] getLegalMovesForBoard: found 34 moves for White from board:
[SimpleEngine] getLegalMovesForBoard: found 37 moves for White from board:
[SimpleEngine] getLegalMovesForBoard: found 34 moves for White from board:
[SimpleEngine] getLegalMovesForBoard: found 34 moves for White from board:
[SimpleEngine] getLegalMovesForBoard: found 34 moves for White from board:
[SimpleEngine] getLegalMovesForBoard: found 35 moves for White from board:
[SimpleEngine] getLegalMovesForBoard: found 37 moves for White from board:
[SimpleEngine] getLegalMovesForBoard: found 34 moves for White from board:
[SimpleEngine] getLegalMovesForBoard: found 35 moves for White from board:
[SimpleEngine] getLegalMovesForBoard: found 35 moves for White from board:
[SimpleEngine] getLegalMovesForBoard: found 35 moves for White from board:
[SimpleEngine] getLegalMovesForBoard: found 34 moves for White from board:
[SimpleEngine] getLegalMovesForBoard: found 33 moves for White from board:
[SimpleEngine] getLegalMovesForBoard: found 34 moves for White from board:
[SimpleEngine] getLegalMovesForBoard: found 37 moves for White from board:
[SimpleEngine] getLegalMovesForBoard: found 35 moves for White from board:
[SimpleEngine] getLegalMovesForBoard: found 33 moves for White from board:
[SimpleEngine] getLegalMovesForBoard: found 35 moves for White from board:
[SimpleEngine] getLegalMovesForBoard: found 34 moves for White from board:
[SimpleEngine] getLegalMovesForBoard: found 34 moves for White from board:
[COMPUTER] Level -0.5 (minimax), calc took 14ms, waiting 700ms (50x)
[COMPUTER] Ponder a7a6 -> e6f7 (14972ms total)
[COMPUTER] Ponder g8h6 -> f5f6 (59297ms total)
[COMPUTER] Ponder g8h6 -> f5f6 (59499ms total)
[COMPUTER] Level -0.5: Move a5a4 failed unexpectedly: Move would leave king in check
[DEBUG_MOVE] Triggering computer move! Retry: 38
[COMPUTER] Scheduling move for Black in 2000ms
[COMPUTER] Ponder g8h6 -> f5f6 (59768ms total)
[COMPUTER] Ponder g8h6 -> e5f7 (59994ms total)
[COMPUTER] Ponder a7a6 -> e6f7 (15233ms total)
[COMPUTER] Ponder g8h6 -> e5d7 (60211ms total)
[COMPUTER] Ponder c7c6 -> e6f7 (7009ms total)
[COMPUTER] Ponder g8h6 -> f5f6 (60424ms total)
[COMPUTER] Ponder g8h6 -> e5d7 (60641ms total)
[COMPUTER] Ponder g8h6 -> f5f6 (60849ms total)
[Matchmaking] 0 idle computers, 0 active offers, 1 available players
[COMPUTER] Time check - Game clock: 38005ms, Tournament: 389010ms
[SimpleEngine] getLegalMovesForBoard: found 24 moves for Black from board:
[SimpleEngine] getLegalMovesForBoard: found 34 moves for White from board:
[SimpleEngine] getLegalMovesForBoard: found 37 moves for White from board:
[SimpleEngine] getLegalMovesForBoard: found 33 moves for White from board:
[SimpleEngine] getLegalMovesForBoard: found 35 moves for White from board:
[SimpleEngine] getLegalMovesForBoard: found 34 moves for White from board:
[SimpleEngine] getLegalMovesForBoard: found 37 moves for White from board:
[SimpleEngine] getLegalMovesForBoard: found 34 moves for White from board:
[SimpleEngine] getLegalMovesForBoard: found 35 moves for White from board:
[SimpleEngine] getLegalMovesForBoard: found 33 moves for White from board:
[SimpleEngine] getLegalMovesForBoard: found 36 moves for White from board:
[SimpleEngine] getLegalMovesForBoard: found 35 moves for White from board:
[SimpleEngine] getLegalMovesForBoard: found 35 moves for White from board:
[SimpleEngine] getLegalMovesForBoard: found 34 moves for White from board:
[SimpleEngine] getLegalMovesForBoard: found 34 moves for White from board:
[SimpleEngine] getLegalMovesForBoard: found 31 moves for White from board:
[SimpleEngine] getLegalMovesForBoard: found 34 moves for White from board:
[SimpleEngine] getLegalMovesForBoard: found 37 moves for White from board:
[SimpleEngine] getLegalMovesForBoard: found 34 moves for White from board:
[SimpleEngine] getLegalMovesForBoard: found 37 moves for White from board:
[SimpleEngine] getLegalMovesForBoard: found 35 moves for White from board:
[SimpleEngine] getLegalMovesForBoard: found 34 moves for White from board:
[SimpleEngine] getLegalMovesForBoard: found 34 moves for White from board:
[SimpleEngine] getLegalMovesForBoard: found 34 moves for White from board:
[SimpleEngine] getLegalMovesForBoard: found 35 moves for White from board:
[COMPUTER] Level -0.5 (minimax), calc took 22ms, waiting 1100ms (50x)
[COMPUTER] Ponder g8h6 -> e6b6 (61058ms total)
[COMPUTER] Ponder a7a6 -> e6f7 (15439ms total)
[COMPUTER] Ponder d7e6 -> e5d7 (1899ms total)
[COMPUTER] Ponder g8h6 -> e6f7 (61273ms total)
[DEBUG_MOVE] Turn switch: isWhiteTurn=true, whiteType=computer, blackType=computer
[DEBUG_MOVE] nextPlayerType=computer, computerExists=true, isGameOver=false
[DEBUG_MOVE] computerPlayers.white=true, computerPlayers.black=true
[DEBUG_MOVE] Triggering computer move! Retry: 0
[COMPUTER] Scheduling move for White in 0ms
[COMPUTER] Time check - Game clock: 506692ms, Tournament: 387977ms
[COMPUTER] Using tournament time (387977ms) instead of game clock (506692ms)
[COMPUTER] Level 0: Using game's getLegalMoves, found 26 moves
[COMPUTER] Level 0: Selected move d1f3, thinking for 7755ms
[COMPUTER] Ponder g8h6 -> f5f6 (61479ms total)
[COMPUTER] Level -0.5: Move a5a4 failed unexpectedly: Move would leave king in check
[DEBUG_MOVE] Triggering computer move! Retry: 39
[COMPUTER] Scheduling move for Black in 2000ms
[COMPUTER] Ponder g8h6 -> e6d5 (61683ms total)
[COMPUTER] Ponder c7c5 -> e6f7 (4058ms total)
[COMPUTER] Ponder g8h6 -> e5f7 (61894ms total)
[COMPUTER] Ponder f7e6 -> f5g5 (1468ms total)
[COMPUTER] Ponder a7a6 -> e6f7 (15644ms total)
[COMPUTER] Ponder d7d6 -> e6f7 (2686ms total)
[COMPUTER] Ponder g8h6 -> f5f6 (62098ms total)
[COMPUTER] Ponder g8h6 -> e6b6 (62304ms total)
[COMPUTER] Ponder g8h6 -> e5f7 (62510ms total)
[COMPUTER] Time check - Game clock: 38005ms, Tournament: 385888ms
[SimpleEngine] getLegalMovesForBoard: found 24 moves for Black from board:
[SimpleEngine] getLegalMovesForBoard: found 34 moves for White from board:
[SimpleEngine] getLegalMovesForBoard: found 34 moves for White from board:
[SimpleEngine] getLegalMovesForBoard: found 34 moves for White from board:
[SimpleEngine] getLegalMovesForBoard: found 36 moves for White from board:
[SimpleEngine] getLegalMovesForBoard: found 34 moves for White from board:
[SimpleEngine] getLegalMovesForBoard: found 34 moves for White from board:
[SimpleEngine] getLegalMovesForBoard: found 37 moves for White from board:
[SimpleEngine] getLegalMovesForBoard: found 37 moves for White from board:
[SimpleEngine] getLegalMovesForBoard: found 35 moves for White from board:
[SimpleEngine] getLegalMovesForBoard: found 34 moves for White from board:
[SimpleEngine] getLegalMovesForBoard: found 37 moves for White from board:
[SimpleEngine] getLegalMovesForBoard: found 35 moves for White from board:
[SimpleEngine] getLegalMovesForBoard: found 34 moves for White from board:
[SimpleEngine] getLegalMovesForBoard: found 31 moves for White from board:
[SimpleEngine] getLegalMovesForBoard: found 33 moves for White from board:
[SimpleEngine] getLegalMovesForBoard: found 34 moves for White from board:
[SimpleEngine] getLegalMovesForBoard: found 35 moves for White from board:
[SimpleEngine] getLegalMovesForBoard: found 33 moves for White from board:
[SimpleEngine] getLegalMovesForBoard: found 34 moves for White from board:
[SimpleEngine] getLegalMovesForBoard: found 37 moves for White from board:
[SimpleEngine] getLegalMovesForBoard: found 34 moves for White from board:
[SimpleEngine] getLegalMovesForBoard: found 35 moves for White from board:
[SimpleEngine] getLegalMovesForBoard: found 35 moves for White from board:
[SimpleEngine] getLegalMovesForBoard: found 35 moves for White from board:
[COMPUTER] Level -0.5 (minimax), calc took 21ms, waiting 1050ms (50x)
[COMPUTER] Ponder g8h6 -> e6f6 (62714ms total)
[COMPUTER] Ponder a7a6 -> e6f7 (15859ms total)
[COMPUTER] Ponder g8h6 -> e5d7 (62938ms total)
[COMPUTER] Ponder g8h6 -> f5f6 (63151ms total)
[COMPUTER] Ponder c7c6 -> e6f7 (7220ms total)
[COMPUTER] Level -0.5: Move a5a4 failed unexpectedly: Move would leave king in check
[DEBUG_MOVE] Triggering computer move! Retry: 40
[COMPUTER] Scheduling move for Black in 2000ms
[COMPUTER] Ponder g8h6 -> e6b6 (63360ms total)
[COMPUTER] Ponder g8h6 -> f5f6 (63568ms total)
[COMPUTER] Ponder a7a6 -> e6f7 (16061ms total)
[Matchmaking] 0 idle computers, 0 active offers, 1 available players
[COMPUTER] Ponder g8h6 -> f5f6 (63788ms total)
[COMPUTER] Ponder g8h6 -> e5d7 (63991ms total)
[COMPUTER] Ponder g8h6 -> f5f6 (64207ms total)
[COMPUTER] Ponder g8h6 -> f5f6 (64428ms total)
[COMPUTER] Ponder a7a6 -> e6f7 (16266ms total)
[COMPUTER] Ponder g8h6 -> f5f6 (64637ms total)
[COMPUTER] Time check - Game clock: 38005ms, Tournament: 382817ms
[SimpleEngine] getLegalMovesForBoard: found 24 moves for Black from board:
[SimpleEngine] getLegalMovesForBoard: found 35 moves for White from board:
[SimpleEngine] getLegalMovesForBoard: found 37 moves for White from board:
[SimpleEngine] getLegalMovesForBoard: found 33 moves for White from board:
[SimpleEngine] getLegalMovesForBoard: found 34 moves for White from board:
[SimpleEngine] getLegalMovesForBoard: found 37 moves for White from board:
[SimpleEngine] getLegalMovesForBoard: found 36 moves for White from board:
[SimpleEngine] getLegalMovesForBoard: found 34 moves for White from board:
[SimpleEngine] getLegalMovesForBoard: found 35 moves for White from board:
[SimpleEngine] getLegalMovesForBoard: found 34 moves for White from board:
[SimpleEngine] getLegalMovesForBoard: found 35 moves for White from board:
[SimpleEngine] getLegalMovesForBoard: found 35 moves for White from board:
[SimpleEngine] getLegalMovesForBoard: found 34 moves for White from board:
[SimpleEngine] getLegalMovesForBoard: found 37 moves for White from board:
[SimpleEngine] getLegalMovesForBoard: found 33 moves for White from board:
[SimpleEngine] getLegalMovesForBoard: found 34 moves for White from board:
[SimpleEngine] getLegalMovesForBoard: found 35 moves for White from board:
[SimpleEngine] getLegalMovesForBoard: found 35 moves for White from board:
[SimpleEngine] getLegalMovesForBoard: found 34 moves for White from board:
[SimpleEngine] getLegalMovesForBoard: found 31 moves for White from board:
[SimpleEngine] getLegalMovesForBoard: found 34 moves for White from board:
[SimpleEngine] getLegalMovesForBoard: found 37 moves for White from board:
[SimpleEngine] getLegalMovesForBoard: found 34 moves for White from board:
[SimpleEngine] getLegalMovesForBoard: found 34 moves for White from board:
[SimpleEngine] getLegalMovesForBoard: found 34 moves for White from board:
[COMPUTER] Level -0.5 (minimax), calc took 12ms, waiting 600ms (50x)
[COMPUTER] Ponder g8h6 -> f5f6 (64852ms total)
[COMPUTER] Ponder g8h6 -> f5f6 (65058ms total)
[COMPUTER] Ponder c7c5 -> e6f7 (4262ms total)
[COMPUTER] Level -0.5: Move a5a4 failed unexpectedly: Move would leave king in check
[DEBUG_MOVE] Triggering computer move! Retry: 41
[COMPUTER] Scheduling move for Black in 2000ms
[COMPUTER] Ponder c7c6 -> e6f7 (7433ms total)
[COMPUTER] Ponder g8h6 -> e6f6 (65271ms total)
[COMPUTER] Ponder a7a6 -> e6f7 (16470ms total)
[COMPUTER] Ponder g8h6 -> e5f7 (65475ms total)
[COMPUTER] Ponder g8h6 -> e6b6 (65682ms total)
[COMPUTER] Ponder g8h6 -> f5f6 (65891ms total)
[COMPUTER] Ponder a7a6 -> e6f7 (16688ms total)
[COMPUTER] Ponder g8h6 -> f5f6 (66095ms total)
[COMPUTER] Ponder g8h6 -> e6b6 (66297ms total)
[DEBUG_MOVE] Turn switch: isWhiteTurn=false, whiteType=computer, blackType=computer
[DEBUG_MOVE] nextPlayerType=computer, computerExists=true, isGameOver=false
[DEBUG_MOVE] computerPlayers.white=true, computerPlayers.black=true
[DEBUG_MOVE] Triggering computer move! Retry: 0
[COMPUTER] Scheduling move for Black in 0ms
[COMPUTER] Time check - Game clock: 553827ms, Tournament: 380219ms
[COMPUTER] Using tournament time (380219ms) instead of game clock (553827ms)
[COMPUTER] Level -1: Using game's getLegalMoves, found 25 moves
[COMPUTER] Level -1: Selected move g7g5, thinking for 4040ms
[COMPUTER] Time check - Game clock: 38005ms, Tournament: 380203ms
[SimpleEngine] getLegalMovesForBoard: found 24 moves for Black from board:
[SimpleEngine] getLegalMovesForBoard: found 34 moves for White from board:
[SimpleEngine] getLegalMovesForBoard: found 34 moves for White from board:
[SimpleEngine] getLegalMovesForBoard: found 37 moves for White from board:
[SimpleEngine] getLegalMovesForBoard: found 31 moves for White from board:
[SimpleEngine] getLegalMovesForBoard: found 34 moves for White from board:
[SimpleEngine] getLegalMovesForBoard: found 34 moves for White from board:
[SimpleEngine] getLegalMovesForBoard: found 34 moves for White from board:
[SimpleEngine] getLegalMovesForBoard: found 35 moves for White from board:
[SimpleEngine] getLegalMovesForBoard: found 34 moves for White from board:
[SimpleEngine] getLegalMovesForBoard: found 34 moves for White from board:
[SimpleEngine] getLegalMovesForBoard: found 36 moves for White from board:
[SimpleEngine] getLegalMovesForBoard: found 34 moves for White from board:
[SimpleEngine] getLegalMovesForBoard: found 35 moves for White from board:
[SimpleEngine] getLegalMovesForBoard: found 37 moves for White from board:
[SimpleEngine] getLegalMovesForBoard: found 33 moves for White from board:
[SimpleEngine] getLegalMovesForBoard: found 35 moves for White from board:
[SimpleEngine] getLegalMovesForBoard: found 34 moves for White from board:
[SimpleEngine] getLegalMovesForBoard: found 35 moves for White from board:
[SimpleEngine] getLegalMovesForBoard: found 37 moves for White from board:
[SimpleEngine] getLegalMovesForBoard: found 35 moves for White from board:
[SimpleEngine] getLegalMovesForBoard: found 35 moves for White from board:
[SimpleEngine] getLegalMovesForBoard: found 34 moves for White from board:
[SimpleEngine] getLegalMovesForBoard: found 37 moves for White from board:
[SimpleEngine] getLegalMovesForBoard: found 33 moves for White from board:
[COMPUTER] Level -0.5 (minimax), calc took 12ms, waiting 600ms (50x)
[COMPUTER] Ponder g8h6 -> f5f6 (66504ms total)
[COMPUTER] Ponder g8h6 -> f5f6 (66709ms total)
[COMPUTER] Level -0.5: Move a5a4 failed unexpectedly: Move would leave king in check
[DEBUG_MOVE] Triggering computer move! Retry: 42
[COMPUTER] Scheduling move for Black in 2000ms
[COMPUTER] Ponder g8h6 -> e5f7 (66914ms total)
[COMPUTER] Ponder a7a6 -> e6f7 (16897ms total)
[COMPUTER] Ponder c7c6 -> e6f7 (7717ms total)
[COMPUTER] Ponder g8h6 -> e6f7 (67216ms total)
>>>>>>> branch 'v0.3' of https://github.com/simbaking/AIchesstournamentrepository
